gene,color,number
Tcas000006,midnightblue,1
Tcas000076,midnightblue,1
Tcas000734,midnightblue,1
Tcas001243,midnightblue,1
Tcas001179,midnightblue,1
Tcas000186,midnightblue,1
Tcas001590,midnightblue,1
Tcas000161,midnightblue,1
Tcas001069,midnightblue,1
Tcas001313,midnightblue,1
Tcas001089,midnightblue,1
Tcas000716,midnightblue,1
Tcas001641,midnightblue,1
Tcas001555,midnightblue,1
Tcas000837,midnightblue,1
Tcas000956,midnightblue,1
Tcas000650,midnightblue,1
Tcas000589,midnightblue,1
Tcas000459,midnightblue,1
Tcas000548,midnightblue,1
Tcas000321,midnightblue,1
Tcas001707,midnightblue,1
Tcas001094,midnightblue,1
Tcas001741,midnightblue,1
Tcas001743,midnightblue,1
Tcas002183,midnightblue,1
Tcas001995,midnightblue,1
Tcas002072,midnightblue,1
Tcas002095,midnightblue,1
Tcas002209,midnightblue,1
Tcas003043,midnightblue,1
Tcas003311,midnightblue,1
Tcas002884,midnightblue,1
Tcas002961,midnightblue,1
Tcas002723,midnightblue,1
Tcas003456,midnightblue,1
Tcas002639,midnightblue,1
Tcas002626,midnightblue,1
Tcas003272,midnightblue,1
Tcas002844,midnightblue,1
Tcas002694,midnightblue,1
Tcas002693,midnightblue,1
Tcas002857,midnightblue,1
Tcas003477,midnightblue,1
Tcas003298,midnightblue,1
Tcas002986,midnightblue,1
Tcas003002,midnightblue,1
Tcas003246,midnightblue,1
Tcas003335,midnightblue,1
Tcas003218,midnightblue,1
Tcas003225,midnightblue,1
Tcas003070,midnightblue,1
Tcas003597,midnightblue,1
Tcas003722,midnightblue,1
Tcas003754,midnightblue,1
Tcas003790,midnightblue,1
Tcas004643,midnightblue,1
Tcas004503,midnightblue,1
Tcas004463,midnightblue,1
Tcas004578,midnightblue,1
Tcas004157,midnightblue,1
Tcas004784,midnightblue,1
Tcas003928,midnightblue,1
Tcas004199,midnightblue,1
Tcas004191,midnightblue,1
Tcas004790,midnightblue,1
Tcas003811,midnightblue,1
Tcas003930,midnightblue,1
Tcas004315,midnightblue,1
Tcas004671,midnightblue,1
Tcas005317,midnightblue,1
Tcas005337,midnightblue,1
Tcas005338,midnightblue,1
Tcas005431,midnightblue,1
Tcas005434,midnightblue,1
Tcas005440,midnightblue,1
Tcas005452,midnightblue,1
Tcas005467,midnightblue,1
Tcas005453,midnightblue,1
Tcas006109,midnightblue,1
Tcas005569,midnightblue,1
Tcas005663,midnightblue,1
Tcas005682,midnightblue,1
Tcas005629,midnightblue,1
Tcas006135,midnightblue,1
Tcas006573,midnightblue,1
Tcas007185,midnightblue,1
Tcas007313,midnightblue,1
Tcas007399,midnightblue,1
Tcas006319,midnightblue,1
Tcas007253,midnightblue,1
Tcas006490,midnightblue,1
Tcas006787,midnightblue,1
Tcas007231,midnightblue,1
Tcas006616,midnightblue,1
Tcas007194,midnightblue,1
Tcas006731,midnightblue,1
Tcas007001,midnightblue,1
Tcas006468,midnightblue,1
Tcas006640,midnightblue,1
Tcas007217,midnightblue,1
Tcas007176,midnightblue,1
Tcas006952,midnightblue,1
Tcas007105,midnightblue,1
Tcas007501,midnightblue,1
Tcas008869,midnightblue,1
Tcas008073,midnightblue,1
Tcas007636,midnightblue,1
Tcas007954,midnightblue,1
Tcas008212,midnightblue,1
Tcas008424,midnightblue,1
Tcas008755,midnightblue,1
Tcas007995,midnightblue,1
Tcas008944,midnightblue,1
Tcas007646,midnightblue,1
Tcas007652,midnightblue,1
Tcas007835,midnightblue,1
Tcas008822,midnightblue,1
Tcas008533,midnightblue,1
Tcas008419,midnightblue,1
Tcas007816,midnightblue,1
Tcas008695,midnightblue,1
Tcas008234,midnightblue,1
Tcas008529,midnightblue,1
Tcas008109,midnightblue,1
Tcas007875,midnightblue,1
Tcas008111,midnightblue,1
Tcas007708,midnightblue,1
Tcas008334,midnightblue,1
Tcas008162,midnightblue,1
Tcas010314,midnightblue,1
Tcas009242,midnightblue,1
Tcas010500,midnightblue,1
Tcas009453,midnightblue,1
Tcas009228,midnightblue,1
Tcas009979,midnightblue,1
Tcas009648,midnightblue,1
Tcas010108,midnightblue,1
Tcas009846,midnightblue,1
Tcas009499,midnightblue,1
Tcas010271,midnightblue,1
Tcas010306,midnightblue,1
Tcas009784,midnightblue,1
Tcas010308,midnightblue,1
Tcas009218,midnightblue,1
Tcas009885,midnightblue,1
Tcas010237,midnightblue,1
Tcas009669,midnightblue,1
Tcas009143,midnightblue,1
Tcas009393,midnightblue,1
Tcas009584,midnightblue,1
Tcas010431,midnightblue,1
Tcas010411,midnightblue,1
Tcas009295,midnightblue,1
Tcas009941,midnightblue,1
Tcas010512,midnightblue,1
Tcas010586,midnightblue,1
Tcas010940,midnightblue,1
Tcas010780,midnightblue,1
Tcas010761,midnightblue,1
Tcas010774,midnightblue,1
Tcas010722,midnightblue,1
Tcas010712,midnightblue,1
Tcas010992,midnightblue,1
Tcas010807,midnightblue,1
Tcas011142,midnightblue,1
Tcas011153,midnightblue,1
Tcas011192,midnightblue,1
Tcas011242,midnightblue,1
Tcas011284,midnightblue,1
Tcas011803,midnightblue,1
Tcas011626,midnightblue,1
Tcas012475,midnightblue,1
Tcas012142,midnightblue,1
Tcas011953,midnightblue,1
Tcas011331,midnightblue,1
Tcas011845,midnightblue,1
Tcas011724,midnightblue,1
Tcas012267,midnightblue,1
Tcas012024,midnightblue,1
Tcas011368,midnightblue,1
Tcas011794,midnightblue,1
Tcas011873,midnightblue,1
Tcas011575,midnightblue,1
Tcas012398,midnightblue,1
Tcas012111,midnightblue,1
Tcas011531,midnightblue,1
Tcas012265,midnightblue,1
Tcas011759,midnightblue,1
Tcas012294,midnightblue,1
Tcas000022,lightpink4,2
Tcas000034,lightpink4,2
Tcas000077,lightpink4,2
Tcas000109,lightpink4,2
Tcas000117,lightpink4,2
Tcas001291,lightpink4,2
Tcas001392,lightpink4,2
Tcas000260,lightpink4,2
Tcas001395,lightpink4,2
Tcas001206,lightpink4,2
Tcas001412,lightpink4,2
Tcas001270,lightpink4,2
Tcas001606,lightpink4,2
Tcas001005,lightpink4,2
Tcas000887,lightpink4,2
Tcas001586,lightpink4,2
Tcas001203,lightpink4,2
Tcas000859,lightpink4,2
Tcas000601,lightpink4,2
Tcas001301,lightpink4,2
Tcas001486,lightpink4,2
Tcas001253,lightpink4,2
Tcas000171,lightpink4,2
Tcas001651,lightpink4,2
Tcas001450,lightpink4,2
Tcas000251,lightpink4,2
Tcas000965,lightpink4,2
Tcas000901,lightpink4,2
Tcas000263,lightpink4,2
Tcas000446,lightpink4,2
Tcas000436,lightpink4,2
Tcas000508,lightpink4,2
Tcas000131,lightpink4,2
Tcas000339,lightpink4,2
Tcas000922,lightpink4,2
Tcas000347,lightpink4,2
Tcas001141,lightpink4,2
Tcas000719,lightpink4,2
Tcas001627,lightpink4,2
Tcas000478,lightpink4,2
Tcas001295,lightpink4,2
Tcas001726,lightpink4,2
Tcas000383,lightpink4,2
Tcas001397,lightpink4,2
Tcas000825,lightpink4,2
Tcas000228,lightpink4,2
Tcas000324,lightpink4,2
Tcas000669,lightpink4,2
Tcas000740,lightpink4,2
Tcas001022,lightpink4,2
Tcas001350,lightpink4,2
Tcas001589,lightpink4,2
Tcas000467,lightpink4,2
Tcas000846,lightpink4,2
Tcas000929,lightpink4,2
Tcas000523,lightpink4,2
Tcas001212,lightpink4,2
Tcas000280,lightpink4,2
Tcas000313,lightpink4,2
Tcas000312,lightpink4,2
Tcas001710,lightpink4,2
Tcas001267,lightpink4,2
Tcas000180,lightpink4,2
Tcas001357,lightpink4,2
Tcas000828,lightpink4,2
Tcas000635,lightpink4,2
Tcas001236,lightpink4,2
Tcas001578,lightpink4,2
Tcas000342,lightpink4,2
Tcas000498,lightpink4,2
Tcas000764,lightpink4,2
Tcas000485,lightpink4,2
Tcas000895,lightpink4,2
Tcas000427,lightpink4,2
Tcas000458,lightpink4,2
Tcas000951,lightpink4,2
Tcas000145,lightpink4,2
Tcas000759,lightpink4,2
Tcas000986,lightpink4,2
Tcas000474,lightpink4,2
Tcas000750,lightpink4,2
Tcas001432,lightpink4,2
Tcas001311,lightpink4,2
Tcas000816,lightpink4,2
Tcas000985,lightpink4,2
Tcas001033,lightpink4,2
Tcas001226,lightpink4,2
Tcas001095,lightpink4,2
Tcas001137,lightpink4,2
Tcas000198,lightpink4,2
Tcas001147,lightpink4,2
Tcas001070,lightpink4,2
Tcas001705,lightpink4,2
Tcas001111,lightpink4,2
Tcas000393,lightpink4,2
Tcas000353,lightpink4,2
Tcas000795,lightpink4,2
Tcas000219,lightpink4,2
Tcas000773,lightpink4,2
Tcas000874,lightpink4,2
Tcas000290,lightpink4,2
Tcas000550,lightpink4,2
Tcas001074,lightpink4,2
Tcas000261,lightpink4,2
Tcas000229,lightpink4,2
Tcas001304,lightpink4,2
Tcas001292,lightpink4,2
Tcas001617,lightpink4,2
Tcas000605,lightpink4,2
Tcas000469,lightpink4,2
Tcas000807,lightpink4,2
Tcas000685,lightpink4,2
Tcas001454,lightpink4,2
Tcas000511,lightpink4,2
Tcas001596,lightpink4,2
Tcas000853,lightpink4,2
Tcas000513,lightpink4,2
Tcas001595,lightpink4,2
Tcas000309,lightpink4,2
Tcas001052,lightpink4,2
Tcas001114,lightpink4,2
Tcas000289,lightpink4,2
Tcas001404,lightpink4,2
Tcas000733,lightpink4,2
Tcas000924,lightpink4,2
Tcas001367,lightpink4,2
Tcas001041,lightpink4,2
Tcas001272,lightpink4,2
Tcas001569,lightpink4,2
Tcas001127,lightpink4,2
Tcas000133,lightpink4,2
Tcas000946,lightpink4,2
Tcas000510,lightpink4,2
Tcas000724,lightpink4,2
Tcas001770,lightpink4,2
Tcas002159,lightpink4,2
Tcas002090,lightpink4,2
Tcas002052,lightpink4,2
Tcas002226,lightpink4,2
Tcas002376,lightpink4,2
Tcas002229,lightpink4,2
Tcas002063,lightpink4,2
Tcas001789,lightpink4,2
Tcas002060,lightpink4,2
Tcas002112,lightpink4,2
Tcas002280,lightpink4,2
Tcas001850,lightpink4,2
Tcas002071,lightpink4,2
Tcas002151,lightpink4,2
Tcas001864,lightpink4,2
Tcas002022,lightpink4,2
Tcas001869,lightpink4,2
Tcas002152,lightpink4,2
Tcas002098,lightpink4,2
Tcas002397,lightpink4,2
Tcas002403,lightpink4,2
Tcas002216,lightpink4,2
Tcas002245,lightpink4,2
Tcas001817,lightpink4,2
Tcas002195,lightpink4,2
Tcas002010,lightpink4,2
Tcas002100,lightpink4,2
Tcas002344,lightpink4,2
Tcas002367,lightpink4,2
Tcas001903,lightpink4,2
Tcas002011,lightpink4,2
Tcas002246,lightpink4,2
Tcas001810,lightpink4,2
Tcas002163,lightpink4,2
Tcas001888,lightpink4,2
Tcas002326,lightpink4,2
Tcas002408,lightpink4,2
Tcas001832,lightpink4,2
Tcas001799,lightpink4,2
Tcas002301,lightpink4,2
Tcas001946,lightpink4,2
Tcas001843,lightpink4,2
Tcas001790,lightpink4,2
Tcas002360,lightpink4,2
Tcas001890,lightpink4,2
Tcas002076,lightpink4,2
Tcas002415,lightpink4,2
Tcas002135,lightpink4,2
Tcas001851,lightpink4,2
Tcas002431,lightpink4,2
Tcas003049,lightpink4,2
Tcas003526,lightpink4,2
Tcas002898,lightpink4,2
Tcas002672,lightpink4,2
Tcas002681,lightpink4,2
Tcas003591,lightpink4,2
Tcas002513,lightpink4,2
Tcas003580,lightpink4,2
Tcas002595,lightpink4,2
Tcas003105,lightpink4,2
Tcas002441,lightpink4,2
Tcas003141,lightpink4,2
Tcas002812,lightpink4,2
Tcas003321,lightpink4,2
Tcas003059,lightpink4,2
Tcas002716,lightpink4,2
Tcas003130,lightpink4,2
Tcas002598,lightpink4,2
Tcas003430,lightpink4,2
Tcas003163,lightpink4,2
Tcas003333,lightpink4,2
Tcas003378,lightpink4,2
Tcas003058,lightpink4,2
Tcas002803,lightpink4,2
Tcas003346,lightpink4,2
Tcas002459,lightpink4,2
Tcas002977,lightpink4,2
Tcas002965,lightpink4,2
Tcas002517,lightpink4,2
Tcas002792,lightpink4,2
Tcas002796,lightpink4,2
Tcas003102,lightpink4,2
Tcas002882,lightpink4,2
Tcas003211,lightpink4,2
Tcas003150,lightpink4,2
Tcas003304,lightpink4,2
Tcas002642,lightpink4,2
Tcas003408,lightpink4,2
Tcas003280,lightpink4,2
Tcas002529,lightpink4,2
Tcas003377,lightpink4,2
Tcas002985,lightpink4,2
Tcas003119,lightpink4,2
Tcas003212,lightpink4,2
Tcas003073,lightpink4,2
Tcas002607,lightpink4,2
Tcas003559,lightpink4,2
Tcas003524,lightpink4,2
Tcas002507,lightpink4,2
Tcas003271,lightpink4,2
Tcas003332,lightpink4,2
Tcas003270,lightpink4,2
Tcas003525,lightpink4,2
Tcas003433,lightpink4,2
Tcas003028,lightpink4,2
Tcas002746,lightpink4,2
Tcas003545,lightpink4,2
Tcas003200,lightpink4,2
Tcas002581,lightpink4,2
Tcas003153,lightpink4,2
Tcas003191,lightpink4,2
Tcas003151,lightpink4,2
Tcas002533,lightpink4,2
Tcas002911,lightpink4,2
Tcas003268,lightpink4,2
Tcas002535,lightpink4,2
Tcas002496,lightpink4,2
Tcas003052,lightpink4,2
Tcas003476,lightpink4,2
Tcas003113,lightpink4,2
Tcas003495,lightpink4,2
Tcas002455,lightpink4,2
Tcas002618,lightpink4,2
Tcas002576,lightpink4,2
Tcas002735,lightpink4,2
Tcas003372,lightpink4,2
Tcas002865,lightpink4,2
Tcas002766,lightpink4,2
Tcas002821,lightpink4,2
Tcas002588,lightpink4,2
Tcas003205,lightpink4,2
Tcas002861,lightpink4,2
Tcas003507,lightpink4,2
Tcas003368,lightpink4,2
Tcas002783,lightpink4,2
Tcas003369,lightpink4,2
Tcas003050,lightpink4,2
Tcas002481,lightpink4,2
Tcas003544,lightpink4,2
Tcas002807,lightpink4,2
Tcas003158,lightpink4,2
Tcas002473,lightpink4,2
Tcas003478,lightpink4,2
Tcas002631,lightpink4,2
Tcas003553,lightpink4,2
Tcas003594,lightpink4,2
Tcas003652,lightpink4,2
Tcas003645,lightpink4,2
Tcas003621,lightpink4,2
Tcas003628,lightpink4,2
Tcas003661,lightpink4,2
Tcas003667,lightpink4,2
Tcas003679,lightpink4,2
Tcas003683,lightpink4,2
Tcas003688,lightpink4,2
Tcas003700,lightpink4,2
Tcas003696,lightpink4,2
Tcas003719,lightpink4,2
Tcas003733,lightpink4,2
Tcas003761,lightpink4,2
Tcas003791,lightpink4,2
Tcas005182,lightpink4,2
Tcas003807,lightpink4,2
Tcas004532,lightpink4,2
Tcas005184,lightpink4,2
Tcas004054,lightpink4,2
Tcas005003,lightpink4,2
Tcas004539,lightpink4,2
Tcas005233,lightpink4,2
Tcas003845,lightpink4,2
Tcas003939,lightpink4,2
Tcas005145,lightpink4,2
Tcas003803,lightpink4,2
Tcas004955,lightpink4,2
Tcas004146,lightpink4,2
Tcas004997,lightpink4,2
Tcas004453,lightpink4,2
Tcas004305,lightpink4,2
Tcas003835,lightpink4,2
Tcas004625,lightpink4,2
Tcas004724,lightpink4,2
Tcas004298,lightpink4,2
Tcas005010,lightpink4,2
Tcas005038,lightpink4,2
Tcas004656,lightpink4,2
Tcas003868,lightpink4,2
Tcas004653,lightpink4,2
Tcas005260,lightpink4,2
Tcas004356,lightpink4,2
Tcas005001,lightpink4,2
Tcas004489,lightpink4,2
Tcas004733,lightpink4,2
Tcas004508,lightpink4,2
Tcas005269,lightpink4,2
Tcas005175,lightpink4,2
Tcas004025,lightpink4,2
Tcas003927,lightpink4,2
Tcas004958,lightpink4,2
Tcas004747,lightpink4,2
Tcas003955,lightpink4,2
Tcas004276,lightpink4,2
Tcas003968,lightpink4,2
Tcas004942,lightpink4,2
Tcas004877,lightpink4,2
Tcas005205,lightpink4,2
Tcas003815,lightpink4,2
Tcas004464,lightpink4,2
Tcas004175,lightpink4,2
Tcas005265,lightpink4,2
Tcas004430,lightpink4,2
Tcas004188,lightpink4,2
Tcas003966,lightpink4,2
Tcas005210,lightpink4,2
Tcas004116,lightpink4,2
Tcas004759,lightpink4,2
Tcas004946,lightpink4,2
Tcas004000,lightpink4,2
Tcas004847,lightpink4,2
Tcas005155,lightpink4,2
Tcas004829,lightpink4,2
Tcas005237,lightpink4,2
Tcas004328,lightpink4,2
Tcas005273,lightpink4,2
Tcas005020,lightpink4,2
Tcas004504,lightpink4,2
Tcas004047,lightpink4,2
Tcas004273,lightpink4,2
Tcas003828,lightpink4,2
Tcas003989,lightpink4,2
Tcas004349,lightpink4,2
Tcas004246,lightpink4,2
Tcas004831,lightpink4,2
Tcas004056,lightpink4,2
Tcas004864,lightpink4,2
Tcas004727,lightpink4,2
Tcas004791,lightpink4,2
Tcas004821,lightpink4,2
Tcas004819,lightpink4,2
Tcas003899,lightpink4,2
Tcas003941,lightpink4,2
Tcas003973,lightpink4,2
Tcas004654,lightpink4,2
Tcas005095,lightpink4,2
Tcas004798,lightpink4,2
Tcas004742,lightpink4,2
Tcas005099,lightpink4,2
Tcas003874,lightpink4,2
Tcas004624,lightpink4,2
Tcas005264,lightpink4,2
Tcas004480,lightpink4,2
Tcas005036,lightpink4,2
Tcas003954,lightpink4,2
Tcas003946,lightpink4,2
Tcas004173,lightpink4,2
Tcas005167,lightpink4,2
Tcas004275,lightpink4,2
Tcas005277,lightpink4,2
Tcas004927,lightpink4,2
Tcas004211,lightpink4,2
Tcas005108,lightpink4,2
Tcas004268,lightpink4,2
Tcas004965,lightpink4,2
Tcas004066,lightpink4,2
Tcas004723,lightpink4,2
Tcas004970,lightpink4,2
Tcas004182,lightpink4,2
Tcas004959,lightpink4,2
Tcas005292,lightpink4,2
Tcas004100,lightpink4,2
Tcas004701,lightpink4,2
Tcas003880,lightpink4,2
Tcas004274,lightpink4,2
Tcas005179,lightpink4,2
Tcas004444,lightpink4,2
Tcas005171,lightpink4,2
Tcas004481,lightpink4,2
Tcas004661,lightpink4,2
Tcas003801,lightpink4,2
Tcas004898,lightpink4,2
Tcas005314,lightpink4,2
Tcas005323,lightpink4,2
Tcas005332,lightpink4,2
Tcas005356,lightpink4,2
Tcas005364,lightpink4,2
Tcas005367,lightpink4,2
Tcas005401,lightpink4,2
Tcas005407,lightpink4,2
Tcas005420,lightpink4,2
Tcas005438,lightpink4,2
Tcas005437,lightpink4,2
Tcas005561,lightpink4,2
Tcas006165,lightpink4,2
Tcas005751,lightpink4,2
Tcas006217,lightpink4,2
Tcas005465,lightpink4,2
Tcas006038,lightpink4,2
Tcas006077,lightpink4,2
Tcas005801,lightpink4,2
Tcas005609,lightpink4,2
Tcas005581,lightpink4,2
Tcas005996,lightpink4,2
Tcas005746,lightpink4,2
Tcas006064,lightpink4,2
Tcas005475,lightpink4,2
Tcas005518,lightpink4,2
Tcas006015,lightpink4,2
Tcas005537,lightpink4,2
Tcas005655,lightpink4,2
Tcas005654,lightpink4,2
Tcas005744,lightpink4,2
Tcas005775,lightpink4,2
Tcas005709,lightpink4,2
Tcas005832,lightpink4,2
Tcas005672,lightpink4,2
Tcas005954,lightpink4,2
Tcas006173,lightpink4,2
Tcas005765,lightpink4,2
Tcas005643,lightpink4,2
Tcas005867,lightpink4,2
Tcas005855,lightpink4,2
Tcas005795,lightpink4,2
Tcas005606,lightpink4,2
Tcas005966,lightpink4,2
Tcas005734,lightpink4,2
Tcas005489,lightpink4,2
Tcas005665,lightpink4,2
Tcas005631,lightpink4,2
Tcas006221,lightpink4,2
Tcas005793,lightpink4,2
Tcas005667,lightpink4,2
Tcas005999,lightpink4,2
Tcas006012,lightpink4,2
Tcas006018,lightpink4,2
Tcas005808,lightpink4,2
Tcas006118,lightpink4,2
Tcas005490,lightpink4,2
Tcas005944,lightpink4,2
Tcas005740,lightpink4,2
Tcas006035,lightpink4,2
Tcas005659,lightpink4,2
Tcas005822,lightpink4,2
Tcas005662,lightpink4,2
Tcas005752,lightpink4,2
Tcas005791,lightpink4,2
Tcas006232,lightpink4,2
Tcas005860,lightpink4,2
Tcas005942,lightpink4,2
Tcas005551,lightpink4,2
Tcas005473,lightpink4,2
Tcas005912,lightpink4,2
Tcas005687,lightpink4,2
Tcas005625,lightpink4,2
Tcas006251,lightpink4,2
Tcas006280,lightpink4,2
Tcas007204,lightpink4,2
Tcas006537,lightpink4,2
Tcas006564,lightpink4,2
Tcas006576,lightpink4,2
Tcas006493,lightpink4,2
Tcas006529,lightpink4,2
Tcas006541,lightpink4,2
Tcas007403,lightpink4,2
Tcas006358,lightpink4,2
Tcas007183,lightpink4,2
Tcas006326,lightpink4,2
Tcas006408,lightpink4,2
Tcas007196,lightpink4,2
Tcas006727,lightpink4,2
Tcas007059,lightpink4,2
Tcas007349,lightpink4,2
Tcas007205,lightpink4,2
Tcas007009,lightpink4,2
Tcas006345,lightpink4,2
Tcas006517,lightpink4,2
Tcas006937,lightpink4,2
Tcas007431,lightpink4,2
Tcas006611,lightpink4,2
Tcas007347,lightpink4,2
Tcas006679,lightpink4,2
Tcas007392,lightpink4,2
Tcas006388,lightpink4,2
Tcas007046,lightpink4,2
Tcas006778,lightpink4,2
Tcas007150,lightpink4,2
Tcas006818,lightpink4,2
Tcas007379,lightpink4,2
Tcas007021,lightpink4,2
Tcas006689,lightpink4,2
Tcas006897,lightpink4,2
Tcas006889,lightpink4,2
Tcas006781,lightpink4,2
Tcas007244,lightpink4,2
Tcas006427,lightpink4,2
Tcas007030,lightpink4,2
Tcas006915,lightpink4,2
Tcas006491,lightpink4,2
Tcas006394,lightpink4,2
Tcas007154,lightpink4,2
Tcas006304,lightpink4,2
Tcas006674,lightpink4,2
Tcas006435,lightpink4,2
Tcas006373,lightpink4,2
Tcas006989,lightpink4,2
Tcas006300,lightpink4,2
Tcas007124,lightpink4,2
Tcas006828,lightpink4,2
Tcas006821,lightpink4,2
Tcas006505,lightpink4,2
Tcas006347,lightpink4,2
Tcas006676,lightpink4,2
Tcas007044,lightpink4,2
Tcas006389,lightpink4,2
Tcas006406,lightpink4,2
Tcas007149,lightpink4,2
Tcas006857,lightpink4,2
Tcas007353,lightpink4,2
Tcas006355,lightpink4,2
Tcas006553,lightpink4,2
Tcas006309,lightpink4,2
Tcas007053,lightpink4,2
Tcas006554,lightpink4,2
Tcas006660,lightpink4,2
Tcas007086,lightpink4,2
Tcas007332,lightpink4,2
Tcas006719,lightpink4,2
Tcas007080,lightpink4,2
Tcas007049,lightpink4,2
Tcas007230,lightpink4,2
Tcas006399,lightpink4,2
Tcas006974,lightpink4,2
Tcas006796,lightpink4,2
Tcas006474,lightpink4,2
Tcas007295,lightpink4,2
Tcas006887,lightpink4,2
Tcas006344,lightpink4,2
Tcas007491,lightpink4,2
Tcas007492,lightpink4,2
Tcas008846,lightpink4,2
Tcas009016,lightpink4,2
Tcas009094,lightpink4,2
Tcas008942,lightpink4,2
Tcas007514,lightpink4,2
Tcas008825,lightpink4,2
Tcas007709,lightpink4,2
Tcas008076,lightpink4,2
Tcas007524,lightpink4,2
Tcas008769,lightpink4,2
Tcas007877,lightpink4,2
Tcas008709,lightpink4,2
Tcas009065,lightpink4,2
Tcas008250,lightpink4,2
Tcas009045,lightpink4,2
Tcas007610,lightpink4,2
Tcas009054,lightpink4,2
Tcas008065,lightpink4,2
Tcas008599,lightpink4,2
Tcas008502,lightpink4,2
Tcas007934,lightpink4,2
Tcas007577,lightpink4,2
Tcas008457,lightpink4,2
Tcas008741,lightpink4,2
Tcas007700,lightpink4,2
Tcas008224,lightpink4,2
Tcas008553,lightpink4,2
Tcas007726,lightpink4,2
Tcas008607,lightpink4,2
Tcas009013,lightpink4,2
Tcas008059,lightpink4,2
Tcas008148,lightpink4,2
Tcas007958,lightpink4,2
Tcas008527,lightpink4,2
Tcas007882,lightpink4,2
Tcas007787,lightpink4,2
Tcas008269,lightpink4,2
Tcas009072,lightpink4,2
Tcas009097,lightpink4,2
Tcas008917,lightpink4,2
Tcas008525,lightpink4,2
Tcas009076,lightpink4,2
Tcas009024,lightpink4,2
Tcas008818,lightpink4,2
Tcas008637,lightpink4,2
Tcas008352,lightpink4,2
Tcas008405,lightpink4,2
Tcas008442,lightpink4,2
Tcas008094,lightpink4,2
Tcas009022,lightpink4,2
Tcas008346,lightpink4,2
Tcas008582,lightpink4,2
Tcas008431,lightpink4,2
Tcas008413,lightpink4,2
Tcas008262,lightpink4,2
Tcas008765,lightpink4,2
Tcas007822,lightpink4,2
Tcas007521,lightpink4,2
Tcas008232,lightpink4,2
Tcas008907,lightpink4,2
Tcas009048,lightpink4,2
Tcas008477,lightpink4,2
Tcas007900,lightpink4,2
Tcas008089,lightpink4,2
Tcas007970,lightpink4,2
Tcas008656,lightpink4,2
Tcas008516,lightpink4,2
Tcas008700,lightpink4,2
Tcas009007,lightpink4,2
Tcas009030,lightpink4,2
Tcas007972,lightpink4,2
Tcas008610,lightpink4,2
Tcas008062,lightpink4,2
Tcas008495,lightpink4,2
Tcas008375,lightpink4,2
Tcas007908,lightpink4,2
Tcas008031,lightpink4,2
Tcas008890,lightpink4,2
Tcas008815,lightpink4,2
Tcas008707,lightpink4,2
Tcas008395,lightpink4,2
Tcas008317,lightpink4,2
Tcas007883,lightpink4,2
Tcas007996,lightpink4,2
Tcas008097,lightpink4,2
Tcas008138,lightpink4,2
Tcas008382,lightpink4,2
Tcas008621,lightpink4,2
Tcas008033,lightpink4,2
Tcas007747,lightpink4,2
Tcas009025,lightpink4,2
Tcas008048,lightpink4,2
Tcas008875,lightpink4,2
Tcas008409,lightpink4,2
Tcas008411,lightpink4,2
Tcas008128,lightpink4,2
Tcas007595,lightpink4,2
Tcas008670,lightpink4,2
Tcas008617,lightpink4,2
Tcas007534,lightpink4,2
Tcas009028,lightpink4,2
Tcas008901,lightpink4,2
Tcas008067,lightpink4,2
Tcas007943,lightpink4,2
Tcas008697,lightpink4,2
Tcas008535,lightpink4,2
Tcas008521,lightpink4,2
Tcas008140,lightpink4,2
Tcas007764,lightpink4,2
Tcas008309,lightpink4,2
Tcas008088,lightpink4,2
Tcas007530,lightpink4,2
Tcas008876,lightpink4,2
Tcas008294,lightpink4,2
Tcas008050,lightpink4,2
Tcas008853,lightpink4,2
Tcas007513,lightpink4,2
Tcas007640,lightpink4,2
Tcas007831,lightpink4,2
Tcas007817,lightpink4,2
Tcas008612,lightpink4,2
Tcas008716,lightpink4,2
Tcas008433,lightpink4,2
Tcas009073,lightpink4,2
Tcas007901,lightpink4,2
Tcas008532,lightpink4,2
Tcas007616,lightpink4,2
Tcas007576,lightpink4,2
Tcas008132,lightpink4,2
Tcas007679,lightpink4,2
Tcas010003,lightpink4,2
Tcas010280,lightpink4,2
Tcas009548,lightpink4,2
Tcas009693,lightpink4,2
Tcas010140,lightpink4,2
Tcas009618,lightpink4,2
Tcas010058,lightpink4,2
Tcas010459,lightpink4,2
Tcas009685,lightpink4,2
Tcas010242,lightpink4,2
Tcas009432,lightpink4,2
Tcas009806,lightpink4,2
Tcas010370,lightpink4,2
Tcas009508,lightpink4,2
Tcas010046,lightpink4,2
Tcas009333,lightpink4,2
Tcas009788,lightpink4,2
Tcas010091,lightpink4,2
Tcas010075,lightpink4,2
Tcas009546,lightpink4,2
Tcas010218,lightpink4,2
Tcas009469,lightpink4,2
Tcas010002,lightpink4,2
Tcas010435,lightpink4,2
Tcas010150,lightpink4,2
Tcas009342,lightpink4,2
Tcas009683,lightpink4,2
Tcas009835,lightpink4,2
Tcas009606,lightpink4,2
Tcas009575,lightpink4,2
Tcas009958,lightpink4,2
Tcas010381,lightpink4,2
Tcas009703,lightpink4,2
Tcas010249,lightpink4,2
Tcas009972,lightpink4,2
Tcas009761,lightpink4,2
Tcas010401,lightpink4,2
Tcas009765,lightpink4,2
Tcas009117,lightpink4,2
Tcas009734,lightpink4,2
Tcas009921,lightpink4,2
Tcas009275,lightpink4,2
Tcas009521,lightpink4,2
Tcas010027,lightpink4,2
Tcas010442,lightpink4,2
Tcas009990,lightpink4,2
Tcas009754,lightpink4,2
Tcas009379,lightpink4,2
Tcas010203,lightpink4,2
Tcas009488,lightpink4,2
Tcas010267,lightpink4,2
Tcas010419,lightpink4,2
Tcas009758,lightpink4,2
Tcas010485,lightpink4,2
Tcas009402,lightpink4,2
Tcas009619,lightpink4,2
Tcas010336,lightpink4,2
Tcas009661,lightpink4,2
Tcas009874,lightpink4,2
Tcas009950,lightpink4,2
Tcas009899,lightpink4,2
Tcas009973,lightpink4,2
Tcas010488,lightpink4,2
Tcas010357,lightpink4,2
Tcas010432,lightpink4,2
Tcas009364,lightpink4,2
Tcas009110,lightpink4,2
Tcas009840,lightpink4,2
Tcas009704,lightpink4,2
Tcas009174,lightpink4,2
Tcas010193,lightpink4,2
Tcas009523,lightpink4,2
Tcas010256,lightpink4,2
Tcas009647,lightpink4,2
Tcas009792,lightpink4,2
Tcas009443,lightpink4,2
Tcas009168,lightpink4,2
Tcas009258,lightpink4,2
Tcas009756,lightpink4,2
Tcas009348,lightpink4,2
Tcas009978,lightpink4,2
Tcas009965,lightpink4,2
Tcas009454,lightpink4,2
Tcas009131,lightpink4,2
Tcas009210,lightpink4,2
Tcas009831,lightpink4,2
Tcas009589,lightpink4,2
Tcas009405,lightpink4,2
Tcas009971,lightpink4,2
Tcas009165,lightpink4,2
Tcas009728,lightpink4,2
Tcas009229,lightpink4,2
Tcas009919,lightpink4,2
Tcas009656,lightpink4,2
Tcas009224,lightpink4,2
Tcas009793,lightpink4,2
Tcas009152,lightpink4,2
Tcas009347,lightpink4,2
Tcas009609,lightpink4,2
Tcas009570,lightpink4,2
Tcas009338,lightpink4,2
Tcas010026,lightpink4,2
Tcas009902,lightpink4,2
Tcas010337,lightpink4,2
Tcas010399,lightpink4,2
Tcas010207,lightpink4,2
Tcas010060,lightpink4,2
Tcas009381,lightpink4,2
Tcas009361,lightpink4,2
Tcas009484,lightpink4,2
Tcas009957,lightpink4,2
Tcas010014,lightpink4,2
Tcas010034,lightpink4,2
Tcas009748,lightpink4,2
Tcas009234,lightpink4,2
Tcas009124,lightpink4,2
Tcas009640,lightpink4,2
Tcas010090,lightpink4,2
Tcas010163,lightpink4,2
Tcas009900,lightpink4,2
Tcas009336,lightpink4,2
Tcas010030,lightpink4,2
Tcas010136,lightpink4,2
Tcas010257,lightpink4,2
Tcas009310,lightpink4,2
Tcas009541,lightpink4,2
Tcas010266,lightpink4,2
Tcas009434,lightpink4,2
Tcas009283,lightpink4,2
Tcas009653,lightpink4,2
Tcas009599,lightpink4,2
Tcas009144,lightpink4,2
Tcas010070,lightpink4,2
Tcas009400,lightpink4,2
Tcas009191,lightpink4,2
Tcas010270,lightpink4,2
Tcas009898,lightpink4,2
Tcas010097,lightpink4,2
Tcas009306,lightpink4,2
Tcas009709,lightpink4,2
Tcas009134,lightpink4,2
Tcas010499,lightpink4,2
Tcas010458,lightpink4,2
Tcas010297,lightpink4,2
Tcas009861,lightpink4,2
Tcas009120,lightpink4,2
Tcas010477,lightpink4,2
Tcas009658,lightpink4,2
Tcas009562,lightpink4,2
Tcas010554,lightpink4,2
Tcas010578,lightpink4,2
Tcas010522,lightpink4,2
Tcas010563,lightpink4,2
Tcas010620,lightpink4,2
Tcas010629,lightpink4,2
Tcas010641,lightpink4,2
Tcas010646,lightpink4,2
Tcas010636,lightpink4,2
Tcas010929,lightpink4,2
Tcas010979,lightpink4,2
Tcas010678,lightpink4,2
Tcas011027,lightpink4,2
Tcas010913,lightpink4,2
Tcas010953,lightpink4,2
Tcas010821,lightpink4,2
Tcas011069,lightpink4,2
Tcas010822,lightpink4,2
Tcas011128,lightpink4,2
Tcas011009,lightpink4,2
Tcas010795,lightpink4,2
Tcas010815,lightpink4,2
Tcas010656,lightpink4,2
Tcas010964,lightpink4,2
Tcas010727,lightpink4,2
Tcas010788,lightpink4,2
Tcas011073,lightpink4,2
Tcas010956,lightpink4,2
Tcas011126,lightpink4,2
Tcas010805,lightpink4,2
Tcas010682,lightpink4,2
Tcas011038,lightpink4,2
Tcas011093,lightpink4,2
Tcas011091,lightpink4,2
Tcas010850,lightpink4,2
Tcas010858,lightpink4,2
Tcas010772,lightpink4,2
Tcas010862,lightpink4,2
Tcas010801,lightpink4,2
Tcas011174,lightpink4,2
Tcas011177,lightpink4,2
Tcas011190,lightpink4,2
Tcas011222,lightpink4,2
Tcas011225,lightpink4,2
Tcas011377,lightpink4,2
Tcas012575,lightpink4,2
Tcas012436,lightpink4,2
Tcas011571,lightpink4,2
Tcas012250,lightpink4,2
Tcas012457,lightpink4,2
Tcas012490,lightpink4,2
Tcas011841,lightpink4,2
Tcas011709,lightpink4,2
Tcas012097,lightpink4,2
Tcas012362,lightpink4,2
Tcas011694,lightpink4,2
Tcas011726,lightpink4,2
Tcas012198,lightpink4,2
Tcas011936,lightpink4,2
Tcas012009,lightpink4,2
Tcas011553,lightpink4,2
Tcas011994,lightpink4,2
Tcas012326,lightpink4,2
Tcas011813,lightpink4,2
Tcas012223,lightpink4,2
Tcas012298,lightpink4,2
Tcas012023,lightpink4,2
Tcas012584,lightpink4,2
Tcas011549,lightpink4,2
Tcas012380,lightpink4,2
Tcas012499,lightpink4,2
Tcas011425,lightpink4,2
Tcas011380,lightpink4,2
Tcas011429,lightpink4,2
Tcas011548,lightpink4,2
Tcas011891,lightpink4,2
Tcas012114,lightpink4,2
Tcas011693,lightpink4,2
Tcas011468,lightpink4,2
Tcas011981,lightpink4,2
Tcas011755,lightpink4,2
Tcas011619,lightpink4,2
Tcas011717,lightpink4,2
Tcas012496,lightpink4,2
Tcas011470,lightpink4,2
Tcas011305,lightpink4,2
Tcas012236,lightpink4,2
Tcas012335,lightpink4,2
Tcas012348,lightpink4,2
Tcas012176,lightpink4,2
Tcas011595,lightpink4,2
Tcas012273,lightpink4,2
Tcas012321,lightpink4,2
Tcas011747,lightpink4,2
Tcas012461,lightpink4,2
Tcas012437,lightpink4,2
Tcas011582,lightpink4,2
Tcas012242,lightpink4,2
Tcas012224,lightpink4,2
Tcas011735,lightpink4,2
Tcas011557,lightpink4,2
Tcas012507,lightpink4,2
Tcas011785,lightpink4,2
Tcas011320,lightpink4,2
Tcas012508,lightpink4,2
Tcas011600,lightpink4,2
Tcas012171,lightpink4,2
Tcas012420,lightpink4,2
Tcas011752,lightpink4,2
Tcas011854,lightpink4,2
Tcas011612,lightpink4,2
Tcas012579,lightpink4,2
Tcas011554,lightpink4,2
Tcas012059,lightpink4,2
Tcas011865,lightpink4,2
Tcas011635,lightpink4,2
Tcas011737,lightpink4,2
Tcas011875,lightpink4,2
Tcas012096,lightpink4,2
Tcas011534,lightpink4,2
Tcas012311,lightpink4,2
Tcas011395,lightpink4,2
Tcas011779,lightpink4,2
Tcas012151,lightpink4,2
Tcas011647,lightpink4,2
Tcas011652,lightpink4,2
Tcas011982,lightpink4,2
Tcas012173,lightpink4,2
Tcas012557,lightpink4,2
Tcas012136,lightpink4,2
Tcas012358,lightpink4,2
Tcas012339,lightpink4,2
Tcas011479,lightpink4,2
Tcas012027,lightpink4,2
Tcas012005,lightpink4,2
Tcas011973,lightpink4,2
Tcas012464,lightpink4,2
Tcas011671,lightpink4,2
Tcas011987,lightpink4,2
Tcas012404,lightpink4,2
Tcas011703,lightpink4,2
Tcas011984,lightpink4,2
Tcas012190,lightpink4,2
Tcas011749,lightpink4,2
Tcas012530,lightpink4,2
Tcas011951,lightpink4,2
Tcas012032,lightpink4,2
Tcas011599,lightpink4,2
Tcas012343,lightpink4,2
Tcas011622,lightpink4,2
Tcas012453,lightpink4,2
Tcas011772,lightpink4,2
Tcas011972,lightpink4,2
Tcas000015,brown2,3
Tcas000020,brown2,3
Tcas000042,brown2,3
Tcas000095,brown2,3
Tcas000112,brown2,3
Tcas000118,brown2,3
Tcas000914,brown2,3
Tcas001193,brown2,3
Tcas001257,brown2,3
Tcas001636,brown2,3
Tcas000141,brown2,3
Tcas000906,brown2,3
Tcas001716,brown2,3
Tcas001047,brown2,3
Tcas000608,brown2,3
Tcas001446,brown2,3
Tcas001631,brown2,3
Tcas001162,brown2,3
Tcas000258,brown2,3
Tcas000264,brown2,3
Tcas000217,brown2,3
Tcas001391,brown2,3
Tcas001025,brown2,3
Tcas001088,brown2,3
Tcas000401,brown2,3
Tcas000363,brown2,3
Tcas001517,brown2,3
Tcas001509,brown2,3
Tcas000646,brown2,3
Tcas001390,brown2,3
Tcas001737,brown2,3
Tcas001701,brown2,3
Tcas000907,brown2,3
Tcas001515,brown2,3
Tcas000233,brown2,3
Tcas001084,brown2,3
Tcas001227,brown2,3
Tcas000781,brown2,3
Tcas001410,brown2,3
Tcas001015,brown2,3
Tcas000747,brown2,3
Tcas000745,brown2,3
Tcas000297,brown2,3
Tcas001017,brown2,3
Tcas000835,brown2,3
Tcas000702,brown2,3
Tcas001559,brown2,3
Tcas000418,brown2,3
Tcas000789,brown2,3
Tcas000223,brown2,3
Tcas001594,brown2,3
Tcas001679,brown2,3
Tcas000633,brown2,3
Tcas001139,brown2,3
Tcas000413,brown2,3
Tcas001408,brown2,3
Tcas000876,brown2,3
Tcas000142,brown2,3
Tcas001319,brown2,3
Tcas001376,brown2,3
Tcas000931,brown2,3
Tcas001107,brown2,3
Tcas000713,brown2,3
Tcas001218,brown2,3
Tcas001123,brown2,3
Tcas001523,brown2,3
Tcas001453,brown2,3
Tcas000569,brown2,3
Tcas001603,brown2,3
Tcas000857,brown2,3
Tcas001351,brown2,3
Tcas001608,brown2,3
Tcas000507,brown2,3
Tcas001343,brown2,3
Tcas001310,brown2,3
Tcas001101,brown2,3
Tcas000657,brown2,3
Tcas000833,brown2,3
Tcas000310,brown2,3
Tcas001053,brown2,3
Tcas000222,brown2,3
Tcas000472,brown2,3
Tcas000844,brown2,3
Tcas000252,brown2,3
Tcas001484,brown2,3
Tcas001727,brown2,3
Tcas000974,brown2,3
Tcas000626,brown2,3
Tcas000939,brown2,3
Tcas001692,brown2,3
Tcas000619,brown2,3
Tcas000758,brown2,3
Tcas001732,brown2,3
Tcas001155,brown2,3
Tcas001004,brown2,3
Tcas000167,brown2,3
Tcas001269,brown2,3
Tcas000483,brown2,3
Tcas001080,brown2,3
Tcas001420,brown2,3
Tcas001619,brown2,3
Tcas000215,brown2,3
Tcas001456,brown2,3
Tcas000712,brown2,3
Tcas001476,brown2,3
Tcas000617,brown2,3
Tcas000266,brown2,3
Tcas000411,brown2,3
Tcas001699,brown2,3
Tcas000166,brown2,3
Tcas000966,brown2,3
Tcas000325,brown2,3
Tcas001158,brown2,3
Tcas000490,brown2,3
Tcas001183,brown2,3
Tcas001265,brown2,3
Tcas000259,brown2,3
Tcas001068,brown2,3
Tcas000210,brown2,3
Tcas000502,brown2,3
Tcas001191,brown2,3
Tcas000998,brown2,3
Tcas000389,brown2,3
Tcas000555,brown2,3
Tcas001738,brown2,3
Tcas000663,brown2,3
Tcas001138,brown2,3
Tcas000285,brown2,3
Tcas001447,brown2,3
Tcas000136,brown2,3
Tcas000121,brown2,3
Tcas001480,brown2,3
Tcas001058,brown2,3
Tcas001439,brown2,3
Tcas000964,brown2,3
Tcas001296,brown2,3
Tcas000940,brown2,3
Tcas000590,brown2,3
Tcas001742,brown2,3
Tcas001744,brown2,3
Tcas001775,brown2,3
Tcas001935,brown2,3
Tcas001993,brown2,3
Tcas001959,brown2,3
Tcas002248,brown2,3
Tcas001877,brown2,3
Tcas002149,brown2,3
Tcas001948,brown2,3
Tcas002047,brown2,3
Tcas002256,brown2,3
Tcas001875,brown2,3
Tcas002026,brown2,3
Tcas002257,brown2,3
Tcas002263,brown2,3
Tcas001822,brown2,3
Tcas002133,brown2,3
Tcas002103,brown2,3
Tcas002182,brown2,3
Tcas002019,brown2,3
Tcas002118,brown2,3
Tcas002193,brown2,3
Tcas002270,brown2,3
Tcas001856,brown2,3
Tcas002363,brown2,3
Tcas002166,brown2,3
Tcas002157,brown2,3
Tcas002212,brown2,3
Tcas001956,brown2,3
Tcas002122,brown2,3
Tcas002368,brown2,3
Tcas002023,brown2,3
Tcas002117,brown2,3
Tcas002174,brown2,3
Tcas002137,brown2,3
Tcas001940,brown2,3
Tcas002178,brown2,3
Tcas001815,brown2,3
Tcas002388,brown2,3
Tcas002034,brown2,3
Tcas002143,brown2,3
Tcas002321,brown2,3
Tcas001927,brown2,3
Tcas002242,brown2,3
Tcas002214,brown2,3
Tcas002158,brown2,3
Tcas002410,brown2,3
Tcas002382,brown2,3
Tcas001836,brown2,3
Tcas001958,brown2,3
Tcas001784,brown2,3
Tcas002021,brown2,3
Tcas001787,brown2,3
Tcas002404,brown2,3
Tcas002276,brown2,3
Tcas002123,brown2,3
Tcas002299,brown2,3
Tcas002239,brown2,3
Tcas001892,brown2,3
Tcas002406,brown2,3
Tcas002329,brown2,3
Tcas001812,brown2,3
Tcas001796,brown2,3
Tcas002425,brown2,3
Tcas002725,brown2,3
Tcas002619,brown2,3
Tcas003344,brown2,3
Tcas002867,brown2,3
Tcas002926,brown2,3
Tcas002687,brown2,3
Tcas002669,brown2,3
Tcas003530,brown2,3
Tcas003279,brown2,3
Tcas002973,brown2,3
Tcas002958,brown2,3
Tcas003114,brown2,3
Tcas003255,brown2,3
Tcas003297,brown2,3
Tcas002949,brown2,3
Tcas002930,brown2,3
Tcas003106,brown2,3
Tcas003459,brown2,3
Tcas002558,brown2,3
Tcas003416,brown2,3
Tcas002450,brown2,3
Tcas003533,brown2,3
Tcas003109,brown2,3
Tcas002968,brown2,3
Tcas002515,brown2,3
Tcas002853,brown2,3
Tcas003080,brown2,3
Tcas003047,brown2,3
Tcas003341,brown2,3
Tcas002942,brown2,3
Tcas002486,brown2,3
Tcas003213,brown2,3
Tcas002892,brown2,3
Tcas003203,brown2,3
Tcas003295,brown2,3
Tcas002727,brown2,3
Tcas003562,brown2,3
Tcas002757,brown2,3
Tcas002578,brown2,3
Tcas002717,brown2,3
Tcas003025,brown2,3
Tcas002625,brown2,3
Tcas002645,brown2,3
Tcas002856,brown2,3
Tcas003427,brown2,3
Tcas003100,brown2,3
Tcas003528,brown2,3
Tcas002678,brown2,3
Tcas003094,brown2,3
Tcas002540,brown2,3
Tcas002555,brown2,3
Tcas003442,brown2,3
Tcas003504,brown2,3
Tcas003461,brown2,3
Tcas002670,brown2,3
Tcas003549,brown2,3
Tcas002641,brown2,3
Tcas002966,brown2,3
Tcas003522,brown2,3
Tcas002514,brown2,3
Tcas002666,brown2,3
Tcas002586,brown2,3
Tcas002585,brown2,3
Tcas002629,brown2,3
Tcas002494,brown2,3
Tcas002470,brown2,3
Tcas002798,brown2,3
Tcas002601,brown2,3
Tcas003318,brown2,3
Tcas002534,brown2,3
Tcas003258,brown2,3
Tcas002647,brown2,3
Tcas002572,brown2,3
Tcas003277,brown2,3
Tcas002870,brown2,3
Tcas002475,brown2,3
Tcas002562,brown2,3
Tcas003386,brown2,3
Tcas003606,brown2,3
Tcas003639,brown2,3
Tcas003660,brown2,3
Tcas003625,brown2,3
Tcas003673,brown2,3
Tcas003675,brown2,3
Tcas003680,brown2,3
Tcas003716,brown2,3
Tcas003723,brown2,3
Tcas003737,brown2,3
Tcas003763,brown2,3
Tcas003773,brown2,3
Tcas003764,brown2,3
Tcas003782,brown2,3
Tcas003792,brown2,3
Tcas004715,brown2,3
Tcas005156,brown2,3
Tcas004853,brown2,3
Tcas005150,brown2,3
Tcas004135,brown2,3
Tcas004991,brown2,3
Tcas004142,brown2,3
Tcas004750,brown2,3
Tcas004735,brown2,3
Tcas004194,brown2,3
Tcas005060,brown2,3
Tcas004119,brown2,3
Tcas003901,brown2,3
Tcas004630,brown2,3
Tcas004308,brown2,3
Tcas004012,brown2,3
Tcas005272,brown2,3
Tcas004003,brown2,3
Tcas004783,brown2,3
Tcas003903,brown2,3
Tcas005170,brown2,3
Tcas004132,brown2,3
Tcas004797,brown2,3
Tcas004361,brown2,3
Tcas004102,brown2,3
Tcas004170,brown2,3
Tcas004442,brown2,3
Tcas004773,brown2,3
Tcas004751,brown2,3
Tcas004952,brown2,3
Tcas003809,brown2,3
Tcas004716,brown2,3
Tcas004292,brown2,3
Tcas005169,brown2,3
Tcas005198,brown2,3
Tcas005004,brown2,3
Tcas003905,brown2,3
Tcas004263,brown2,3
Tcas004926,brown2,3
Tcas003894,brown2,3
Tcas004696,brown2,3
Tcas003822,brown2,3
Tcas005221,brown2,3
Tcas005301,brown2,3
Tcas004108,brown2,3
Tcas003897,brown2,3
Tcas005183,brown2,3
Tcas004512,brown2,3
Tcas004196,brown2,3
Tcas004618,brown2,3
Tcas003820,brown2,3
Tcas004756,brown2,3
Tcas004586,brown2,3
Tcas003884,brown2,3
Tcas004323,brown2,3
Tcas004216,brown2,3
Tcas004140,brown2,3
Tcas004289,brown2,3
Tcas004572,brown2,3
Tcas003817,brown2,3
Tcas004825,brown2,3
Tcas003849,brown2,3
Tcas005051,brown2,3
Tcas004908,brown2,3
Tcas004929,brown2,3
Tcas004413,brown2,3
Tcas005033,brown2,3
Tcas004454,brown2,3
Tcas004789,brown2,3
Tcas005206,brown2,3
Tcas004631,brown2,3
Tcas005257,brown2,3
Tcas003812,brown2,3
Tcas004324,brown2,3
Tcas004719,brown2,3
Tcas004787,brown2,3
Tcas004901,brown2,3
Tcas004882,brown2,3
Tcas005284,brown2,3
Tcas005295,brown2,3
Tcas004326,brown2,3
Tcas004053,brown2,3
Tcas005299,brown2,3
Tcas004201,brown2,3
Tcas004285,brown2,3
Tcas004281,brown2,3
Tcas005059,brown2,3
Tcas005254,brown2,3
Tcas004717,brown2,3
Tcas004588,brown2,3
Tcas004785,brown2,3
Tcas004687,brown2,3
Tcas005188,brown2,3
Tcas004148,brown2,3
Tcas004765,brown2,3
Tcas005319,brown2,3
Tcas005316,brown2,3
Tcas005321,brown2,3
Tcas005349,brown2,3
Tcas005352,brown2,3
Tcas005354,brown2,3
Tcas005366,brown2,3
Tcas005374,brown2,3
Tcas005379,brown2,3
Tcas005383,brown2,3
Tcas005521,brown2,3
Tcas006001,brown2,3
Tcas006132,brown2,3
Tcas006094,brown2,3
Tcas005547,brown2,3
Tcas005534,brown2,3
Tcas006194,brown2,3
Tcas005540,brown2,3
Tcas005560,brown2,3
Tcas006163,brown2,3
Tcas006031,brown2,3
Tcas005484,brown2,3
Tcas005767,brown2,3
Tcas005722,brown2,3
Tcas005951,brown2,3
Tcas005936,brown2,3
Tcas006139,brown2,3
Tcas005929,brown2,3
Tcas005678,brown2,3
Tcas006247,brown2,3
Tcas006110,brown2,3
Tcas006152,brown2,3
Tcas005818,brown2,3
Tcas005843,brown2,3
Tcas005681,brown2,3
Tcas005952,brown2,3
Tcas006072,brown2,3
Tcas005513,brown2,3
Tcas006104,brown2,3
Tcas006100,brown2,3
Tcas005598,brown2,3
Tcas006211,brown2,3
Tcas005962,brown2,3
Tcas005619,brown2,3
Tcas006186,brown2,3
Tcas005584,brown2,3
Tcas005932,brown2,3
Tcas005814,brown2,3
Tcas005601,brown2,3
Tcas005834,brown2,3
Tcas005882,brown2,3
Tcas006177,brown2,3
Tcas006122,brown2,3
Tcas005821,brown2,3
Tcas005546,brown2,3
Tcas005969,brown2,3
Tcas005806,brown2,3
Tcas005763,brown2,3
Tcas006258,brown2,3
Tcas006856,brown2,3
Tcas006826,brown2,3
Tcas007180,brown2,3
Tcas006336,brown2,3
Tcas006664,brown2,3
Tcas006365,brown2,3
Tcas006646,brown2,3
Tcas006949,brown2,3
Tcas007303,brown2,3
Tcas006917,brown2,3
Tcas007188,brown2,3
Tcas006386,brown2,3
Tcas007036,brown2,3
Tcas006581,brown2,3
Tcas007135,brown2,3
Tcas006514,brown2,3
Tcas006512,brown2,3
Tcas007179,brown2,3
Tcas006671,brown2,3
Tcas006687,brown2,3
Tcas006602,brown2,3
Tcas007224,brown2,3
Tcas006516,brown2,3
Tcas006290,brown2,3
Tcas006770,brown2,3
Tcas006843,brown2,3
Tcas006700,brown2,3
Tcas007091,brown2,3
Tcas006891,brown2,3
Tcas007342,brown2,3
Tcas006425,brown2,3
Tcas006688,brown2,3
Tcas007024,brown2,3
Tcas006812,brown2,3
Tcas006284,brown2,3
Tcas006901,brown2,3
Tcas006413,brown2,3
Tcas006744,brown2,3
Tcas006691,brown2,3
Tcas006614,brown2,3
Tcas006410,brown2,3
Tcas006683,brown2,3
Tcas006374,brown2,3
Tcas007308,brown2,3
Tcas006424,brown2,3
Tcas007130,brown2,3
Tcas007268,brown2,3
Tcas006950,brown2,3
Tcas007173,brown2,3
Tcas007478,brown2,3
Tcas007302,brown2,3
Tcas006360,brown2,3
Tcas006847,brown2,3
Tcas007241,brown2,3
Tcas006482,brown2,3
Tcas006620,brown2,3
Tcas006412,brown2,3
Tcas007126,brown2,3
Tcas006734,brown2,3
Tcas006460,brown2,3
Tcas006451,brown2,3
Tcas006349,brown2,3
Tcas007286,brown2,3
Tcas006790,brown2,3
Tcas007365,brown2,3
Tcas006678,brown2,3
Tcas007190,brown2,3
Tcas006594,brown2,3
Tcas007460,brown2,3
Tcas007334,brown2,3
Tcas006548,brown2,3
Tcas007078,brown2,3
Tcas007099,brown2,3
Tcas006763,brown2,3
Tcas006498,brown2,3
Tcas006415,brown2,3
Tcas006510,brown2,3
Tcas006908,brown2,3
Tcas006475,brown2,3
Tcas006297,brown2,3
Tcas007291,brown2,3
Tcas006693,brown2,3
Tcas006470,brown2,3
Tcas006673,brown2,3
Tcas006681,brown2,3
Tcas007432,brown2,3
Tcas007051,brown2,3
Tcas006900,brown2,3
Tcas007148,brown2,3
Tcas006288,brown2,3
Tcas007278,brown2,3
Tcas006833,brown2,3
Tcas006462,brown2,3
Tcas007495,brown2,3
Tcas007494,brown2,3
Tcas007500,brown2,3
Tcas008078,brown2,3
Tcas008794,brown2,3
Tcas008630,brown2,3
Tcas008983,brown2,3
Tcas008208,brown2,3
Tcas008691,brown2,3
Tcas007727,brown2,3
Tcas009043,brown2,3
Tcas008004,brown2,3
Tcas007721,brown2,3
Tcas008247,brown2,3
Tcas008934,brown2,3
Tcas007744,brown2,3
Tcas009055,brown2,3
Tcas008483,brown2,3
Tcas008296,brown2,3
Tcas007948,brown2,3
Tcas007599,brown2,3
Tcas007615,brown2,3
Tcas008121,brown2,3
Tcas009064,brown2,3
Tcas008169,brown2,3
Tcas008783,brown2,3
Tcas008079,brown2,3
Tcas007715,brown2,3
Tcas008292,brown2,3
Tcas007898,brown2,3
Tcas008308,brown2,3
Tcas008938,brown2,3
Tcas008371,brown2,3
Tcas008547,brown2,3
Tcas008339,brown2,3
Tcas009066,brown2,3
Tcas007873,brown2,3
Tcas007907,brown2,3
Tcas008567,brown2,3
Tcas008950,brown2,3
Tcas008237,brown2,3
Tcas008595,brown2,3
Tcas008252,brown2,3
Tcas008421,brown2,3
Tcas007578,brown2,3
Tcas008963,brown2,3
Tcas008811,brown2,3
Tcas007933,brown2,3
Tcas008589,brown2,3
Tcas008791,brown2,3
Tcas007710,brown2,3
Tcas007818,brown2,3
Tcas007916,brown2,3
Tcas008909,brown2,3
Tcas008230,brown2,3
Tcas009027,brown2,3
Tcas009060,brown2,3
Tcas007758,brown2,3
Tcas007672,brown2,3
Tcas008514,brown2,3
Tcas008455,brown2,3
Tcas007966,brown2,3
Tcas008780,brown2,3
Tcas007971,brown2,3
Tcas007637,brown2,3
Tcas008858,brown2,3
Tcas007781,brown2,3
Tcas008945,brown2,3
Tcas008619,brown2,3
Tcas008766,brown2,3
Tcas008471,brown2,3
Tcas007899,brown2,3
Tcas008441,brown2,3
Tcas007598,brown2,3
Tcas008518,brown2,3
Tcas008690,brown2,3
Tcas007731,brown2,3
Tcas008217,brown2,3
Tcas008626,brown2,3
Tcas008122,brown2,3
Tcas008318,brown2,3
Tcas007561,brown2,3
Tcas007823,brown2,3
Tcas008458,brown2,3
Tcas008170,brown2,3
Tcas007706,brown2,3
Tcas008526,brown2,3
Tcas007788,brown2,3
Tcas007878,brown2,3
Tcas007754,brown2,3
Tcas007632,brown2,3
Tcas007847,brown2,3
Tcas008867,brown2,3
Tcas008258,brown2,3
Tcas007862,brown2,3
Tcas008738,brown2,3
Tcas008920,brown2,3
Tcas008426,brown2,3
Tcas008864,brown2,3
Tcas008095,brown2,3
Tcas008870,brown2,3
Tcas008125,brown2,3
Tcas007711,brown2,3
Tcas007910,brown2,3
Tcas008098,brown2,3
Tcas008261,brown2,3
Tcas007597,brown2,3
Tcas007890,brown2,3
Tcas007801,brown2,3
Tcas007860,brown2,3
Tcas009276,brown2,3
Tcas009278,brown2,3
Tcas009563,brown2,3
Tcas009816,brown2,3
Tcas009929,brown2,3
Tcas009395,brown2,3
Tcas009747,brown2,3
Tcas010179,brown2,3
Tcas009864,brown2,3
Tcas009475,brown2,3
Tcas009535,brown2,3
Tcas009141,brown2,3
Tcas010190,brown2,3
Tcas009322,brown2,3
Tcas010198,brown2,3
Tcas009778,brown2,3
Tcas010031,brown2,3
Tcas010476,brown2,3
Tcas009664,brown2,3
Tcas010278,brown2,3
Tcas009445,brown2,3
Tcas009926,brown2,3
Tcas009672,brown2,3
Tcas010234,brown2,3
Tcas010467,brown2,3
Tcas009999,brown2,3
Tcas010188,brown2,3
Tcas010247,brown2,3
Tcas009103,brown2,3
Tcas010339,brown2,3
Tcas010291,brown2,3
Tcas009682,brown2,3
Tcas009294,brown2,3
Tcas009340,brown2,3
Tcas009449,brown2,3
Tcas009203,brown2,3
Tcas009536,brown2,3
Tcas009355,brown2,3
Tcas009943,brown2,3
Tcas009483,brown2,3
Tcas010349,brown2,3
Tcas009695,brown2,3
Tcas009335,brown2,3
Tcas009491,brown2,3
Tcas009757,brown2,3
Tcas009787,brown2,3
Tcas010461,brown2,3
Tcas010169,brown2,3
Tcas010495,brown2,3
Tcas010262,brown2,3
Tcas009645,brown2,3
Tcas009146,brown2,3
Tcas009983,brown2,3
Tcas009917,brown2,3
Tcas009591,brown2,3
Tcas010398,brown2,3
Tcas009813,brown2,3
Tcas010276,brown2,3
Tcas009246,brown2,3
Tcas009512,brown2,3
Tcas009222,brown2,3
Tcas010158,brown2,3
Tcas009332,brown2,3
Tcas009594,brown2,3
Tcas009285,brown2,3
Tcas010166,brown2,3
Tcas009220,brown2,3
Tcas010462,brown2,3
Tcas010162,brown2,3
Tcas009252,brown2,3
Tcas009752,brown2,3
Tcas009740,brown2,3
Tcas009945,brown2,3
Tcas009543,brown2,3
Tcas009938,brown2,3
Tcas009280,brown2,3
Tcas009942,brown2,3
Tcas009842,brown2,3
Tcas010025,brown2,3
Tcas009981,brown2,3
Tcas010053,brown2,3
Tcas009843,brown2,3
Tcas009215,brown2,3
Tcas009771,brown2,3
Tcas009354,brown2,3
Tcas010449,brown2,3
Tcas009420,brown2,3
Tcas009212,brown2,3
Tcas009259,brown2,3
Tcas009977,brown2,3
Tcas009706,brown2,3
Tcas010095,brown2,3
Tcas010273,brown2,3
Tcas010039,brown2,3
Tcas009608,brown2,3
Tcas010507,brown2,3
Tcas010275,brown2,3
Tcas010219,brown2,3
Tcas009422,brown2,3
Tcas009150,brown2,3
Tcas009801,brown2,3
Tcas010062,brown2,3
Tcas009478,brown2,3
Tcas010245,brown2,3
Tcas010465,brown2,3
Tcas010518,brown2,3
Tcas010541,brown2,3
Tcas010556,brown2,3
Tcas010540,brown2,3
Tcas010582,brown2,3
Tcas010585,brown2,3
Tcas010607,brown2,3
Tcas010589,brown2,3
Tcas010604,brown2,3
Tcas010616,brown2,3
Tcas010631,brown2,3
Tcas010813,brown2,3
Tcas010909,brown2,3
Tcas010673,brown2,3
Tcas010917,brown2,3
Tcas011002,brown2,3
Tcas010853,brown2,3
Tcas011074,brown2,3
Tcas010890,brown2,3
Tcas010726,brown2,3
Tcas010699,brown2,3
Tcas010663,brown2,3
Tcas010981,brown2,3
Tcas011100,brown2,3
Tcas010706,brown2,3
Tcas010930,brown2,3
Tcas010778,brown2,3
Tcas010965,brown2,3
Tcas011016,brown2,3
Tcas011117,brown2,3
Tcas010905,brown2,3
Tcas011008,brown2,3
Tcas010827,brown2,3
Tcas010765,brown2,3
Tcas010820,brown2,3
Tcas010708,brown2,3
Tcas011094,brown2,3
Tcas010926,brown2,3
Tcas010962,brown2,3
Tcas010729,brown2,3
Tcas010911,brown2,3
Tcas010895,brown2,3
Tcas010903,brown2,3
Tcas011108,brown2,3
Tcas010986,brown2,3
Tcas011019,brown2,3
Tcas011165,brown2,3
Tcas011182,brown2,3
Tcas011216,brown2,3
Tcas011246,brown2,3
Tcas011256,brown2,3
Tcas012201,brown2,3
Tcas011680,brown2,3
Tcas012071,brown2,3
Tcas012578,brown2,3
Tcas012385,brown2,3
Tcas012286,brown2,3
Tcas011562,brown2,3
Tcas011818,brown2,3
Tcas011342,brown2,3
Tcas011842,brown2,3
Tcas011833,brown2,3
Tcas011309,brown2,3
Tcas011731,brown2,3
Tcas011808,brown2,3
Tcas012525,brown2,3
Tcas011725,brown2,3
Tcas012555,brown2,3
Tcas011448,brown2,3
Tcas012170,brown2,3
Tcas012331,brown2,3
Tcas011950,brown2,3
Tcas011835,brown2,3
Tcas011821,brown2,3
Tcas011387,brown2,3
Tcas011926,brown2,3
Tcas011337,brown2,3
Tcas011958,brown2,3
Tcas012332,brown2,3
Tcas012566,brown2,3
Tcas012116,brown2,3
Tcas011326,brown2,3
Tcas011319,brown2,3
Tcas012532,brown2,3
Tcas012074,brown2,3
Tcas012272,brown2,3
Tcas012278,brown2,3
Tcas012428,brown2,3
Tcas012351,brown2,3
Tcas012512,brown2,3
Tcas011532,brown2,3
Tcas011300,brown2,3
Tcas011753,brown2,3
Tcas012063,brown2,3
Tcas011702,brown2,3
Tcas012157,brown2,3
Tcas012205,brown2,3
Tcas012552,brown2,3
Tcas011789,brown2,3
Tcas011311,brown2,3
Tcas011773,brown2,3
Tcas011307,brown2,3
Tcas011912,brown2,3
Tcas011375,brown2,3
Tcas012593,brown2,3
Tcas011719,brown2,3
Tcas011457,brown2,3
Tcas011512,brown2,3
Tcas011809,brown2,3
Tcas011497,brown2,3
Tcas012334,brown2,3
Tcas011310,brown2,3
Tcas012153,brown2,3
Tcas011436,brown2,3
Tcas011564,brown2,3
Tcas012354,brown2,3
Tcas011503,brown2,3
Tcas011437,brown2,3
Tcas012304,brown2,3
Tcas012022,brown2,3
Tcas012105,brown2,3
Tcas011734,brown2,3
Tcas011810,brown2,3
Tcas012427,brown2,3
Tcas011545,brown2,3
Tcas011433,brown2,3
Tcas011338,brown2,3
Tcas012544,brown2,3
Tcas011629,brown2,3
Tcas011413,brown2,3
Tcas012405,brown2,3
Tcas012460,brown2,3
Tcas012203,brown2,3
Tcas011812,brown2,3
Tcas012016,brown2,3
Tcas012596,brown2,3
Tcas012511,brown2,3
Tcas011895,brown2,3
Tcas012062,brown2,3
Tcas012488,brown2,3
Tcas012193,brown2,3
Tcas012426,brown2,3
Tcas011594,brown2,3
Tcas011931,brown2,3
Tcas011673,brown2,3
Tcas012419,brown2,3
Tcas011690,brown2,3
Tcas011906,brown2,3
Tcas012131,brown2,3
Tcas011454,brown2,3
Tcas000014,darkorange2,4
Tcas000031,darkorange2,4
Tcas000003,darkorange2,4
Tcas000019,darkorange2,4
Tcas000016,darkorange2,4
Tcas000027,darkorange2,4
Tcas000040,darkorange2,4
Tcas000045,darkorange2,4
Tcas000047,darkorange2,4
Tcas000061,darkorange2,4
Tcas000072,darkorange2,4
Tcas000098,darkorange2,4
Tcas000103,darkorange2,4
Tcas000333,darkorange2,4
Tcas001011,darkorange2,4
Tcas000246,darkorange2,4
Tcas000139,darkorange2,4
Tcas000575,darkorange2,4
Tcas001115,darkorange2,4
Tcas000173,darkorange2,4
Tcas000522,darkorange2,4
Tcas000881,darkorange2,4
Tcas000243,darkorange2,4
Tcas000231,darkorange2,4
Tcas000226,darkorange2,4
Tcas001428,darkorange2,4
Tcas000983,darkorange2,4
Tcas000164,darkorange2,4
Tcas001223,darkorange2,4
Tcas000579,darkorange2,4
Tcas000882,darkorange2,4
Tcas000912,darkorange2,4
Tcas001465,darkorange2,4
Tcas000817,darkorange2,4
Tcas000271,darkorange2,4
Tcas000806,darkorange2,4
Tcas001539,darkorange2,4
Tcas000913,darkorange2,4
Tcas001511,darkorange2,4
Tcas000600,darkorange2,4
Tcas000770,darkorange2,4
Tcas000704,darkorange2,4
Tcas000614,darkorange2,4
Tcas000326,darkorange2,4
Tcas000565,darkorange2,4
Tcas001073,darkorange2,4
Tcas000706,darkorange2,4
Tcas001091,darkorange2,4
Tcas001538,darkorange2,4
Tcas001322,darkorange2,4
Tcas001341,darkorange2,4
Tcas000557,darkorange2,4
Tcas000236,darkorange2,4
Tcas001576,darkorange2,4
Tcas001654,darkorange2,4
Tcas000842,darkorange2,4
Tcas001380,darkorange2,4
Tcas001180,darkorange2,4
Tcas000975,darkorange2,4
Tcas000244,darkorange2,4
Tcas000408,darkorange2,4
Tcas000477,darkorange2,4
Tcas001347,darkorange2,4
Tcas000322,darkorange2,4
Tcas000746,darkorange2,4
Tcas001358,darkorange2,4
Tcas001733,darkorange2,4
Tcas000815,darkorange2,4
Tcas000293,darkorange2,4
Tcas000737,darkorange2,4
Tcas000994,darkorange2,4
Tcas001430,darkorange2,4
Tcas000607,darkorange2,4
Tcas000991,darkorange2,4
Tcas001026,darkorange2,4
Tcas001564,darkorange2,4
Tcas000873,darkorange2,4
Tcas000495,darkorange2,4
Tcas001263,darkorange2,4
Tcas000727,darkorange2,4
Tcas000981,darkorange2,4
Tcas001302,darkorange2,4
Tcas000270,darkorange2,4
Tcas001460,darkorange2,4
Tcas000540,darkorange2,4
Tcas001628,darkorange2,4
Tcas000230,darkorange2,4
Tcas000253,darkorange2,4
Tcas001184,darkorange2,4
Tcas001548,darkorange2,4
Tcas001719,darkorange2,4
Tcas000692,darkorange2,4
Tcas001237,darkorange2,4
Tcas000897,darkorange2,4
Tcas001579,darkorange2,4
Tcas000699,darkorange2,4
Tcas000839,darkorange2,4
Tcas001691,darkorange2,4
Tcas000827,darkorange2,4
Tcas000690,darkorange2,4
Tcas000726,darkorange2,4
Tcas001233,darkorange2,4
Tcas000512,darkorange2,4
Tcas001098,darkorange2,4
Tcas001029,darkorange2,4
Tcas001434,darkorange2,4
Tcas000677,darkorange2,4
Tcas000336,darkorange2,4
Tcas000674,darkorange2,4
Tcas001209,darkorange2,4
Tcas001293,darkorange2,4
Tcas001711,darkorange2,4
Tcas000805,darkorange2,4
Tcas000811,darkorange2,4
Tcas000365,darkorange2,4
Tcas000177,darkorange2,4
Tcas001255,darkorange2,4
Tcas000479,darkorange2,4
Tcas001153,darkorange2,4
Tcas000304,darkorange2,4
Tcas000234,darkorange2,4
Tcas001658,darkorange2,4
Tcas000527,darkorange2,4
Tcas000423,darkorange2,4
Tcas000369,darkorange2,4
Tcas001331,darkorange2,4
Tcas000284,darkorange2,4
Tcas000696,darkorange2,4
Tcas000838,darkorange2,4
Tcas000146,darkorange2,4
Tcas001164,darkorange2,4
Tcas000695,darkorange2,4
Tcas001182,darkorange2,4
Tcas000501,darkorange2,4
Tcas000456,darkorange2,4
Tcas001715,darkorange2,4
Tcas000982,darkorange2,4
Tcas000195,darkorange2,4
Tcas001100,darkorange2,4
Tcas001577,darkorange2,4
Tcas000372,darkorange2,4
Tcas001389,darkorange2,4
Tcas000331,darkorange2,4
Tcas000583,darkorange2,4
Tcas000652,darkorange2,4
Tcas000153,darkorange2,4
Tcas001087,darkorange2,4
Tcas000187,darkorange2,4
Tcas000407,darkorange2,4
Tcas000500,darkorange2,4
Tcas000679,darkorange2,4
Tcas000388,darkorange2,4
Tcas000516,darkorange2,4
Tcas001535,darkorange2,4
Tcas000729,darkorange2,4
Tcas000378,darkorange2,4
Tcas001748,darkorange2,4
Tcas001751,darkorange2,4
Tcas001754,darkorange2,4
Tcas001772,darkorange2,4
Tcas002333,darkorange2,4
Tcas001969,darkorange2,4
Tcas002081,darkorange2,4
Tcas002147,darkorange2,4
Tcas002007,darkorange2,4
Tcas002370,darkorange2,4
Tcas001813,darkorange2,4
Tcas002260,darkorange2,4
Tcas002288,darkorange2,4
Tcas001785,darkorange2,4
Tcas002024,darkorange2,4
Tcas002324,darkorange2,4
Tcas001961,darkorange2,4
Tcas002227,darkorange2,4
Tcas001965,darkorange2,4
Tcas001910,darkorange2,4
Tcas002364,darkorange2,4
Tcas002068,darkorange2,4
Tcas001962,darkorange2,4
Tcas002225,darkorange2,4
Tcas001970,darkorange2,4
Tcas002141,darkorange2,4
Tcas001811,darkorange2,4
Tcas001860,darkorange2,4
Tcas002390,darkorange2,4
Tcas002310,darkorange2,4
Tcas002420,darkorange2,4
Tcas002220,darkorange2,4
Tcas002221,darkorange2,4
Tcas002379,darkorange2,4
Tcas002050,darkorange2,4
Tcas002354,darkorange2,4
Tcas002082,darkorange2,4
Tcas001827,darkorange2,4
Tcas002128,darkorange2,4
Tcas001920,darkorange2,4
Tcas002365,darkorange2,4
Tcas001908,darkorange2,4
Tcas001954,darkorange2,4
Tcas002298,darkorange2,4
Tcas002190,darkorange2,4
Tcas001868,darkorange2,4
Tcas002018,darkorange2,4
Tcas002319,darkorange2,4
Tcas001807,darkorange2,4
Tcas002347,darkorange2,4
Tcas001976,darkorange2,4
Tcas001859,darkorange2,4
Tcas001947,darkorange2,4
Tcas002356,darkorange2,4
Tcas002006,darkorange2,4
Tcas002167,darkorange2,4
Tcas002078,darkorange2,4
Tcas001932,darkorange2,4
Tcas002369,darkorange2,4
Tcas002279,darkorange2,4
Tcas002378,darkorange2,4
Tcas002210,darkorange2,4
Tcas002372,darkorange2,4
Tcas001792,darkorange2,4
Tcas002032,darkorange2,4
Tcas002044,darkorange2,4
Tcas002168,darkorange2,4
Tcas002053,darkorange2,4
Tcas001791,darkorange2,4
Tcas001831,darkorange2,4
Tcas002283,darkorange2,4
Tcas002258,darkorange2,4
Tcas002104,darkorange2,4
Tcas002127,darkorange2,4
Tcas002389,darkorange2,4
Tcas002008,darkorange2,4
Tcas002035,darkorange2,4
Tcas002179,darkorange2,4
Tcas001895,darkorange2,4
Tcas001909,darkorange2,4
Tcas001840,darkorange2,4
Tcas002211,darkorange2,4
Tcas001883,darkorange2,4
Tcas002430,darkorange2,4
Tcas002456,darkorange2,4
Tcas003571,darkorange2,4
Tcas002881,darkorange2,4
Tcas003226,darkorange2,4
Tcas003551,darkorange2,4
Tcas003096,darkorange2,4
Tcas002814,darkorange2,4
Tcas003558,darkorange2,4
Tcas002932,darkorange2,4
Tcas003037,darkorange2,4
Tcas003278,darkorange2,4
Tcas002697,darkorange2,4
Tcas003405,darkorange2,4
Tcas002840,darkorange2,4
Tcas003237,darkorange2,4
Tcas002731,darkorange2,4
Tcas002851,darkorange2,4
Tcas002519,darkorange2,4
Tcas003223,darkorange2,4
Tcas002817,darkorange2,4
Tcas003337,darkorange2,4
Tcas003035,darkorange2,4
Tcas002471,darkorange2,4
Tcas002734,darkorange2,4
Tcas002439,darkorange2,4
Tcas003581,darkorange2,4
Tcas002508,darkorange2,4
Tcas002544,darkorange2,4
Tcas003473,darkorange2,4
Tcas003127,darkorange2,4
Tcas003468,darkorange2,4
Tcas003224,darkorange2,4
Tcas002947,darkorange2,4
Tcas003148,darkorange2,4
Tcas003316,darkorange2,4
Tcas003001,darkorange2,4
Tcas003244,darkorange2,4
Tcas002948,darkorange2,4
Tcas003187,darkorange2,4
Tcas003060,darkorange2,4
Tcas002650,darkorange2,4
Tcas003331,darkorange2,4
Tcas002873,darkorange2,4
Tcas003511,darkorange2,4
Tcas003565,darkorange2,4
Tcas003500,darkorange2,4
Tcas002880,darkorange2,4
Tcas003458,darkorange2,4
Tcas003253,darkorange2,4
Tcas003363,darkorange2,4
Tcas002893,darkorange2,4
Tcas003541,darkorange2,4
Tcas002828,darkorange2,4
Tcas003417,darkorange2,4
Tcas003142,darkorange2,4
Tcas002500,darkorange2,4
Tcas003428,darkorange2,4
Tcas003410,darkorange2,4
Tcas003518,darkorange2,4
Tcas002484,darkorange2,4
Tcas002826,darkorange2,4
Tcas002710,darkorange2,4
Tcas002761,darkorange2,4
Tcas003169,darkorange2,4
Tcas003233,darkorange2,4
Tcas003437,darkorange2,4
Tcas002609,darkorange2,4
Tcas002518,darkorange2,4
Tcas003147,darkorange2,4
Tcas002868,darkorange2,4
Tcas002733,darkorange2,4
Tcas003561,darkorange2,4
Tcas002832,darkorange2,4
Tcas003160,darkorange2,4
Tcas002589,darkorange2,4
Tcas002660,darkorange2,4
Tcas003398,darkorange2,4
Tcas002876,darkorange2,4
Tcas002509,darkorange2,4
Tcas002527,darkorange2,4
Tcas002565,darkorange2,4
Tcas003314,darkorange2,4
Tcas002825,darkorange2,4
Tcas003063,darkorange2,4
Tcas003537,darkorange2,4
Tcas003560,darkorange2,4
Tcas003197,darkorange2,4
Tcas002504,darkorange2,4
Tcas002577,darkorange2,4
Tcas003406,darkorange2,4
Tcas002860,darkorange2,4
Tcas003173,darkorange2,4
Tcas002941,darkorange2,4
Tcas003192,darkorange2,4
Tcas002436,darkorange2,4
Tcas003356,darkorange2,4
Tcas003555,darkorange2,4
Tcas003589,darkorange2,4
Tcas002495,darkorange2,4
Tcas003527,darkorange2,4
Tcas003574,darkorange2,4
Tcas002962,darkorange2,4
Tcas003602,darkorange2,4
Tcas003634,darkorange2,4
Tcas003662,darkorange2,4
Tcas003663,darkorange2,4
Tcas003682,darkorange2,4
Tcas003697,darkorange2,4
Tcas003699,darkorange2,4
Tcas003711,darkorange2,4
Tcas003726,darkorange2,4
Tcas003738,darkorange2,4
Tcas003750,darkorange2,4
Tcas003751,darkorange2,4
Tcas003748,darkorange2,4
Tcas003759,darkorange2,4
Tcas003772,darkorange2,4
Tcas003766,darkorange2,4
Tcas003777,darkorange2,4
Tcas003780,darkorange2,4
Tcas003789,darkorange2,4
Tcas005248,darkorange2,4
Tcas004038,darkorange2,4
Tcas004483,darkorange2,4
Tcas004520,darkorange2,4
Tcas004120,darkorange2,4
Tcas004074,darkorange2,4
Tcas003991,darkorange2,4
Tcas005168,darkorange2,4
Tcas004518,darkorange2,4
Tcas004337,darkorange2,4
Tcas005235,darkorange2,4
Tcas003937,darkorange2,4
Tcas004467,darkorange2,4
Tcas004161,darkorange2,4
Tcas005189,darkorange2,4
Tcas004137,darkorange2,4
Tcas004362,darkorange2,4
Tcas003990,darkorange2,4
Tcas004029,darkorange2,4
Tcas004354,darkorange2,4
Tcas003949,darkorange2,4
Tcas004015,darkorange2,4
Tcas004846,darkorange2,4
Tcas003929,darkorange2,4
Tcas004032,darkorange2,4
Tcas004475,darkorange2,4
Tcas005139,darkorange2,4
Tcas005089,darkorange2,4
Tcas003995,darkorange2,4
Tcas004633,darkorange2,4
Tcas004104,darkorange2,4
Tcas004781,darkorange2,4
Tcas004981,darkorange2,4
Tcas004644,darkorange2,4
Tcas004614,darkorange2,4
Tcas003924,darkorange2,4
Tcas004780,darkorange2,4
Tcas005075,darkorange2,4
Tcas004307,darkorange2,4
Tcas003862,darkorange2,4
Tcas004501,darkorange2,4
Tcas005217,darkorange2,4
Tcas003965,darkorange2,4
Tcas003831,darkorange2,4
Tcas004094,darkorange2,4
Tcas005244,darkorange2,4
Tcas004830,darkorange2,4
Tcas004169,darkorange2,4
Tcas004062,darkorange2,4
Tcas004867,darkorange2,4
Tcas003839,darkorange2,4
Tcas004933,darkorange2,4
Tcas003957,darkorange2,4
Tcas004555,darkorange2,4
Tcas005154,darkorange2,4
Tcas004916,darkorange2,4
Tcas005021,darkorange2,4
Tcas005294,darkorange2,4
Tcas004336,darkorange2,4
Tcas003996,darkorange2,4
Tcas005274,darkorange2,4
Tcas004594,darkorange2,4
Tcas004710,darkorange2,4
Tcas004156,darkorange2,4
Tcas004810,darkorange2,4
Tcas004429,darkorange2,4
Tcas004233,darkorange2,4
Tcas003908,darkorange2,4
Tcas004392,darkorange2,4
Tcas004844,darkorange2,4
Tcas004389,darkorange2,4
Tcas004615,darkorange2,4
Tcas004590,darkorange2,4
Tcas004884,darkorange2,4
Tcas004067,darkorange2,4
Tcas004369,darkorange2,4
Tcas004431,darkorange2,4
Tcas004674,darkorange2,4
Tcas003958,darkorange2,4
Tcas003925,darkorange2,4
Tcas005275,darkorange2,4
Tcas004868,darkorange2,4
Tcas004776,darkorange2,4
Tcas004045,darkorange2,4
Tcas004856,darkorange2,4
Tcas005127,darkorange2,4
Tcas004087,darkorange2,4
Tcas004258,darkorange2,4
Tcas003972,darkorange2,4
Tcas005194,darkorange2,4
Tcas005141,darkorange2,4
Tcas004080,darkorange2,4
Tcas004544,darkorange2,4
Tcas004359,darkorange2,4
Tcas005213,darkorange2,4
Tcas005271,darkorange2,4
Tcas004200,darkorange2,4
Tcas004300,darkorange2,4
Tcas004059,darkorange2,4
Tcas004473,darkorange2,4
Tcas005117,darkorange2,4
Tcas005225,darkorange2,4
Tcas004223,darkorange2,4
Tcas004386,darkorange2,4
Tcas004973,darkorange2,4
Tcas004770,darkorange2,4
Tcas004976,darkorange2,4
Tcas005000,darkorange2,4
Tcas004732,darkorange2,4
Tcas005129,darkorange2,4
Tcas004842,darkorange2,4
Tcas003872,darkorange2,4
Tcas004466,darkorange2,4
Tcas004404,darkorange2,4
Tcas004355,darkorange2,4
Tcas004208,darkorange2,4
Tcas004423,darkorange2,4
Tcas005310,darkorange2,4
Tcas005315,darkorange2,4
Tcas005380,darkorange2,4
Tcas005388,darkorange2,4
Tcas005390,darkorange2,4
Tcas005384,darkorange2,4
Tcas005389,darkorange2,4
Tcas005392,darkorange2,4
Tcas005409,darkorange2,4
Tcas005412,darkorange2,4
Tcas005415,darkorange2,4
Tcas005445,darkorange2,4
Tcas005831,darkorange2,4
Tcas005747,darkorange2,4
Tcas006008,darkorange2,4
Tcas005651,darkorange2,4
Tcas005981,darkorange2,4
Tcas006050,darkorange2,4
Tcas006223,darkorange2,4
Tcas005943,darkorange2,4
Tcas006040,darkorange2,4
Tcas006053,darkorange2,4
Tcas006010,darkorange2,4
Tcas005961,darkorange2,4
Tcas006206,darkorange2,4
Tcas005742,darkorange2,4
Tcas005556,darkorange2,4
Tcas005648,darkorange2,4
Tcas005884,darkorange2,4
Tcas005947,darkorange2,4
Tcas005802,darkorange2,4
Tcas005695,darkorange2,4
Tcas005620,darkorange2,4
Tcas006178,darkorange2,4
Tcas005974,darkorange2,4
Tcas005874,darkorange2,4
Tcas005632,darkorange2,4
Tcas006058,darkorange2,4
Tcas006138,darkorange2,4
Tcas005478,darkorange2,4
Tcas006158,darkorange2,4
Tcas005897,darkorange2,4
Tcas005555,darkorange2,4
Tcas005621,darkorange2,4
Tcas006030,darkorange2,4
Tcas005852,darkorange2,4
Tcas006133,darkorange2,4
Tcas005934,darkorange2,4
Tcas005997,darkorange2,4
Tcas005849,darkorange2,4
Tcas005661,darkorange2,4
Tcas005660,darkorange2,4
Tcas005792,darkorange2,4
Tcas005992,darkorange2,4
Tcas005817,darkorange2,4
Tcas005666,darkorange2,4
Tcas005783,darkorange2,4
Tcas005773,darkorange2,4
Tcas005701,darkorange2,4
Tcas005446,darkorange2,4
Tcas006246,darkorange2,4
Tcas005542,darkorange2,4
Tcas005840,darkorange2,4
Tcas005486,darkorange2,4
Tcas005492,darkorange2,4
Tcas005938,darkorange2,4
Tcas006127,darkorange2,4
Tcas006233,darkorange2,4
Tcas005906,darkorange2,4
Tcas006047,darkorange2,4
Tcas005570,darkorange2,4
Tcas006153,darkorange2,4
Tcas005576,darkorange2,4
Tcas005766,darkorange2,4
Tcas005971,darkorange2,4
Tcas005554,darkorange2,4
Tcas006261,darkorange2,4
Tcas006496,darkorange2,4
Tcas007172,darkorange2,4
Tcas006714,darkorange2,4
Tcas007277,darkorange2,4
Tcas006414,darkorange2,4
Tcas007336,darkorange2,4
Tcas006507,darkorange2,4
Tcas007075,darkorange2,4
Tcas006729,darkorange2,4
Tcas007474,darkorange2,4
Tcas006641,darkorange2,4
Tcas006715,darkorange2,4
Tcas006865,darkorange2,4
Tcas006409,darkorange2,4
Tcas007063,darkorange2,4
Tcas006615,darkorange2,4
Tcas007256,darkorange2,4
Tcas007484,darkorange2,4
Tcas006302,darkorange2,4
Tcas007170,darkorange2,4
Tcas007391,darkorange2,4
Tcas006995,darkorange2,4
Tcas006919,darkorange2,4
Tcas006977,darkorange2,4
Tcas006672,darkorange2,4
Tcas007081,darkorange2,4
Tcas006281,darkorange2,4
Tcas007436,darkorange2,4
Tcas007380,darkorange2,4
Tcas006696,darkorange2,4
Tcas007195,darkorange2,4
Tcas007186,darkorange2,4
Tcas006647,darkorange2,4
Tcas006799,darkorange2,4
Tcas007082,darkorange2,4
Tcas006338,darkorange2,4
Tcas006366,darkorange2,4
Tcas006748,darkorange2,4
Tcas006306,darkorange2,4
Tcas006371,darkorange2,4
Tcas007106,darkorange2,4
Tcas006967,darkorange2,4
Tcas007282,darkorange2,4
Tcas007066,darkorange2,4
Tcas006633,darkorange2,4
Tcas007406,darkorange2,4
Tcas007327,darkorange2,4
Tcas006886,darkorange2,4
Tcas006509,darkorange2,4
Tcas007476,darkorange2,4
Tcas007118,darkorange2,4
Tcas006863,darkorange2,4
Tcas007455,darkorange2,4
Tcas007343,darkorange2,4
Tcas006656,darkorange2,4
Tcas006902,darkorange2,4
Tcas007420,darkorange2,4
Tcas006603,darkorange2,4
Tcas006609,darkorange2,4
Tcas007093,darkorange2,4
Tcas006568,darkorange2,4
Tcas006585,darkorange2,4
Tcas006867,darkorange2,4
Tcas007358,darkorange2,4
Tcas006895,darkorange2,4
Tcas007275,darkorange2,4
Tcas006589,darkorange2,4
Tcas006979,darkorange2,4
Tcas007321,darkorange2,4
Tcas006421,darkorange2,4
Tcas006570,darkorange2,4
Tcas006557,darkorange2,4
Tcas007419,darkorange2,4
Tcas006740,darkorange2,4
Tcas006476,darkorange2,4
Tcas006392,darkorange2,4
Tcas007182,darkorange2,4
Tcas006982,darkorange2,4
Tcas007479,darkorange2,4
Tcas006800,darkorange2,4
Tcas006904,darkorange2,4
Tcas006318,darkorange2,4
Tcas006779,darkorange2,4
Tcas006855,darkorange2,4
Tcas007299,darkorange2,4
Tcas006466,darkorange2,4
Tcas007356,darkorange2,4
Tcas008795,darkorange2,4
Tcas007562,darkorange2,4
Tcas008257,darkorange2,4
Tcas008997,darkorange2,4
Tcas008960,darkorange2,4
Tcas007939,darkorange2,4
Tcas007841,darkorange2,4
Tcas008091,darkorange2,4
Tcas007955,darkorange2,4
Tcas008848,darkorange2,4
Tcas007927,darkorange2,4
Tcas007542,darkorange2,4
Tcas008748,darkorange2,4
Tcas008705,darkorange2,4
Tcas007932,darkorange2,4
Tcas008933,darkorange2,4
Tcas008485,darkorange2,4
Tcas007704,darkorange2,4
Tcas008984,darkorange2,4
Tcas008698,darkorange2,4
Tcas008871,darkorange2,4
Tcas008498,darkorange2,4
Tcas008600,darkorange2,4
Tcas008947,darkorange2,4
Tcas007846,darkorange2,4
Tcas007602,darkorange2,4
Tcas007669,darkorange2,4
Tcas008147,darkorange2,4
Tcas008975,darkorange2,4
Tcas008072,darkorange2,4
Tcas008644,darkorange2,4
Tcas008070,darkorange2,4
Tcas008036,darkorange2,4
Tcas008366,darkorange2,4
Tcas009035,darkorange2,4
Tcas007778,darkorange2,4
Tcas007625,darkorange2,4
Tcas009082,darkorange2,4
Tcas008454,darkorange2,4
Tcas007889,darkorange2,4
Tcas008427,darkorange2,4
Tcas007962,darkorange2,4
Tcas008077,darkorange2,4
Tcas008499,darkorange2,4
Tcas007528,darkorange2,4
Tcas008376,darkorange2,4
Tcas007775,darkorange2,4
Tcas008939,darkorange2,4
Tcas008669,darkorange2,4
Tcas008178,darkorange2,4
Tcas007872,darkorange2,4
Tcas009012,darkorange2,4
Tcas008777,darkorange2,4
Tcas007974,darkorange2,4
Tcas008021,darkorange2,4
Tcas008223,darkorange2,4
Tcas008911,darkorange2,4
Tcas008255,darkorange2,4
Tcas007740,darkorange2,4
Tcas008322,darkorange2,4
Tcas007526,darkorange2,4
Tcas008657,darkorange2,4
Tcas008315,darkorange2,4
Tcas008652,darkorange2,4
Tcas007695,darkorange2,4
Tcas008590,darkorange2,4
Tcas009086,darkorange2,4
Tcas008726,darkorange2,4
Tcas008927,darkorange2,4
Tcas008893,darkorange2,4
Tcas008584,darkorange2,4
Tcas008569,darkorange2,4
Tcas009081,darkorange2,4
Tcas008628,darkorange2,4
Tcas008957,darkorange2,4
Tcas007869,darkorange2,4
Tcas007983,darkorange2,4
Tcas008086,darkorange2,4
Tcas007733,darkorange2,4
Tcas008166,darkorange2,4
Tcas007772,darkorange2,4
Tcas008440,darkorange2,4
Tcas007518,darkorange2,4
Tcas009078,darkorange2,4
Tcas008696,darkorange2,4
Tcas008956,darkorange2,4
Tcas008283,darkorange2,4
Tcas008639,darkorange2,4
Tcas008469,darkorange2,4
Tcas007904,darkorange2,4
Tcas008012,darkorange2,4
Tcas007773,darkorange2,4
Tcas007510,darkorange2,4
Tcas008151,darkorange2,4
Tcas009092,darkorange2,4
Tcas008904,darkorange2,4
Tcas008330,darkorange2,4
Tcas008381,darkorange2,4
Tcas007975,darkorange2,4
Tcas008693,darkorange2,4
Tcas008428,darkorange2,4
Tcas007993,darkorange2,4
Tcas008368,darkorange2,4
Tcas008396,darkorange2,4
Tcas007915,darkorange2,4
Tcas007790,darkorange2,4
Tcas008146,darkorange2,4
Tcas007923,darkorange2,4
Tcas007683,darkorange2,4
Tcas007535,darkorange2,4
Tcas008117,darkorange2,4
Tcas008862,darkorange2,4
Tcas008133,darkorange2,4
Tcas008966,darkorange2,4
Tcas008989,darkorange2,4
Tcas008891,darkorange2,4
Tcas007999,darkorange2,4
Tcas008837,darkorange2,4
Tcas007768,darkorange2,4
Tcas007665,darkorange2,4
Tcas008480,darkorange2,4
Tcas008323,darkorange2,4
Tcas007771,darkorange2,4
Tcas007800,darkorange2,4
Tcas007656,darkorange2,4
Tcas008297,darkorange2,4
Tcas007676,darkorange2,4
Tcas010122,darkorange2,4
Tcas009139,darkorange2,4
Tcas010341,darkorange2,4
Tcas009871,darkorange2,4
Tcas010317,darkorange2,4
Tcas009331,darkorange2,4
Tcas009646,darkorange2,4
Tcas010221,darkorange2,4
Tcas009820,darkorange2,4
Tcas009129,darkorange2,4
Tcas009638,darkorange2,4
Tcas010021,darkorange2,4
Tcas009490,darkorange2,4
Tcas009248,darkorange2,4
Tcas010395,darkorange2,4
Tcas009671,darkorange2,4
Tcas009825,darkorange2,4
Tcas009959,darkorange2,4
Tcas009164,darkorange2,4
Tcas009290,darkorange2,4
Tcas010153,darkorange2,4
Tcas010222,darkorange2,4
Tcas010057,darkorange2,4
Tcas010087,darkorange2,4
Tcas010491,darkorange2,4
Tcas010080,darkorange2,4
Tcas010302,darkorange2,4
Tcas009232,darkorange2,4
Tcas010101,darkorange2,4
Tcas009769,darkorange2,4
Tcas009814,darkorange2,4
Tcas010151,darkorange2,4
Tcas009908,darkorange2,4
Tcas010490,darkorange2,4
Tcas009865,darkorange2,4
Tcas009582,darkorange2,4
Tcas009547,darkorange2,4
Tcas009634,darkorange2,4
Tcas010254,darkorange2,4
Tcas009256,darkorange2,4
Tcas010194,darkorange2,4
Tcas009733,darkorange2,4
Tcas010332,darkorange2,4
Tcas009138,darkorange2,4
Tcas009954,darkorange2,4
Tcas009742,darkorange2,4
Tcas009650,darkorange2,4
Tcas010313,darkorange2,4
Tcas009334,darkorange2,4
Tcas009699,darkorange2,4
Tcas010361,darkorange2,4
Tcas010377,darkorange2,4
Tcas010209,darkorange2,4
Tcas009231,darkorange2,4
Tcas010425,darkorange2,4
Tcas009989,darkorange2,4
Tcas009577,darkorange2,4
Tcas010362,darkorange2,4
Tcas009444,darkorange2,4
Tcas010217,darkorange2,4
Tcas009533,darkorange2,4
Tcas010478,darkorange2,4
Tcas009404,darkorange2,4
Tcas009887,darkorange2,4
Tcas009796,darkorange2,4
Tcas009982,darkorange2,4
Tcas010376,darkorange2,4
Tcas009564,darkorange2,4
Tcas010152,darkorange2,4
Tcas009579,darkorange2,4
Tcas010106,darkorange2,4
Tcas010236,darkorange2,4
Tcas010486,darkorange2,4
Tcas009628,darkorange2,4
Tcas010283,darkorange2,4
Tcas009739,darkorange2,4
Tcas009781,darkorange2,4
Tcas010229,darkorange2,4
Tcas010292,darkorange2,4
Tcas010065,darkorange2,4
Tcas010067,darkorange2,4
Tcas010437,darkorange2,4
Tcas010225,darkorange2,4
Tcas009214,darkorange2,4
Tcas009526,darkorange2,4
Tcas010092,darkorange2,4
Tcas010304,darkorange2,4
Tcas009556,darkorange2,4
Tcas009497,darkorange2,4
Tcas009677,darkorange2,4
Tcas009192,darkorange2,4
Tcas010088,darkorange2,4
Tcas009477,darkorange2,4
Tcas010277,darkorange2,4
Tcas010331,darkorange2,4
Tcas010300,darkorange2,4
Tcas010367,darkorange2,4
Tcas010175,darkorange2,4
Tcas009592,darkorange2,4
Tcas010252,darkorange2,4
Tcas010389,darkorange2,4
Tcas009715,darkorange2,4
Tcas009473,darkorange2,4
Tcas009433,darkorange2,4
Tcas009967,darkorange2,4
Tcas009372,darkorange2,4
Tcas009359,darkorange2,4
Tcas009410,darkorange2,4
Tcas010295,darkorange2,4
Tcas009897,darkorange2,4
Tcas010281,darkorange2,4
Tcas009345,darkorange2,4
Tcas010243,darkorange2,4
Tcas010580,darkorange2,4
Tcas010536,darkorange2,4
Tcas010526,darkorange2,4
Tcas010533,darkorange2,4
Tcas010513,darkorange2,4
Tcas010517,darkorange2,4
Tcas010523,darkorange2,4
Tcas010531,darkorange2,4
Tcas010605,darkorange2,4
Tcas010644,darkorange2,4
Tcas010651,darkorange2,4
Tcas010650,darkorange2,4
Tcas010824,darkorange2,4
Tcas010960,darkorange2,4
Tcas010785,darkorange2,4
Tcas010683,darkorange2,4
Tcas010738,darkorange2,4
Tcas010968,darkorange2,4
Tcas010748,darkorange2,4
Tcas010752,darkorange2,4
Tcas010910,darkorange2,4
Tcas010779,darkorange2,4
Tcas010944,darkorange2,4
Tcas011043,darkorange2,4
Tcas010730,darkorange2,4
Tcas011112,darkorange2,4
Tcas011040,darkorange2,4
Tcas010864,darkorange2,4
Tcas010725,darkorange2,4
Tcas010689,darkorange2,4
Tcas011020,darkorange2,4
Tcas010760,darkorange2,4
Tcas010879,darkorange2,4
Tcas010849,darkorange2,4
Tcas010775,darkorange2,4
Tcas011001,darkorange2,4
Tcas010915,darkorange2,4
Tcas010764,darkorange2,4
Tcas011055,darkorange2,4
Tcas010891,darkorange2,4
Tcas010972,darkorange2,4
Tcas010691,darkorange2,4
Tcas010690,darkorange2,4
Tcas010982,darkorange2,4
Tcas011026,darkorange2,4
Tcas010924,darkorange2,4
Tcas010819,darkorange2,4
Tcas010770,darkorange2,4
Tcas010847,darkorange2,4
Tcas010782,darkorange2,4
Tcas010737,darkorange2,4
Tcas010908,darkorange2,4
Tcas011054,darkorange2,4
Tcas010736,darkorange2,4
Tcas011005,darkorange2,4
Tcas010829,darkorange2,4
Tcas010967,darkorange2,4
Tcas010843,darkorange2,4
Tcas010666,darkorange2,4
Tcas011083,darkorange2,4
Tcas010959,darkorange2,4
Tcas011060,darkorange2,4
Tcas010995,darkorange2,4
Tcas011138,darkorange2,4
Tcas011151,darkorange2,4
Tcas011148,darkorange2,4
Tcas011164,darkorange2,4
Tcas011171,darkorange2,4
Tcas011180,darkorange2,4
Tcas011186,darkorange2,4
Tcas011220,darkorange2,4
Tcas011228,darkorange2,4
Tcas011235,darkorange2,4
Tcas011238,darkorange2,4
Tcas011272,darkorange2,4
Tcas011277,darkorange2,4
Tcas011255,darkorange2,4
Tcas011282,darkorange2,4
Tcas012266,darkorange2,4
Tcas012109,darkorange2,4
Tcas012535,darkorange2,4
Tcas012003,darkorange2,4
Tcas012092,darkorange2,4
Tcas011334,darkorange2,4
Tcas012108,darkorange2,4
Tcas011983,darkorange2,4
Tcas011452,darkorange2,4
Tcas011676,darkorange2,4
Tcas012537,darkorange2,4
Tcas011488,darkorange2,4
Tcas011970,darkorange2,4
Tcas011922,darkorange2,4
Tcas011774,darkorange2,4
Tcas011623,darkorange2,4
Tcas011367,darkorange2,4
Tcas011902,darkorange2,4
Tcas011585,darkorange2,4
Tcas012491,darkorange2,4
Tcas012466,darkorange2,4
Tcas011566,darkorange2,4
Tcas011469,darkorange2,4
Tcas011778,darkorange2,4
Tcas012029,darkorange2,4
Tcas012207,darkorange2,4
Tcas011466,darkorange2,4
Tcas011352,darkorange2,4
Tcas012288,darkorange2,4
Tcas012060,darkorange2,4
Tcas012240,darkorange2,4
Tcas012013,darkorange2,4
Tcas011304,darkorange2,4
Tcas011743,darkorange2,4
Tcas011480,darkorange2,4
Tcas012180,darkorange2,4
Tcas012006,darkorange2,4
Tcas012122,darkorange2,4
Tcas011290,darkorange2,4
Tcas012228,darkorange2,4
Tcas012099,darkorange2,4
Tcas011669,darkorange2,4
Tcas012487,darkorange2,4
Tcas011639,darkorange2,4
Tcas012486,darkorange2,4
Tcas012050,darkorange2,4
Tcas011960,darkorange2,4
Tcas011426,darkorange2,4
Tcas012269,darkorange2,4
Tcas012440,darkorange2,4
Tcas011317,darkorange2,4
Tcas011339,darkorange2,4
Tcas011477,darkorange2,4
Tcas012279,darkorange2,4
Tcas011866,darkorange2,4
Tcas011536,darkorange2,4
Tcas011501,darkorange2,4
Tcas012371,darkorange2,4
Tcas011465,darkorange2,4
Tcas012082,darkorange2,4
Tcas012086,darkorange2,4
Tcas012081,darkorange2,4
Tcas012229,darkorange2,4
Tcas011665,darkorange2,4
Tcas012211,darkorange2,4
Tcas011419,darkorange2,4
Tcas011923,darkorange2,4
Tcas012258,darkorange2,4
Tcas012538,darkorange2,4
Tcas012556,darkorange2,4
Tcas012409,darkorange2,4
Tcas012308,darkorange2,4
Tcas011508,darkorange2,4
Tcas011815,darkorange2,4
Tcas011507,darkorange2,4
Tcas011908,darkorange2,4
Tcas011814,darkorange2,4
Tcas012246,darkorange2,4
Tcas011843,darkorange2,4
Tcas011613,darkorange2,4
Tcas011956,darkorange2,4
Tcas012154,darkorange2,4
Tcas011751,darkorange2,4
Tcas012146,darkorange2,4
Tcas011746,darkorange2,4
Tcas012312,darkorange2,4
Tcas012209,darkorange2,4
Tcas011343,darkorange2,4
Tcas012235,darkorange2,4
Tcas012514,darkorange2,4
Tcas011730,darkorange2,4
Tcas011712,darkorange2,4
Tcas011645,darkorange2,4
Tcas011739,darkorange2,4
Tcas012527,darkorange2,4
Tcas011624,darkorange2,4
Tcas011379,darkorange2,4
Tcas011811,darkorange2,4
Tcas011439,darkorange2,4
Tcas012545,darkorange2,4
Tcas012167,darkorange2,4
Tcas011400,darkorange2,4
Tcas012360,darkorange2,4
Tcas011560,darkorange2,4
Tcas011632,darkorange2,4
Tcas012599,darkorange2,4
Tcas000007,black,5
Tcas000012,black,5
Tcas000017,black,5
Tcas000005,black,5
Tcas000023,black,5
Tcas000066,black,5
Tcas000071,black,5
Tcas000087,black,5
Tcas000096,black,5
Tcas000097,black,5
Tcas000104,black,5
Tcas001031,black,5
Tcas000503,black,5
Tcas001609,black,5
Tcas001614,black,5
Tcas001562,black,5
Tcas000455,black,5
Tcas000660,black,5
Tcas000184,black,5
Tcas000545,black,5
Tcas000932,black,5
Tcas000182,black,5
Tcas001051,black,5
Tcas000425,black,5
Tcas000317,black,5
Tcas001680,black,5
Tcas000804,black,5
Tcas000631,black,5
Tcas001681,black,5
Tcas001336,black,5
Tcas000942,black,5
Tcas000205,black,5
Tcas001241,black,5
Tcas000457,black,5
Tcas001028,black,5
Tcas000392,black,5
Tcas000255,black,5
Tcas000576,black,5
Tcas001215,black,5
Tcas001093,black,5
Tcas000197,black,5
Tcas001018,black,5
Tcas000752,black,5
Tcas001076,black,5
Tcas001649,black,5
Tcas001551,black,5
Tcas000862,black,5
Tcas000980,black,5
Tcas000404,black,5
Tcas001327,black,5
Tcas000468,black,5
Tcas001345,black,5
Tcas000599,black,5
Tcas001276,black,5
Tcas001696,black,5
Tcas001220,black,5
Tcas000798,black,5
Tcas000753,black,5
Tcas001496,black,5
Tcas000147,black,5
Tcas001244,black,5
Tcas001402,black,5
Tcas000429,black,5
Tcas001640,black,5
Tcas000573,black,5
Tcas001282,black,5
Tcas000671,black,5
Tcas001516,black,5
Tcas001601,black,5
Tcas000124,black,5
Tcas001037,black,5
Tcas000302,black,5
Tcas000774,black,5
Tcas000868,black,5
Tcas000996,black,5
Tcas001160,black,5
Tcas000506,black,5
Tcas001305,black,5
Tcas000961,black,5
Tcas000451,black,5
Tcas001266,black,5
Tcas001585,black,5
Tcas001570,black,5
Tcas001128,black,5
Tcas001762,black,5
Tcas002091,black,5
Tcas002300,black,5
Tcas002414,black,5
Tcas001906,black,5
Tcas002066,black,5
Tcas002302,black,5
Tcas002129,black,5
Tcas002223,black,5
Tcas001987,black,5
Tcas001996,black,5
Tcas002148,black,5
Tcas001931,black,5
Tcas002017,black,5
Tcas001801,black,5
Tcas002253,black,5
Tcas002119,black,5
Tcas002140,black,5
Tcas002000,black,5
Tcas002043,black,5
Tcas001800,black,5
Tcas001783,black,5
Tcas001825,black,5
Tcas002350,black,5
Tcas001918,black,5
Tcas002320,black,5
Tcas001989,black,5
Tcas001858,black,5
Tcas002241,black,5
Tcas002277,black,5
Tcas002051,black,5
Tcas002181,black,5
Tcas002061,black,5
Tcas001886,black,5
Tcas001973,black,5
Tcas001852,black,5
Tcas002184,black,5
Tcas002058,black,5
Tcas002132,black,5
Tcas002989,black,5
Tcas003508,black,5
Tcas002834,black,5
Tcas002815,black,5
Tcas003107,black,5
Tcas002503,black,5
Tcas002997,black,5
Tcas002602,black,5
Tcas003077,black,5
Tcas002859,black,5
Tcas002460,black,5
Tcas002549,black,5
Tcas003235,black,5
Tcas002685,black,5
Tcas003099,black,5
Tcas003490,black,5
Tcas003012,black,5
Tcas002698,black,5
Tcas003128,black,5
Tcas002613,black,5
Tcas002777,black,5
Tcas003325,black,5
Tcas003066,black,5
Tcas003232,black,5
Tcas002808,black,5
Tcas003326,black,5
Tcas003380,black,5
Tcas003455,black,5
Tcas003074,black,5
Tcas002899,black,5
Tcas002715,black,5
Tcas003342,black,5
Tcas002970,black,5
Tcas003516,black,5
Tcas002848,black,5
Tcas002620,black,5
Tcas003588,black,5
Tcas003376,black,5
Tcas002750,black,5
Tcas003381,black,5
Tcas003217,black,5
Tcas003178,black,5
Tcas003239,black,5
Tcas002485,black,5
Tcas003582,black,5
Tcas003236,black,5
Tcas003394,black,5
Tcas003056,black,5
Tcas002600,black,5
Tcas002751,black,5
Tcas002793,black,5
Tcas002610,black,5
Tcas002657,black,5
Tcas002931,black,5
Tcas002673,black,5
Tcas003484,black,5
Tcas002677,black,5
Tcas003367,black,5
Tcas003362,black,5
Tcas003449,black,5
Tcas003572,black,5
Tcas002978,black,5
Tcas003643,black,5
Tcas003637,black,5
Tcas003650,black,5
Tcas003665,black,5
Tcas003698,black,5
Tcas003713,black,5
Tcas003736,black,5
Tcas003758,black,5
Tcas003799,black,5
Tcas004761,black,5
Tcas004984,black,5
Tcas004666,black,5
Tcas004559,black,5
Tcas005200,black,5
Tcas005258,black,5
Tcas004659,black,5
Tcas004536,black,5
Tcas004662,black,5
Tcas004957,black,5
Tcas004124,black,5
Tcas003921,black,5
Tcas004318,black,5
Tcas004769,black,5
Tcas004978,black,5
Tcas004360,black,5
Tcas005199,black,5
Tcas004322,black,5
Tcas005163,black,5
Tcas003981,black,5
Tcas004244,black,5
Tcas004024,black,5
Tcas005176,black,5
Tcas004876,black,5
Tcas003889,black,5
Tcas004779,black,5
Tcas005144,black,5
Tcas004537,black,5
Tcas004722,black,5
Tcas004977,black,5
Tcas005172,black,5
Tcas003877,black,5
Tcas003933,black,5
Tcas003915,black,5
Tcas005071,black,5
Tcas004044,black,5
Tcas003902,black,5
Tcas003914,black,5
Tcas004031,black,5
Tcas004159,black,5
Tcas004253,black,5
Tcas004983,black,5
Tcas004443,black,5
Tcas004647,black,5
Tcas005084,black,5
Tcas004596,black,5
Tcas004471,black,5
Tcas005133,black,5
Tcas004922,black,5
Tcas004940,black,5
Tcas003904,black,5
Tcas004505,black,5
Tcas004484,black,5
Tcas003982,black,5
Tcas004310,black,5
Tcas004451,black,5
Tcas004136,black,5
Tcas004857,black,5
Tcas004745,black,5
Tcas004338,black,5
Tcas004228,black,5
Tcas005177,black,5
Tcas003846,black,5
Tcas004297,black,5
Tcas004582,black,5
Tcas004608,black,5
Tcas004646,black,5
Tcas004085,black,5
Tcas004465,black,5
Tcas004921,black,5
Tcas004623,black,5
Tcas004160,black,5
Tcas004841,black,5
Tcas005195,black,5
Tcas004808,black,5
Tcas005287,black,5
Tcas004839,black,5
Tcas005303,black,5
Tcas005324,black,5
Tcas005330,black,5
Tcas005535,black,5
Tcas005826,black,5
Tcas005909,black,5
Tcas006249,black,5
Tcas006191,black,5
Tcas006129,black,5
Tcas006213,black,5
Tcas005545,black,5
Tcas005501,black,5
Tcas006067,black,5
Tcas005544,black,5
Tcas005705,black,5
Tcas005919,black,5
Tcas006202,black,5
Tcas005913,black,5
Tcas006108,black,5
Tcas006197,black,5
Tcas005721,black,5
Tcas005692,black,5
Tcas005610,black,5
Tcas005670,black,5
Tcas005754,black,5
Tcas005848,black,5
Tcas005732,black,5
Tcas005605,black,5
Tcas005809,black,5
Tcas005829,black,5
Tcas005559,black,5
Tcas005820,black,5
Tcas006098,black,5
Tcas006081,black,5
Tcas006181,black,5
Tcas005842,black,5
Tcas005725,black,5
Tcas005599,black,5
Tcas006245,black,5
Tcas005456,black,5
Tcas006096,black,5
Tcas005622,black,5
Tcas005582,black,5
Tcas005552,black,5
Tcas006162,black,5
Tcas005823,black,5
Tcas006066,black,5
Tcas005604,black,5
Tcas005642,black,5
Tcas005841,black,5
Tcas005649,black,5
Tcas005980,black,5
Tcas006099,black,5
Tcas005901,black,5
Tcas005708,black,5
Tcas006271,black,5
Tcas006262,black,5
Tcas006267,black,5
Tcas006588,black,5
Tcas007068,black,5
Tcas006759,black,5
Tcas007039,black,5
Tcas006992,black,5
Tcas006623,black,5
Tcas007056,black,5
Tcas006973,black,5
Tcas007002,black,5
Tcas006407,black,5
Tcas006645,black,5
Tcas006969,black,5
Tcas006361,black,5
Tcas006528,black,5
Tcas007017,black,5
Tcas007250,black,5
Tcas006536,black,5
Tcas007243,black,5
Tcas007012,black,5
Tcas007471,black,5
Tcas006751,black,5
Tcas007338,black,5
Tcas006876,black,5
Tcas007088,black,5
Tcas007324,black,5
Tcas006648,black,5
Tcas006999,black,5
Tcas006600,black,5
Tcas006562,black,5
Tcas006890,black,5
Tcas007227,black,5
Tcas007395,black,5
Tcas006777,black,5
Tcas006819,black,5
Tcas007294,black,5
Tcas006706,black,5
Tcas006907,black,5
Tcas006662,black,5
Tcas006598,black,5
Tcas006730,black,5
Tcas006499,black,5
Tcas007257,black,5
Tcas006546,black,5
Tcas007467,black,5
Tcas006526,black,5
Tcas007027,black,5
Tcas006464,black,5
Tcas006638,black,5
Tcas006742,black,5
Tcas006921,black,5
Tcas006352,black,5
Tcas007236,black,5
Tcas006650,black,5
Tcas007092,black,5
Tcas007065,black,5
Tcas006293,black,5
Tcas006341,black,5
Tcas007394,black,5
Tcas006339,black,5
Tcas007421,black,5
Tcas009033,black,5
Tcas008214,black,5
Tcas008967,black,5
Tcas007659,black,5
Tcas008277,black,5
Tcas009067,black,5
Tcas008800,black,5
Tcas008712,black,5
Tcas007959,black,5
Tcas007650,black,5
Tcas008220,black,5
Tcas008407,black,5
Tcas008276,black,5
Tcas008645,black,5
Tcas007942,black,5
Tcas008491,black,5
Tcas008241,black,5
Tcas008239,black,5
Tcas008962,black,5
Tcas008401,black,5
Tcas008531,black,5
Tcas008189,black,5
Tcas008136,black,5
Tcas007806,black,5
Tcas008249,black,5
Tcas007587,black,5
Tcas008874,black,5
Tcas008991,black,5
Tcas008925,black,5
Tcas008161,black,5
Tcas008702,black,5
Tcas007750,black,5
Tcas009009,black,5
Tcas007651,black,5
Tcas008718,black,5
Tcas007730,black,5
Tcas008445,black,5
Tcas008608,black,5
Tcas008412,black,5
Tcas007807,black,5
Tcas008728,black,5
Tcas007937,black,5
Tcas008740,black,5
Tcas008099,black,5
Tcas008235,black,5
Tcas009002,black,5
Tcas007756,black,5
Tcas008889,black,5
Tcas008478,black,5
Tcas008456,black,5
Tcas007590,black,5
Tcas008155,black,5
Tcas007601,black,5
Tcas008068,black,5
Tcas008823,black,5
Tcas008955,black,5
Tcas007682,black,5
Tcas008360,black,5
Tcas008799,black,5
Tcas007515,black,5
Tcas008982,black,5
Tcas009581,black,5
Tcas010224,black,5
Tcas009936,black,5
Tcas009254,black,5
Tcas009156,black,5
Tcas009659,black,5
Tcas009440,black,5
Tcas010451,black,5
Tcas009652,black,5
Tcas010141,black,5
Tcas009368,black,5
Tcas010443,black,5
Tcas009884,black,5
Tcas009725,black,5
Tcas010483,black,5
Tcas010111,black,5
Tcas010323,black,5
Tcas010202,black,5
Tcas010355,black,5
Tcas009330,black,5
Tcas010493,black,5
Tcas010372,black,5
Tcas010326,black,5
Tcas010119,black,5
Tcas010167,black,5
Tcas009832,black,5
Tcas010480,black,5
Tcas009350,black,5
Tcas010128,black,5
Tcas009630,black,5
Tcas010142,black,5
Tcas009494,black,5
Tcas010074,black,5
Tcas009167,black,5
Tcas009798,black,5
Tcas010263,black,5
Tcas010390,black,5
Tcas009328,black,5
Tcas010338,black,5
Tcas010185,black,5
Tcas009233,black,5
Tcas009649,black,5
Tcas010008,black,5
Tcas010318,black,5
Tcas009363,black,5
Tcas009298,black,5
Tcas009834,black,5
Tcas009845,black,5
Tcas009102,black,5
Tcas009837,black,5
Tcas010165,black,5
Tcas009537,black,5
Tcas010392,black,5
Tcas010368,black,5
Tcas010045,black,5
Tcas010574,black,5
Tcas010521,black,5
Tcas010613,black,5
Tcas010811,black,5
Tcas010939,black,5
Tcas010989,black,5
Tcas010947,black,5
Tcas010865,black,5
Tcas010700,black,5
Tcas010804,black,5
Tcas010687,black,5
Tcas011063,black,5
Tcas010923,black,5
Tcas011127,black,5
Tcas010756,black,5
Tcas011012,black,5
Tcas011109,black,5
Tcas011106,black,5
Tcas010796,black,5
Tcas011141,black,5
Tcas011161,black,5
Tcas011248,black,5
Tcas012559,black,5
Tcas011286,black,5
Tcas011636,black,5
Tcas011588,black,5
Tcas012301,black,5
Tcas012379,black,5
Tcas012089,black,5
Tcas012025,black,5
Tcas011644,black,5
Tcas012094,black,5
Tcas012521,black,5
Tcas011885,black,5
Tcas012361,black,5
Tcas012073,black,5
Tcas012583,black,5
Tcas011775,black,5
Tcas012353,black,5
Tcas011965,black,5
Tcas011615,black,5
Tcas012219,black,5
Tcas011978,black,5
Tcas012004,black,5
Tcas012454,black,5
Tcas012270,black,5
Tcas012318,black,5
Tcas012268,black,5
Tcas011358,black,5
Tcas012007,black,5
Tcas011817,black,5
Tcas011826,black,5
Tcas011942,black,5
Tcas012251,black,5
Tcas012165,black,5
Tcas011964,black,5
Tcas011607,black,5
Tcas011900,black,5
Tcas012363,black,5
Tcas011526,black,5
Tcas011805,black,5
Tcas012328,black,5
Tcas012519,black,5
Tcas011807,black,5
Tcas011825,black,5
Tcas011435,black,5
Tcas011347,black,5
Tcas011516,black,5
Tcas011515,black,5
Tcas012259,black,5
Tcas012138,black,5
Tcas012287,black,5
Tcas011685,black,5
Tcas012470,black,5
Tcas011351,black,5
Tcas011847,black,5
Tcas011293,black,5
Tcas012144,black,5
Tcas011727,black,5
Tcas012232,black,5
Tcas012127,black,5
Tcas012531,black,5
Tcas011750,black,5
Tcas012553,black,5
Tcas012145,black,5
Tcas012125,black,5
Tcas011362,black,5
Tcas011945,black,5
Tcas011392,black,5
Tcas012384,black,5
Tcas012174,black,5
Tcas012446,black,5
Tcas012502,black,5
Tcas012485,black,5
Tcas012030,black,5
Tcas012307,black,5
Tcas011491,black,5
Tcas012187,black,5
Tcas011688,black,5
Tcas011744,black,5
Tcas011975,black,5
Tcas011313,black,5
Tcas000009,darkred,6
Tcas000004,darkred,6
Tcas000046,darkred,6
Tcas000094,darkred,6
Tcas000673,darkred,6
Tcas000603,darkred,6
Tcas000515,darkred,6
Tcas001131,darkred,6
Tcas001490,darkred,6
Tcas001143,darkred,6
Tcas001275,darkred,6
Tcas000194,darkred,6
Tcas001652,darkred,6
Tcas000529,darkred,6
Tcas000464,darkred,6
Tcas000387,darkred,6
Tcas000889,darkred,6
Tcas000920,darkred,6
Tcas001639,darkred,6
Tcas000551,darkred,6
Tcas001187,darkred,6
Tcas001210,darkred,6
Tcas000796,darkred,6
Tcas000416,darkred,6
Tcas000979,darkred,6
Tcas000431,darkred,6
Tcas000396,darkred,6
Tcas000185,darkred,6
Tcas001315,darkred,6
Tcas001723,darkred,6
Tcas001689,darkred,6
Tcas000687,darkred,6
Tcas001085,darkred,6
Tcas001635,darkred,6
Tcas001403,darkred,6
Tcas000694,darkred,6
Tcas001735,darkred,6
Tcas000359,darkred,6
Tcas000470,darkred,6
Tcas001264,darkred,6
Tcas000249,darkred,6
Tcas001207,darkred,6
Tcas001461,darkred,6
Tcas000714,darkred,6
Tcas001197,darkred,6
Tcas000265,darkred,6
Tcas000802,darkred,6
Tcas001458,darkred,6
Tcas001321,darkred,6
Tcas001756,darkred,6
Tcas001994,darkred,6
Tcas001808,darkred,6
Tcas001820,darkred,6
Tcas001870,darkred,6
Tcas001894,darkred,6
Tcas002156,darkred,6
Tcas002217,darkred,6
Tcas002238,darkred,6
Tcas002401,darkred,6
Tcas002131,darkred,6
Tcas002092,darkred,6
Tcas002106,darkred,6
Tcas002342,darkred,6
Tcas001881,darkred,6
Tcas002286,darkred,6
Tcas002038,darkred,6
Tcas001876,darkred,6
Tcas002030,darkred,6
Tcas002331,darkred,6
Tcas002005,darkred,6
Tcas002308,darkred,6
Tcas001966,darkred,6
Tcas002374,darkred,6
Tcas002262,darkred,6
Tcas001923,darkred,6
Tcas001884,darkred,6
Tcas001797,darkred,6
Tcas002622,darkred,6
Tcas002946,darkred,6
Tcas003487,darkred,6
Tcas003155,darkred,6
Tcas002539,darkred,6
Tcas003182,darkred,6
Tcas002831,darkred,6
Tcas003447,darkred,6
Tcas002591,darkred,6
Tcas002490,darkred,6
Tcas002658,darkred,6
Tcas003146,darkred,6
Tcas002799,darkred,6
Tcas003352,darkred,6
Tcas003008,darkred,6
Tcas003075,darkred,6
Tcas002887,darkred,6
Tcas002502,darkred,6
Tcas003471,darkred,6
Tcas003521,darkred,6
Tcas003234,darkred,6
Tcas002696,darkred,6
Tcas003470,darkred,6
Tcas002745,darkred,6
Tcas003170,darkred,6
Tcas002437,darkred,6
Tcas003262,darkred,6
Tcas002526,darkred,6
Tcas003057,darkred,6
Tcas002633,darkred,6
Tcas002845,darkred,6
Tcas003329,darkred,6
Tcas003354,darkred,6
Tcas003396,darkred,6
Tcas002706,darkred,6
Tcas002479,darkred,6
Tcas002664,darkred,6
Tcas003131,darkred,6
Tcas003483,darkred,6
Tcas002574,darkred,6
Tcas002800,darkred,6
Tcas003291,darkred,6
Tcas003072,darkred,6
Tcas002538,darkred,6
Tcas002649,darkred,6
Tcas002584,darkred,6
Tcas002732,darkred,6
Tcas002754,darkred,6
Tcas002719,darkred,6
Tcas003629,darkred,6
Tcas003654,darkred,6
Tcas003614,darkred,6
Tcas003671,darkred,6
Tcas003684,darkred,6
Tcas003717,darkred,6
Tcas003757,darkred,6
Tcas003756,darkred,6
Tcas004697,darkred,6
Tcas004637,darkred,6
Tcas004014,darkred,6
Tcas005223,darkred,6
Tcas004579,darkred,6
Tcas005005,darkred,6
Tcas004907,darkred,6
Tcas004164,darkred,6
Tcas004374,darkred,6
Tcas004469,darkred,6
Tcas004099,darkred,6
Tcas004476,darkred,6
Tcas005097,darkred,6
Tcas005031,darkred,6
Tcas004145,darkred,6
Tcas003856,darkred,6
Tcas003964,darkred,6
Tcas005142,darkred,6
Tcas004848,darkred,6
Tcas005191,darkred,6
Tcas004479,darkred,6
Tcas004457,darkred,6
Tcas004409,darkred,6
Tcas005219,darkred,6
Tcas004255,darkred,6
Tcas004493,darkred,6
Tcas004283,darkred,6
Tcas004672,darkred,6
Tcas004667,darkred,6
Tcas004936,darkred,6
Tcas005268,darkred,6
Tcas003847,darkred,6
Tcas004521,darkred,6
Tcas004598,darkred,6
Tcas004141,darkred,6
Tcas005226,darkred,6
Tcas005161,darkred,6
Tcas004649,darkred,6
Tcas005094,darkred,6
Tcas005098,darkred,6
Tcas003892,darkred,6
Tcas005122,darkred,6
Tcas005166,darkred,6
Tcas005197,darkred,6
Tcas004890,darkred,6
Tcas003952,darkred,6
Tcas004885,darkred,6
Tcas004817,darkred,6
Tcas004352,darkred,6
Tcas004129,darkred,6
Tcas004524,darkred,6
Tcas005017,darkred,6
Tcas005113,darkred,6
Tcas005358,darkred,6
Tcas005422,darkred,6
Tcas005443,darkred,6
Tcas005633,darkred,6
Tcas006003,darkred,6
Tcas005950,darkred,6
Tcas005986,darkred,6
Tcas005463,darkred,6
Tcas005736,darkred,6
Tcas005845,darkred,6
Tcas005735,darkred,6
Tcas006113,darkred,6
Tcas005449,darkred,6
Tcas006020,darkred,6
Tcas006203,darkred,6
Tcas005978,darkred,6
Tcas005704,darkred,6
Tcas005706,darkred,6
Tcas006022,darkred,6
Tcas005797,darkred,6
Tcas005718,darkred,6
Tcas005760,darkred,6
Tcas005728,darkred,6
Tcas005677,darkred,6
Tcas005671,darkred,6
Tcas005972,darkred,6
Tcas006690,darkred,6
Tcas006930,darkred,6
Tcas006454,darkred,6
Tcas007144,darkred,6
Tcas007307,darkred,6
Tcas006780,darkred,6
Tcas006511,darkred,6
Tcas006443,darkred,6
Tcas006642,darkred,6
Tcas007216,darkred,6
Tcas007457,darkred,6
Tcas007048,darkred,6
Tcas007446,darkred,6
Tcas007263,darkred,6
Tcas007162,darkred,6
Tcas006957,darkred,6
Tcas007000,darkred,6
Tcas006893,darkred,6
Tcas007158,darkred,6
Tcas007209,darkred,6
Tcas007367,darkred,6
Tcas007210,darkred,6
Tcas007352,darkred,6
Tcas006814,darkred,6
Tcas006798,darkred,6
Tcas006494,darkred,6
Tcas007415,darkred,6
Tcas007203,darkred,6
Tcas007096,darkred,6
Tcas006851,darkred,6
Tcas006943,darkred,6
Tcas008254,darkred,6
Tcas007642,darkred,6
Tcas007783,darkred,6
Tcas008886,darkred,6
Tcas009010,darkred,6
Tcas008550,darkred,6
Tcas007724,darkred,6
Tcas008880,darkred,6
Tcas007953,darkred,6
Tcas008686,darkred,6
Tcas007737,darkred,6
Tcas008659,darkred,6
Tcas007792,darkred,6
Tcas008288,darkred,6
Tcas008210,darkred,6
Tcas008972,darkred,6
Tcas007716,darkred,6
Tcas009089,darkred,6
Tcas007887,darkred,6
Tcas008327,darkred,6
Tcas008522,darkred,6
Tcas008275,darkred,6
Tcas007544,darkred,6
Tcas008900,darkred,6
Tcas007989,darkred,6
Tcas008510,darkred,6
Tcas008338,darkred,6
Tcas008310,darkred,6
Tcas008186,darkred,6
Tcas008792,darkred,6
Tcas007859,darkred,6
Tcas007540,darkred,6
Tcas008908,darkred,6
Tcas009093,darkred,6
Tcas008397,darkred,6
Tcas007604,darkred,6
Tcas008882,darkred,6
Tcas008118,darkred,6
Tcas008842,darkred,6
Tcas008063,darkred,6
Tcas008130,darkred,6
Tcas008110,darkred,6
Tcas008104,darkred,6
Tcas010195,darkred,6
Tcas010319,darkred,6
Tcas010157,darkred,6
Tcas009687,darkred,6
Tcas010189,darkred,6
Tcas009907,darkred,6
Tcas009112,darkred,6
Tcas009633,darkred,6
Tcas009257,darkred,6
Tcas009992,darkred,6
Tcas009934,darkred,6
Tcas009923,darkred,6
Tcas009762,darkred,6
Tcas009261,darkred,6
Tcas010143,darkred,6
Tcas010168,darkred,6
Tcas009465,darkred,6
Tcas010379,darkred,6
Tcas009862,darkred,6
Tcas009718,darkred,6
Tcas009412,darkred,6
Tcas009975,darkred,6
Tcas009670,darkred,6
Tcas009879,darkred,6
Tcas009980,darkred,6
Tcas009572,darkred,6
Tcas010251,darkred,6
Tcas010261,darkred,6
Tcas009378,darkred,6
Tcas009199,darkred,6
Tcas010446,darkred,6
Tcas009479,darkred,6
Tcas009151,darkred,6
Tcas009987,darkred,6
Tcas009305,darkred,6
Tcas009872,darkred,6
Tcas009230,darkred,6
Tcas009856,darkred,6
Tcas010159,darkred,6
Tcas009675,darkred,6
Tcas010420,darkred,6
Tcas009933,darkred,6
Tcas009770,darkred,6
Tcas010132,darkred,6
Tcas010575,darkred,6
Tcas010520,darkred,6
Tcas010588,darkred,6
Tcas010606,darkred,6
Tcas010627,darkred,6
Tcas010626,darkred,6
Tcas011116,darkred,6
Tcas011097,darkred,6
Tcas010833,darkred,6
Tcas010980,darkred,6
Tcas010841,darkred,6
Tcas010777,darkred,6
Tcas010747,darkred,6
Tcas010823,darkred,6
Tcas011066,darkred,6
Tcas011056,darkred,6
Tcas011049,darkred,6
Tcas010816,darkred,6
Tcas011264,darkred,6
Tcas011273,darkred,6
Tcas012399,darkred,6
Tcas011495,darkred,6
Tcas011850,darkred,6
Tcas011899,darkred,6
Tcas011732,darkred,6
Tcas012563,darkred,6
Tcas012542,darkred,6
Tcas012356,darkred,6
Tcas012435,darkred,6
Tcas012342,darkred,6
Tcas012400,darkred,6
Tcas011947,darkred,6
Tcas012338,darkred,6
Tcas012330,darkred,6
Tcas011886,darkred,6
Tcas012549,darkred,6
Tcas011831,darkred,6
Tcas011657,darkred,6
Tcas012412,darkred,6
Tcas012455,darkred,6
Tcas012369,darkred,6
Tcas012319,darkred,6
Tcas011359,darkred,6
Tcas011418,darkred,6
Tcas012513,darkred,6
Tcas011929,darkred,6
Tcas011611,darkred,6
Tcas011649,darkred,6
Tcas011710,darkred,6
Tcas011348,darkred,6
Tcas012444,darkred,6
Tcas012588,darkred,6
Tcas012083,darkred,6
Tcas012218,darkred,6
Tcas012222,darkred,6
Tcas012340,darkred,6
Tcas011535,darkred,6
Tcas011360,darkred,6
Tcas012516,darkred,6
Tcas012336,darkred,6
Tcas012107,darkred,6
Tcas011976,darkred,6
Tcas000018,navajowhite2,7
Tcas000183,navajowhite2,7
Tcas000214,navajowhite2,7
Tcas000992,navajowhite2,7
Tcas000894,navajowhite2,7
Tcas000581,navajowhite2,7
Tcas001647,navajowhite2,7
Tcas001318,navajowhite2,7
Tcas001012,navajowhite2,7
Tcas000491,navajowhite2,7
Tcas002590,navajowhite2,7
Tcas003188,navajowhite2,7
Tcas002679,navajowhite2,7
Tcas002736,navajowhite2,7
Tcas003365,navajowhite2,7
Tcas003201,navajowhite2,7
Tcas002907,navajowhite2,7
Tcas003275,navajowhite2,7
Tcas003421,navajowhite2,7
Tcas004294,navajowhite2,7
Tcas003963,navajowhite2,7
Tcas003861,navajowhite2,7
Tcas004601,navajowhite2,7
Tcas004954,navajowhite2,7
Tcas005112,navajowhite2,7
Tcas004379,navajowhite2,7
Tcas005495,navajowhite2,7
Tcas006235,navajowhite2,7
Tcas005991,navajowhite2,7
Tcas005638,navajowhite2,7
Tcas006240,navajowhite2,7
Tcas006200,navajowhite2,7
Tcas005770,navajowhite2,7
Tcas005618,navajowhite2,7
Tcas006192,navajowhite2,7
Tcas006940,navajowhite2,7
Tcas006578,navajowhite2,7
Tcas006436,navajowhite2,7
Tcas006866,navajowhite2,7
Tcas007304,navajowhite2,7
Tcas006404,navajowhite2,7
Tcas006591,navajowhite2,7
Tcas006561,navajowhite2,7
Tcas006367,navajowhite2,7
Tcas006909,navajowhite2,7
Tcas007498,navajowhite2,7
Tcas007819,navajowhite2,7
Tcas008761,navajowhite2,7
Tcas008790,navajowhite2,7
Tcas008679,navajowhite2,7
Tcas008979,navajowhite2,7
Tcas009069,navajowhite2,7
Tcas007935,navajowhite2,7
Tcas007848,navajowhite2,7
Tcas009075,navajowhite2,7
Tcas008591,navajowhite2,7
Tcas009041,navajowhite2,7
Tcas007547,navajowhite2,7
Tcas007617,navajowhite2,7
Tcas008506,navajowhite2,7
Tcas007896,navajowhite2,7
Tcas009667,navajowhite2,7
Tcas009911,navajowhite2,7
Tcas009662,navajowhite2,7
Tcas009351,navajowhite2,7
Tcas009161,navajowhite2,7
Tcas009446,navajowhite2,7
Tcas009744,navajowhite2,7
Tcas009710,navajowhite2,7
Tcas010393,navajowhite2,7
Tcas010145,navajowhite2,7
Tcas010051,navajowhite2,7
Tcas010557,navajowhite2,7
Tcas010632,navajowhite2,7
Tcas011098,navajowhite2,7
Tcas010975,navajowhite2,7
Tcas011130,navajowhite2,7
Tcas010668,navajowhite2,7
Tcas011162,navajowhite2,7
Tcas012568,navajowhite2,7
Tcas011718,navajowhite2,7
Tcas011399,navajowhite2,7
Tcas011427,navajowhite2,7
Tcas011528,navajowhite2,7
Tcas011589,navajowhite2,7
Tcas012134,navajowhite2,7
Tcas011852,navajowhite2,7
Tcas012080,navajowhite2,7
Tcas011723,navajowhite2,7
Tcas011705,navajowhite2,7
Tcas000011,antiquewhite4,8
Tcas000029,antiquewhite4,8
Tcas000021,antiquewhite4,8
Tcas000002,antiquewhite4,8
Tcas000013,antiquewhite4,8
Tcas000062,antiquewhite4,8
Tcas000068,antiquewhite4,8
Tcas000063,antiquewhite4,8
Tcas000065,antiquewhite4,8
Tcas000074,antiquewhite4,8
Tcas000082,antiquewhite4,8
Tcas000085,antiquewhite4,8
Tcas000088,antiquewhite4,8
Tcas000099,antiquewhite4,8
Tcas000107,antiquewhite4,8
Tcas000106,antiquewhite4,8
Tcas000379,antiquewhite4,8
Tcas000867,antiquewhite4,8
Tcas000536,antiquewhite4,8
Tcas001034,antiquewhite4,8
Tcas000361,antiquewhite4,8
Tcas000181,antiquewhite4,8
Tcas000367,antiquewhite4,8
Tcas000334,antiquewhite4,8
Tcas001222,antiquewhite4,8
Tcas000691,antiquewhite4,8
Tcas000553,antiquewhite4,8
Tcas000343,antiquewhite4,8
Tcas000872,antiquewhite4,8
Tcas000216,antiquewhite4,8
Tcas000944,antiquewhite4,8
Tcas000976,antiquewhite4,8
Tcas000973,antiquewhite4,8
Tcas000461,antiquewhite4,8
Tcas000928,antiquewhite4,8
Tcas000492,antiquewhite4,8
Tcas001672,antiquewhite4,8
Tcas000681,antiquewhite4,8
Tcas000517,antiquewhite4,8
Tcas001713,antiquewhite4,8
Tcas000278,antiquewhite4,8
Tcas001381,antiquewhite4,8
Tcas001561,antiquewhite4,8
Tcas000971,antiquewhite4,8
Tcas000442,antiquewhite4,8
Tcas001178,antiquewhite4,8
Tcas000292,antiquewhite4,8
Tcas001443,antiquewhite4,8
Tcas001610,antiquewhite4,8
Tcas000682,antiquewhite4,8
Tcas001698,antiquewhite4,8
Tcas001045,antiquewhite4,8
Tcas001607,antiquewhite4,8
Tcas000374,antiquewhite4,8
Tcas000918,antiquewhite4,8
Tcas001405,antiquewhite4,8
Tcas000402,antiquewhite4,8
Tcas001078,antiquewhite4,8
Tcas001665,antiquewhite4,8
Tcas000850,antiquewhite4,8
Tcas000993,antiquewhite4,8
Tcas001000,antiquewhite4,8
Tcas001384,antiquewhite4,8
Tcas001510,antiquewhite4,8
Tcas000662,antiquewhite4,8
Tcas000218,antiquewhite4,8
Tcas000432,antiquewhite4,8
Tcas000505,antiquewhite4,8
Tcas000406,antiquewhite4,8
Tcas000625,antiquewhite4,8
Tcas001030,antiquewhite4,8
Tcas000820,antiquewhite4,8
Tcas001133,antiquewhite4,8
Tcas000885,antiquewhite4,8
Tcas001693,antiquewhite4,8
Tcas000193,antiquewhite4,8
Tcas000948,antiquewhite4,8
Tcas000684,antiquewhite4,8
Tcas000232,antiquewhite4,8
Tcas001219,antiquewhite4,8
Tcas000175,antiquewhite4,8
Tcas000155,antiquewhite4,8
Tcas000126,antiquewhite4,8
Tcas000179,antiquewhite4,8
Tcas001021,antiquewhite4,8
Tcas001361,antiquewhite4,8
Tcas001645,antiquewhite4,8
Tcas000150,antiquewhite4,8
Tcas001250,antiquewhite4,8
Tcas000595,antiquewhite4,8
Tcas001477,antiquewhite4,8
Tcas001582,antiquewhite4,8
Tcas001493,antiquewhite4,8
Tcas000858,antiquewhite4,8
Tcas001448,antiquewhite4,8
Tcas000560,antiquewhite4,8
Tcas000303,antiquewhite4,8
Tcas001525,antiquewhite4,8
Tcas001734,antiquewhite4,8
Tcas001354,antiquewhite4,8
Tcas001482,antiquewhite4,8
Tcas000779,antiquewhite4,8
Tcas001497,antiquewhite4,8
Tcas000790,antiquewhite4,8
Tcas001103,antiquewhite4,8
Tcas000220,antiquewhite4,8
Tcas000915,antiquewhite4,8
Tcas001598,antiquewhite4,8
Tcas001401,antiquewhite4,8
Tcas001375,antiquewhite4,8
Tcas001437,antiquewhite4,8
Tcas001251,antiquewhite4,8
Tcas000801,antiquewhite4,8
Tcas001646,antiquewhite4,8
Tcas001728,antiquewhite4,8
Tcas001552,antiquewhite4,8
Tcas000799,antiquewhite4,8
Tcas001014,antiquewhite4,8
Tcas001626,antiquewhite4,8
Tcas000849,antiquewhite4,8
Tcas001526,antiquewhite4,8
Tcas000999,antiquewhite4,8
Tcas001134,antiquewhite4,8
Tcas000386,antiquewhite4,8
Tcas000649,antiquewhite4,8
Tcas000561,antiquewhite4,8
Tcas000196,antiquewhite4,8
Tcas000227,antiquewhite4,8
Tcas000609,antiquewhite4,8
Tcas001285,antiquewhite4,8
Tcas000708,antiquewhite4,8
Tcas000134,antiquewhite4,8
Tcas000722,antiquewhite4,8
Tcas000168,antiquewhite4,8
Tcas001444,antiquewhite4,8
Tcas001036,antiquewhite4,8
Tcas000937,antiquewhite4,8
Tcas000307,antiquewhite4,8
Tcas000666,antiquewhite4,8
Tcas000762,antiquewhite4,8
Tcas000794,antiquewhite4,8
Tcas000925,antiquewhite4,8
Tcas000395,antiquewhite4,8
Tcas001338,antiquewhite4,8
Tcas001288,antiquewhite4,8
Tcas001630,antiquewhite4,8
Tcas000486,antiquewhite4,8
Tcas000970,antiquewhite4,8
Tcas001466,antiquewhite4,8
Tcas000191,antiquewhite4,8
Tcas001352,antiquewhite4,8
Tcas000836,antiquewhite4,8
Tcas000268,antiquewhite4,8
Tcas000319,antiquewhite4,8
Tcas001518,antiquewhite4,8
Tcas000476,antiquewhite4,8
Tcas000957,antiquewhite4,8
Tcas001283,antiquewhite4,8
Tcas000969,antiquewhite4,8
Tcas001057,antiquewhite4,8
Tcas001027,antiquewhite4,8
Tcas000610,antiquewhite4,8
Tcas000535,antiquewhite4,8
Tcas000558,antiquewhite4,8
Tcas000754,antiquewhite4,8
Tcas000390,antiquewhite4,8
Tcas000875,antiquewhite4,8
Tcas001557,antiquewhite4,8
Tcas001387,antiquewhite4,8
Tcas000373,antiquewhite4,8
Tcas001530,antiquewhite4,8
Tcas000620,antiquewhite4,8
Tcas000618,antiquewhite4,8
Tcas001416,antiquewhite4,8
Tcas001228,antiquewhite4,8
Tcas000905,antiquewhite4,8
Tcas001239,antiquewhite4,8
Tcas000541,antiquewhite4,8
Tcas000504,antiquewhite4,8
Tcas000362,antiquewhite4,8
Tcas001082,antiquewhite4,8
Tcas001247,antiquewhite4,8
Tcas000763,antiquewhite4,8
Tcas001044,antiquewhite4,8
Tcas001299,antiquewhite4,8
Tcas000622,antiquewhite4,8
Tcas000869,antiquewhite4,8
Tcas000730,antiquewhite4,8
Tcas000854,antiquewhite4,8
Tcas000158,antiquewhite4,8
Tcas001019,antiquewhite4,8
Tcas001612,antiquewhite4,8
Tcas000267,antiquewhite4,8
Tcas001300,antiquewhite4,8
Tcas000439,antiquewhite4,8
Tcas001442,antiquewhite4,8
Tcas001663,antiquewhite4,8
Tcas000412,antiquewhite4,8
Tcas001063,antiquewhite4,8
Tcas001550,antiquewhite4,8
Tcas001583,antiquewhite4,8
Tcas000354,antiquewhite4,8
Tcas000893,antiquewhite4,8
Tcas000989,antiquewhite4,8
Tcas000366,antiquewhite4,8
Tcas001554,antiquewhite4,8
Tcas000531,antiquewhite4,8
Tcas001277,antiquewhite4,8
Tcas000445,antiquewhite4,8
Tcas001406,antiquewhite4,8
Tcas000282,antiquewhite4,8
Tcas001425,antiquewhite4,8
Tcas001695,antiquewhite4,8
Tcas001130,antiquewhite4,8
Tcas001431,antiquewhite4,8
Tcas000144,antiquewhite4,8
Tcas001506,antiquewhite4,8
Tcas000621,antiquewhite4,8
Tcas001487,antiquewhite4,8
Tcas001615,antiquewhite4,8
Tcas000547,antiquewhite4,8
Tcas001274,antiquewhite4,8
Tcas000751,antiquewhite4,8
Tcas000360,antiquewhite4,8
Tcas000824,antiquewhite4,8
Tcas001398,antiquewhite4,8
Tcas000592,antiquewhite4,8
Tcas001386,antiquewhite4,8
Tcas001317,antiquewhite4,8
Tcas000783,antiquewhite4,8
Tcas000564,antiquewhite4,8
Tcas001175,antiquewhite4,8
Tcas001524,antiquewhite4,8
Tcas000921,antiquewhite4,8
Tcas000552,antiquewhite4,8
Tcas001271,antiquewhite4,8
Tcas000437,antiquewhite4,8
Tcas001126,antiquewhite4,8
Tcas000294,antiquewhite4,8
Tcas001537,antiquewhite4,8
Tcas000978,antiquewhite4,8
Tcas001664,antiquewhite4,8
Tcas000866,antiquewhite4,8
Tcas001198,antiquewhite4,8
Tcas000308,antiquewhite4,8
Tcas001259,antiquewhite4,8
Tcas001533,antiquewhite4,8
Tcas001334,antiquewhite4,8
Tcas000422,antiquewhite4,8
Tcas000391,antiquewhite4,8
Tcas001201,antiquewhite4,8
Tcas000791,antiquewhite4,8
Tcas000777,antiquewhite4,8
Tcas001620,antiquewhite4,8
Tcas001411,antiquewhite4,8
Tcas001163,antiquewhite4,8
Tcas000525,antiquewhite4,8
Tcas001468,antiquewhite4,8
Tcas001622,antiquewhite4,8
Tcas001712,antiquewhite4,8
Tcas001308,antiquewhite4,8
Tcas000848,antiquewhite4,8
Tcas001534,antiquewhite4,8
Tcas000656,antiquewhite4,8
Tcas000165,antiquewhite4,8
Tcas001661,antiquewhite4,8
Tcas001730,antiquewhite4,8
Tcas000542,antiquewhite4,8
Tcas001262,antiquewhite4,8
Tcas001366,antiquewhite4,8
Tcas001436,antiquewhite4,8
Tcas000800,antiquewhite4,8
Tcas001039,antiquewhite4,8
Tcas000453,antiquewhite4,8
Tcas000563,antiquewhite4,8
Tcas000207,antiquewhite4,8
Tcas001232,antiquewhite4,8
Tcas001106,antiquewhite4,8
Tcas001736,antiquewhite4,8
Tcas001532,antiquewhite4,8
Tcas001067,antiquewhite4,8
Tcas001656,antiquewhite4,8
Tcas000950,antiquewhite4,8
Tcas000129,antiquewhite4,8
Tcas001335,antiquewhite4,8
Tcas000962,antiquewhite4,8
Tcas001371,antiquewhite4,8
Tcas000518,antiquewhite4,8
Tcas001449,antiquewhite4,8
Tcas001763,antiquewhite4,8
Tcas001773,antiquewhite4,8
Tcas001768,antiquewhite4,8
Tcas001774,antiquewhite4,8
Tcas001766,antiquewhite4,8
Tcas001764,antiquewhite4,8
Tcas001778,antiquewhite4,8
Tcas002189,antiquewhite4,8
Tcas001951,antiquewhite4,8
Tcas002197,antiquewhite4,8
Tcas002160,antiquewhite4,8
Tcas001971,antiquewhite4,8
Tcas001911,antiquewhite4,8
Tcas002029,antiquewhite4,8
Tcas002014,antiquewhite4,8
Tcas002107,antiquewhite4,8
Tcas002307,antiquewhite4,8
Tcas002236,antiquewhite4,8
Tcas001986,antiquewhite4,8
Tcas001917,antiquewhite4,8
Tcas002285,antiquewhite4,8
Tcas002295,antiquewhite4,8
Tcas002041,antiquewhite4,8
Tcas002377,antiquewhite4,8
Tcas002334,antiquewhite4,8
Tcas002293,antiquewhite4,8
Tcas002142,antiquewhite4,8
Tcas002316,antiquewhite4,8
Tcas001828,antiquewhite4,8
Tcas002398,antiquewhite4,8
Tcas001782,antiquewhite4,8
Tcas002352,antiquewhite4,8
Tcas002187,antiquewhite4,8
Tcas001929,antiquewhite4,8
Tcas002297,antiquewhite4,8
Tcas001803,antiquewhite4,8
Tcas001926,antiquewhite4,8
Tcas002232,antiquewhite4,8
Tcas002171,antiquewhite4,8
Tcas001896,antiquewhite4,8
Tcas001891,antiquewhite4,8
Tcas001865,antiquewhite4,8
Tcas002113,antiquewhite4,8
Tcas001829,antiquewhite4,8
Tcas002009,antiquewhite4,8
Tcas002028,antiquewhite4,8
Tcas002013,antiquewhite4,8
Tcas002346,antiquewhite4,8
Tcas001823,antiquewhite4,8
Tcas002164,antiquewhite4,8
Tcas001871,antiquewhite4,8
Tcas002336,antiquewhite4,8
Tcas002322,antiquewhite4,8
Tcas001816,antiquewhite4,8
Tcas002340,antiquewhite4,8
Tcas001830,antiquewhite4,8
Tcas002056,antiquewhite4,8
Tcas001893,antiquewhite4,8
Tcas002042,antiquewhite4,8
Tcas002153,antiquewhite4,8
Tcas001866,antiquewhite4,8
Tcas002139,antiquewhite4,8
Tcas002121,antiquewhite4,8
Tcas002405,antiquewhite4,8
Tcas002417,antiquewhite4,8
Tcas002411,antiquewhite4,8
Tcas002230,antiquewhite4,8
Tcas001960,antiquewhite4,8
Tcas002412,antiquewhite4,8
Tcas001847,antiquewhite4,8
Tcas002413,antiquewhite4,8
Tcas002059,antiquewhite4,8
Tcas002186,antiquewhite4,8
Tcas001953,antiquewhite4,8
Tcas001839,antiquewhite4,8
Tcas001779,antiquewhite4,8
Tcas002177,antiquewhite4,8
Tcas001867,antiquewhite4,8
Tcas001982,antiquewhite4,8
Tcas002402,antiquewhite4,8
Tcas002173,antiquewhite4,8
Tcas002335,antiquewhite4,8
Tcas001999,antiquewhite4,8
Tcas002252,antiquewhite4,8
Tcas002330,antiquewhite4,8
Tcas001804,antiquewhite4,8
Tcas002281,antiquewhite4,8
Tcas002040,antiquewhite4,8
Tcas002192,antiquewhite4,8
Tcas002067,antiquewhite4,8
Tcas002266,antiquewhite4,8
Tcas001985,antiquewhite4,8
Tcas002289,antiquewhite4,8
Tcas001841,antiquewhite4,8
Tcas002027,antiquewhite4,8
Tcas001991,antiquewhite4,8
Tcas001972,antiquewhite4,8
Tcas001814,antiquewhite4,8
Tcas002036,antiquewhite4,8
Tcas001922,antiquewhite4,8
Tcas001833,antiquewhite4,8
Tcas001914,antiquewhite4,8
Tcas002611,antiquewhite4,8
Tcas002765,antiquewhite4,8
Tcas002580,antiquewhite4,8
Tcas003414,antiquewhite4,8
Tcas002927,antiquewhite4,8
Tcas002952,antiquewhite4,8
Tcas003570,antiquewhite4,8
Tcas002830,antiquewhite4,8
Tcas003505,antiquewhite4,8
Tcas003097,antiquewhite4,8
Tcas002700,antiquewhite4,8
Tcas003425,antiquewhite4,8
Tcas003133,antiquewhite4,8
Tcas002493,antiquewhite4,8
Tcas002804,antiquewhite4,8
Tcas002663,antiquewhite4,8
Tcas002438,antiquewhite4,8
Tcas002516,antiquewhite4,8
Tcas002829,antiquewhite4,8
Tcas003552,antiquewhite4,8
Tcas003007,antiquewhite4,8
Tcas003498,antiquewhite4,8
Tcas002738,antiquewhite4,8
Tcas002566,antiquewhite4,8
Tcas002521,antiquewhite4,8
Tcas002987,antiquewhite4,8
Tcas003076,antiquewhite4,8
Tcas003569,antiquewhite4,8
Tcas003395,antiquewhite4,8
Tcas003134,antiquewhite4,8
Tcas003384,antiquewhite4,8
Tcas002656,antiquewhite4,8
Tcas002722,antiquewhite4,8
Tcas003479,antiquewhite4,8
Tcas002782,antiquewhite4,8
Tcas002810,antiquewhite4,8
Tcas002435,antiquewhite4,8
Tcas002646,antiquewhite4,8
Tcas003095,antiquewhite4,8
Tcas003513,antiquewhite4,8
Tcas002480,antiquewhite4,8
Tcas003053,antiquewhite4,8
Tcas002833,antiquewhite4,8
Tcas003167,antiquewhite4,8
Tcas002531,antiquewhite4,8
Tcas003208,antiquewhite4,8
Tcas002762,antiquewhite4,8
Tcas002802,antiquewhite4,8
Tcas003243,antiquewhite4,8
Tcas002571,antiquewhite4,8
Tcas003252,antiquewhite4,8
Tcas003085,antiquewhite4,8
Tcas002713,antiquewhite4,8
Tcas002474,antiquewhite4,8
Tcas003139,antiquewhite4,8
Tcas003517,antiquewhite4,8
Tcas002771,antiquewhite4,8
Tcas002667,antiquewhite4,8
Tcas003359,antiquewhite4,8
Tcas003090,antiquewhite4,8
Tcas003038,antiquewhite4,8
Tcas003193,antiquewhite4,8
Tcas003030,antiquewhite4,8
Tcas002742,antiquewhite4,8
Tcas002937,antiquewhite4,8
Tcas003247,antiquewhite4,8
Tcas003375,antiquewhite4,8
Tcas003370,antiquewhite4,8
Tcas002501,antiquewhite4,8
Tcas002525,antiquewhite4,8
Tcas003400,antiquewhite4,8
Tcas002466,antiquewhite4,8
Tcas002967,antiquewhite4,8
Tcas003026,antiquewhite4,8
Tcas003020,antiquewhite4,8
Tcas002787,antiquewhite4,8
Tcas003132,antiquewhite4,8
Tcas003308,antiquewhite4,8
Tcas002691,antiquewhite4,8
Tcas002561,antiquewhite4,8
Tcas003269,antiquewhite4,8
Tcas002546,antiquewhite4,8
Tcas003345,antiquewhite4,8
Tcas003534,antiquewhite4,8
Tcas002592,antiquewhite4,8
Tcas003081,antiquewhite4,8
Tcas003149,antiquewhite4,8
Tcas003503,antiquewhite4,8
Tcas002567,antiquewhite4,8
Tcas002969,antiquewhite4,8
Tcas003497,antiquewhite4,8
Tcas003032,antiquewhite4,8
Tcas003415,antiquewhite4,8
Tcas003536,antiquewhite4,8
Tcas003313,antiquewhite4,8
Tcas003186,antiquewhite4,8
Tcas002564,antiquewhite4,8
Tcas002801,antiquewhite4,8
Tcas002940,antiquewhite4,8
Tcas003502,antiquewhite4,8
Tcas003209,antiquewhite4,8
Tcas002623,antiquewhite4,8
Tcas003011,antiquewhite4,8
Tcas002864,antiquewhite4,8
Tcas002903,antiquewhite4,8
Tcas003453,antiquewhite4,8
Tcas003440,antiquewhite4,8
Tcas003509,antiquewhite4,8
Tcas003388,antiquewhite4,8
Tcas002683,antiquewhite4,8
Tcas003339,antiquewhite4,8
Tcas003029,antiquewhite4,8
Tcas002914,antiquewhite4,8
Tcas002606,antiquewhite4,8
Tcas003366,antiquewhite4,8
Tcas003055,antiquewhite4,8
Tcas003281,antiquewhite4,8
Tcas002624,antiquewhite4,8
Tcas003034,antiquewhite4,8
Tcas003210,antiquewhite4,8
Tcas002695,antiquewhite4,8
Tcas003143,antiquewhite4,8
Tcas002963,antiquewhite4,8
Tcas003164,antiquewhite4,8
Tcas002839,antiquewhite4,8
Tcas002816,antiquewhite4,8
Tcas002452,antiquewhite4,8
Tcas002838,antiquewhite4,8
Tcas002933,antiquewhite4,8
Tcas002955,antiquewhite4,8
Tcas003514,antiquewhite4,8
Tcas003033,antiquewhite4,8
Tcas003177,antiquewhite4,8
Tcas002458,antiquewhite4,8
Tcas003122,antiquewhite4,8
Tcas002676,antiquewhite4,8
Tcas003196,antiquewhite4,8
Tcas003546,antiquewhite4,8
Tcas003343,antiquewhite4,8
Tcas003172,antiquewhite4,8
Tcas003017,antiquewhite4,8
Tcas002688,antiquewhite4,8
Tcas002805,antiquewhite4,8
Tcas002690,antiquewhite4,8
Tcas002983,antiquewhite4,8
Tcas003110,antiquewhite4,8
Tcas002824,antiquewhite4,8
Tcas003240,antiquewhite4,8
Tcas002916,antiquewhite4,8
Tcas003467,antiquewhite4,8
Tcas002918,antiquewhite4,8
Tcas002913,antiquewhite4,8
Tcas003245,antiquewhite4,8
Tcas002823,antiquewhite4,8
Tcas002449,antiquewhite4,8
Tcas003181,antiquewhite4,8
Tcas002643,antiquewhite4,8
Tcas002632,antiquewhite4,8
Tcas002744,antiquewhite4,8
Tcas003496,antiquewhite4,8
Tcas003061,antiquewhite4,8
Tcas002523,antiquewhite4,8
Tcas003360,antiquewhite4,8
Tcas003241,antiquewhite4,8
Tcas003520,antiquewhite4,8
Tcas002583,antiquewhite4,8
Tcas002904,antiquewhite4,8
Tcas002724,antiquewhite4,8
Tcas003538,antiquewhite4,8
Tcas002570,antiquewhite4,8
Tcas002627,antiquewhite4,8
Tcas002634,antiquewhite4,8
Tcas003031,antiquewhite4,8
Tcas003364,antiquewhite4,8
Tcas002614,antiquewhite4,8
Tcas003293,antiquewhite4,8
Tcas003584,antiquewhite4,8
Tcas003585,antiquewhite4,8
Tcas003013,antiquewhite4,8
Tcas002886,antiquewhite4,8
Tcas003301,antiquewhite4,8
Tcas002524,antiquewhite4,8
Tcas002769,antiquewhite4,8
Tcas002621,antiquewhite4,8
Tcas002668,antiquewhite4,8
Tcas002487,antiquewhite4,8
Tcas002878,antiquewhite4,8
Tcas003361,antiquewhite4,8
Tcas002446,antiquewhite4,8
Tcas003547,antiquewhite4,8
Tcas002866,antiquewhite4,8
Tcas003567,antiquewhite4,8
Tcas002919,antiquewhite4,8
Tcas002573,antiquewhite4,8
Tcas003310,antiquewhite4,8
Tcas003596,antiquewhite4,8
Tcas003601,antiquewhite4,8
Tcas003610,antiquewhite4,8
Tcas003627,antiquewhite4,8
Tcas003620,antiquewhite4,8
Tcas003613,antiquewhite4,8
Tcas003624,antiquewhite4,8
Tcas003640,antiquewhite4,8
Tcas003641,antiquewhite4,8
Tcas003646,antiquewhite4,8
Tcas003642,antiquewhite4,8
Tcas003649,antiquewhite4,8
Tcas003633,antiquewhite4,8
Tcas003651,antiquewhite4,8
Tcas003666,antiquewhite4,8
Tcas003702,antiquewhite4,8
Tcas003714,antiquewhite4,8
Tcas003721,antiquewhite4,8
Tcas003734,antiquewhite4,8
Tcas003746,antiquewhite4,8
Tcas003778,antiquewhite4,8
Tcas003769,antiquewhite4,8
Tcas003767,antiquewhite4,8
Tcas003768,antiquewhite4,8
Tcas003781,antiquewhite4,8
Tcas003783,antiquewhite4,8
Tcas003785,antiquewhite4,8
Tcas003786,antiquewhite4,8
Tcas003798,antiquewhite4,8
Tcas005082,antiquewhite4,8
Tcas004007,antiquewhite4,8
Tcas004350,antiquewhite4,8
Tcas004105,antiquewhite4,8
Tcas003986,antiquewhite4,8
Tcas004567,antiquewhite4,8
Tcas004627,antiquewhite4,8
Tcas004589,antiquewhite4,8
Tcas004999,antiquewhite4,8
Tcas004302,antiquewhite4,8
Tcas004259,antiquewhite4,8
Tcas003871,antiquewhite4,8
Tcas005128,antiquewhite4,8
Tcas003882,antiquewhite4,8
Tcas004416,antiquewhite4,8
Tcas004888,antiquewhite4,8
Tcas004902,antiquewhite4,8
Tcas004046,antiquewhite4,8
Tcas003887,antiquewhite4,8
Tcas005230,antiquewhite4,8
Tcas004265,antiquewhite4,8
Tcas005193,antiquewhite4,8
Tcas004619,antiquewhite4,8
Tcas005013,antiquewhite4,8
Tcas004606,antiquewhite4,8
Tcas004945,antiquewhite4,8
Tcas004838,antiquewhite4,8
Tcas003858,antiquewhite4,8
Tcas004919,antiquewhite4,8
Tcas003948,antiquewhite4,8
Tcas004030,antiquewhite4,8
Tcas003947,antiquewhite4,8
Tcas004452,antiquewhite4,8
Tcas004698,antiquewhite4,8
Tcas004562,antiquewhite4,8
Tcas004396,antiquewhite4,8
Tcas004969,antiquewhite4,8
Tcas004823,antiquewhite4,8
Tcas004591,antiquewhite4,8
Tcas005281,antiquewhite4,8
Tcas005293,antiquewhite4,8
Tcas004384,antiquewhite4,8
Tcas004076,antiquewhite4,8
Tcas003994,antiquewhite4,8
Tcas004956,antiquewhite4,8
Tcas005180,antiquewhite4,8
Tcas004577,antiquewhite4,8
Tcas004858,antiquewhite4,8
Tcas004432,antiquewhite4,8
Tcas004293,antiquewhite4,8
Tcas003890,antiquewhite4,8
Tcas004174,antiquewhite4,8
Tcas005119,antiquewhite4,8
Tcas004833,antiquewhite4,8
Tcas003886,antiquewhite4,8
Tcas004560,antiquewhite4,8
Tcas005068,antiquewhite4,8
Tcas004345,antiquewhite4,8
Tcas005035,antiquewhite4,8
Tcas004333,antiquewhite4,8
Tcas004695,antiquewhite4,8
Tcas004883,antiquewhite4,8
Tcas004753,antiquewhite4,8
Tcas003855,antiquewhite4,8
Tcas004754,antiquewhite4,8
Tcas005050,antiquewhite4,8
Tcas005045,antiquewhite4,8
Tcas004435,antiquewhite4,8
Tcas004517,antiquewhite4,8
Tcas004351,antiquewhite4,8
Tcas004850,antiquewhite4,8
Tcas004534,antiquewhite4,8
Tcas004077,antiquewhite4,8
Tcas004515,antiquewhite4,8
Tcas005096,antiquewhite4,8
Tcas005160,antiquewhite4,8
Tcas004542,antiquewhite4,8
Tcas003967,antiquewhite4,8
Tcas004711,antiquewhite4,8
Tcas004891,antiquewhite4,8
Tcas004974,antiquewhite4,8
Tcas004393,antiquewhite4,8
Tcas003825,antiquewhite4,8
Tcas004474,antiquewhite4,8
Tcas004943,antiquewhite4,8
Tcas003920,antiquewhite4,8
Tcas005077,antiquewhite4,8
Tcas004660,antiquewhite4,8
Tcas004496,antiquewhite4,8
Tcas004317,antiquewhite4,8
Tcas004092,antiquewhite4,8
Tcas005246,antiquewhite4,8
Tcas004357,antiquewhite4,8
Tcas004063,antiquewhite4,8
Tcas004948,antiquewhite4,8
Tcas005047,antiquewhite4,8
Tcas004880,antiquewhite4,8
Tcas004613,antiquewhite4,8
Tcas004321,antiquewhite4,8
Tcas004083,antiquewhite4,8
Tcas004039,antiquewhite4,8
Tcas004377,antiquewhite4,8
Tcas004597,antiquewhite4,8
Tcas004210,antiquewhite4,8
Tcas005256,antiquewhite4,8
Tcas004564,antiquewhite4,8
Tcas005207,antiquewhite4,8
Tcas004707,antiquewhite4,8
Tcas004925,antiquewhite4,8
Tcas003819,antiquewhite4,8
Tcas004792,antiquewhite4,8
Tcas005023,antiquewhite4,8
Tcas004595,antiquewhite4,8
Tcas004212,antiquewhite4,8
Tcas004961,antiquewhite4,8
Tcas004195,antiquewhite4,8
Tcas004507,antiquewhite4,8
Tcas003830,antiquewhite4,8
Tcas004439,antiquewhite4,8
Tcas004353,antiquewhite4,8
Tcas004620,antiquewhite4,8
Tcas004909,antiquewhite4,8
Tcas005124,antiquewhite4,8
Tcas004057,antiquewhite4,8
Tcas004251,antiquewhite4,8
Tcas004486,antiquewhite4,8
Tcas004260,antiquewhite4,8
Tcas004189,antiquewhite4,8
Tcas005037,antiquewhite4,8
Tcas004540,antiquewhite4,8
Tcas005120,antiquewhite4,8
Tcas004650,antiquewhite4,8
Tcas005232,antiquewhite4,8
Tcas005072,antiquewhite4,8
Tcas004149,antiquewhite4,8
Tcas004525,antiquewhite4,8
Tcas004303,antiquewhite4,8
Tcas004261,antiquewhite4,8
Tcas004193,antiquewhite4,8
Tcas004448,antiquewhite4,8
Tcas005270,antiquewhite4,8
Tcas005028,antiquewhite4,8
Tcas004874,antiquewhite4,8
Tcas004042,antiquewhite4,8
Tcas003978,antiquewhite4,8
Tcas004239,antiquewhite4,8
Tcas005263,antiquewhite4,8
Tcas004762,antiquewhite4,8
Tcas004121,antiquewhite4,8
Tcas004001,antiquewhite4,8
Tcas004065,antiquewhite4,8
Tcas003909,antiquewhite4,8
Tcas004852,antiquewhite4,8
Tcas004561,antiquewhite4,8
Tcas004329,antiquewhite4,8
Tcas004514,antiquewhite4,8
Tcas004082,antiquewhite4,8
Tcas004249,antiquewhite4,8
Tcas004035,antiquewhite4,8
Tcas004158,antiquewhite4,8
Tcas004980,antiquewhite4,8
Tcas003821,antiquewhite4,8
Tcas004037,antiquewhite4,8
Tcas004487,antiquewhite4,8
Tcas005125,antiquewhite4,8
Tcas004332,antiquewhite4,8
Tcas005157,antiquewhite4,8
Tcas004291,antiquewhite4,8
Tcas004658,antiquewhite4,8
Tcas005252,antiquewhite4,8
Tcas004675,antiquewhite4,8
Tcas004866,antiquewhite4,8
Tcas004339,antiquewhite4,8
Tcas004689,antiquewhite4,8
Tcas004219,antiquewhite4,8
Tcas004424,antiquewhite4,8
Tcas004287,antiquewhite4,8
Tcas003911,antiquewhite4,8
Tcas004702,antiquewhite4,8
Tcas004313,antiquewhite4,8
Tcas004252,antiquewhite4,8
Tcas004395,antiquewhite4,8
Tcas005302,antiquewhite4,8
Tcas004758,antiquewhite4,8
Tcas003974,antiquewhite4,8
Tcas003906,antiquewhite4,8
Tcas004648,antiquewhite4,8
Tcas004685,antiquewhite4,8
Tcas005111,antiquewhite4,8
Tcas004509,antiquewhite4,8
Tcas004549,antiquewhite4,8
Tcas005185,antiquewhite4,8
Tcas004214,antiquewhite4,8
Tcas004516,antiquewhite4,8
Tcas004314,antiquewhite4,8
Tcas005063,antiquewhite4,8
Tcas003805,antiquewhite4,8
Tcas004533,antiquewhite4,8
Tcas004827,antiquewhite4,8
Tcas004775,antiquewhite4,8
Tcas003829,antiquewhite4,8
Tcas004511,antiquewhite4,8
Tcas004126,antiquewhite4,8
Tcas004204,antiquewhite4,8
Tcas004930,antiquewhite4,8
Tcas004378,antiquewhite4,8
Tcas003956,antiquewhite4,8
Tcas004477,antiquewhite4,8
Tcas004064,antiquewhite4,8
Tcas004172,antiquewhite4,8
Tcas004840,antiquewhite4,8
Tcas005229,antiquewhite4,8
Tcas004887,antiquewhite4,8
Tcas004234,antiquewhite4,8
Tcas004928,antiquewhite4,8
Tcas004744,antiquewhite4,8
Tcas004681,antiquewhite4,8
Tcas003824,antiquewhite4,8
Tcas004130,antiquewhite4,8
Tcas004494,antiquewhite4,8
Tcas005070,antiquewhite4,8
Tcas004676,antiquewhite4,8
Tcas005151,antiquewhite4,8
Tcas003922,antiquewhite4,8
Tcas004782,antiquewhite4,8
Tcas004238,antiquewhite4,8
Tcas004834,antiquewhite4,8
Tcas005211,antiquewhite4,8
Tcas004679,antiquewhite4,8
Tcas004334,antiquewhite4,8
Tcas005029,antiquewhite4,8
Tcas004896,antiquewhite4,8
Tcas005040,antiquewhite4,8
Tcas005088,antiquewhite4,8
Tcas004153,antiquewhite4,8
Tcas004814,antiquewhite4,8
Tcas004766,antiquewhite4,8
Tcas005018,antiquewhite4,8
Tcas003876,antiquewhite4,8
Tcas004421,antiquewhite4,8
Tcas005192,antiquewhite4,8
Tcas004705,antiquewhite4,8
Tcas005032,antiquewhite4,8
Tcas004951,antiquewhite4,8
Tcas004023,antiquewhite4,8
Tcas005055,antiquewhite4,8
Tcas004967,antiquewhite4,8
Tcas004419,antiquewhite4,8
Tcas005285,antiquewhite4,8
Tcas004367,antiquewhite4,8
Tcas005054,antiquewhite4,8
Tcas004639,antiquewhite4,8
Tcas004311,antiquewhite4,8
Tcas004091,antiquewhite4,8
Tcas005307,antiquewhite4,8
Tcas005308,antiquewhite4,8
Tcas005311,antiquewhite4,8
Tcas005326,antiquewhite4,8
Tcas005342,antiquewhite4,8
Tcas005341,antiquewhite4,8
Tcas005346,antiquewhite4,8
Tcas005357,antiquewhite4,8
Tcas005363,antiquewhite4,8
Tcas005368,antiquewhite4,8
Tcas005369,antiquewhite4,8
Tcas005373,antiquewhite4,8
Tcas005385,antiquewhite4,8
Tcas005387,antiquewhite4,8
Tcas005396,antiquewhite4,8
Tcas005404,antiquewhite4,8
Tcas005403,antiquewhite4,8
Tcas005410,antiquewhite4,8
Tcas005411,antiquewhite4,8
Tcas005444,antiquewhite4,8
Tcas005471,antiquewhite4,8
Tcas006148,antiquewhite4,8
Tcas005656,antiquewhite4,8
Tcas005877,antiquewhite4,8
Tcas005957,antiquewhite4,8
Tcas005568,antiquewhite4,8
Tcas005937,antiquewhite4,8
Tcas005778,antiquewhite4,8
Tcas006205,antiquewhite4,8
Tcas005639,antiquewhite4,8
Tcas005920,antiquewhite4,8
Tcas006076,antiquewhite4,8
Tcas005863,antiquewhite4,8
Tcas005564,antiquewhite4,8
Tcas005689,antiquewhite4,8
Tcas005454,antiquewhite4,8
Tcas006175,antiquewhite4,8
Tcas006086,antiquewhite4,8
Tcas005918,antiquewhite4,8
Tcas005956,antiquewhite4,8
Tcas006070,antiquewhite4,8
Tcas006049,antiquewhite4,8
Tcas005745,antiquewhite4,8
Tcas006062,antiquewhite4,8
Tcas005857,antiquewhite4,8
Tcas005624,antiquewhite4,8
Tcas005963,antiquewhite4,8
Tcas006160,antiquewhite4,8
Tcas006248,antiquewhite4,8
Tcas005989,antiquewhite4,8
Tcas005538,antiquewhite4,8
Tcas005593,antiquewhite4,8
Tcas006091,antiquewhite4,8
Tcas005988,antiquewhite4,8
Tcas005566,antiquewhite4,8
Tcas005902,antiquewhite4,8
Tcas005850,antiquewhite4,8
Tcas005824,antiquewhite4,8
Tcas006140,antiquewhite4,8
Tcas005790,antiquewhite4,8
Tcas006111,antiquewhite4,8
Tcas006006,antiquewhite4,8
Tcas006176,antiquewhite4,8
Tcas006088,antiquewhite4,8
Tcas005523,antiquewhite4,8
Tcas005923,antiquewhite4,8
Tcas005533,antiquewhite4,8
Tcas005515,antiquewhite4,8
Tcas006095,antiquewhite4,8
Tcas005871,antiquewhite4,8
Tcas005965,antiquewhite4,8
Tcas006039,antiquewhite4,8
Tcas006112,antiquewhite4,8
Tcas005694,antiquewhite4,8
Tcas005580,antiquewhite4,8
Tcas005890,antiquewhite4,8
Tcas005614,antiquewhite4,8
Tcas006189,antiquewhite4,8
Tcas005587,antiquewhite4,8
Tcas005711,antiquewhite4,8
Tcas005924,antiquewhite4,8
Tcas006078,antiquewhite4,8
Tcas005964,antiquewhite4,8
Tcas005650,antiquewhite4,8
Tcas005617,antiquewhite4,8
Tcas006061,antiquewhite4,8
Tcas005861,antiquewhite4,8
Tcas005565,antiquewhite4,8
Tcas006057,antiquewhite4,8
Tcas006222,antiquewhite4,8
Tcas005733,antiquewhite4,8
Tcas006028,antiquewhite4,8
Tcas006137,antiquewhite4,8
Tcas006230,antiquewhite4,8
Tcas005955,antiquewhite4,8
Tcas006117,antiquewhite4,8
Tcas005873,antiquewhite4,8
Tcas006174,antiquewhite4,8
Tcas006209,antiquewhite4,8
Tcas005883,antiquewhite4,8
Tcas006014,antiquewhite4,8
Tcas006025,antiquewhite4,8
Tcas005641,antiquewhite4,8
Tcas005713,antiquewhite4,8
Tcas005623,antiquewhite4,8
Tcas005458,antiquewhite4,8
Tcas005717,antiquewhite4,8
Tcas006083,antiquewhite4,8
Tcas005727,antiquewhite4,8
Tcas006218,antiquewhite4,8
Tcas005710,antiquewhite4,8
Tcas006204,antiquewhite4,8
Tcas005679,antiquewhite4,8
Tcas005759,antiquewhite4,8
Tcas005846,antiquewhite4,8
Tcas005550,antiquewhite4,8
Tcas006063,antiquewhite4,8
Tcas005948,antiquewhite4,8
Tcas006214,antiquewhite4,8
Tcas005844,antiquewhite4,8
Tcas006166,antiquewhite4,8
Tcas005771,antiquewhite4,8
Tcas005990,antiquewhite4,8
Tcas005757,antiquewhite4,8
Tcas005930,antiquewhite4,8
Tcas005686,antiquewhite4,8
Tcas005575,antiquewhite4,8
Tcas005993,antiquewhite4,8
Tcas005526,antiquewhite4,8
Tcas005468,antiquewhite4,8
Tcas005985,antiquewhite4,8
Tcas006123,antiquewhite4,8
Tcas006151,antiquewhite4,8
Tcas005702,antiquewhite4,8
Tcas005779,antiquewhite4,8
Tcas005669,antiquewhite4,8
Tcas005979,antiquewhite4,8
Tcas005887,antiquewhite4,8
Tcas005931,antiquewhite4,8
Tcas005507,antiquewhite4,8
Tcas005917,antiquewhite4,8
Tcas005738,antiquewhite4,8
Tcas005753,antiquewhite4,8
Tcas005803,antiquewhite4,8
Tcas006120,antiquewhite4,8
Tcas006046,antiquewhite4,8
Tcas006146,antiquewhite4,8
Tcas005627,antiquewhite4,8
Tcas006164,antiquewhite4,8
Tcas005811,antiquewhite4,8
Tcas006115,antiquewhite4,8
Tcas005761,antiquewhite4,8
Tcas005762,antiquewhite4,8
Tcas006126,antiquewhite4,8
Tcas006170,antiquewhite4,8
Tcas005549,antiquewhite4,8
Tcas006016,antiquewhite4,8
Tcas006256,antiquewhite4,8
Tcas006265,antiquewhite4,8
Tcas006270,antiquewhite4,8
Tcas006269,antiquewhite4,8
Tcas006272,antiquewhite4,8
Tcas006823,antiquewhite4,8
Tcas006718,antiquewhite4,8
Tcas007418,antiquewhite4,8
Tcas007212,antiquewhite4,8
Tcas006489,antiquewhite4,8
Tcas006722,antiquewhite4,8
Tcas007272,antiquewhite4,8
Tcas007119,antiquewhite4,8
Tcas007344,antiquewhite4,8
Tcas006793,antiquewhite4,8
Tcas007402,antiquewhite4,8
Tcas006524,antiquewhite4,8
Tcas007393,antiquewhite4,8
Tcas006680,antiquewhite4,8
Tcas006419,antiquewhite4,8
Tcas006666,antiquewhite4,8
Tcas007470,antiquewhite4,8
Tcas006661,antiquewhite4,8
Tcas006802,antiquewhite4,8
Tcas006321,antiquewhite4,8
Tcas006737,antiquewhite4,8
Tcas006327,antiquewhite4,8
Tcas007165,antiquewhite4,8
Tcas007141,antiquewhite4,8
Tcas007441,antiquewhite4,8
Tcas007309,antiquewhite4,8
Tcas007004,antiquewhite4,8
Tcas007166,antiquewhite4,8
Tcas006991,antiquewhite4,8
Tcas007157,antiquewhite4,8
Tcas006984,antiquewhite4,8
Tcas007269,antiquewhite4,8
Tcas007122,antiquewhite4,8
Tcas006595,antiquewhite4,8
Tcas006567,antiquewhite4,8
Tcas006782,antiquewhite4,8
Tcas006351,antiquewhite4,8
Tcas006624,antiquewhite4,8
Tcas006956,antiquewhite4,8
Tcas007090,antiquewhite4,8
Tcas006848,antiquewhite4,8
Tcas006792,antiquewhite4,8
Tcas006878,antiquewhite4,8
Tcas006486,antiquewhite4,8
Tcas007240,antiquewhite4,8
Tcas006813,antiquewhite4,8
Tcas006963,antiquewhite4,8
Tcas006769,antiquewhite4,8
Tcas006457,antiquewhite4,8
Tcas006978,antiquewhite4,8
Tcas007430,antiquewhite4,8
Tcas006698,antiquewhite4,8
Tcas007355,antiquewhite4,8
Tcas007427,antiquewhite4,8
Tcas006756,antiquewhite4,8
Tcas007197,antiquewhite4,8
Tcas006604,antiquewhite4,8
Tcas007159,antiquewhite4,8
Tcas007116,antiquewhite4,8
Tcas006377,antiquewhite4,8
Tcas006842,antiquewhite4,8
Tcas007368,antiquewhite4,8
Tcas006789,antiquewhite4,8
Tcas007458,antiquewhite4,8
Tcas006948,antiquewhite4,8
Tcas007233,antiquewhite4,8
Tcas006531,antiquewhite4,8
Tcas006631,antiquewhite4,8
Tcas006292,antiquewhite4,8
Tcas006797,antiquewhite4,8
Tcas007117,antiquewhite4,8
Tcas006461,antiquewhite4,8
Tcas006670,antiquewhite4,8
Tcas006612,antiquewhite4,8
Tcas006342,antiquewhite4,8
Tcas006861,antiquewhite4,8
Tcas006986,antiquewhite4,8
Tcas007084,antiquewhite4,8
Tcas006324,antiquewhite4,8
Tcas006383,antiquewhite4,8
Tcas006892,antiquewhite4,8
Tcas007425,antiquewhite4,8
Tcas006881,antiquewhite4,8
Tcas006762,antiquewhite4,8
Tcas006906,antiquewhite4,8
Tcas006873,antiquewhite4,8
Tcas006665,antiquewhite4,8
Tcas006998,antiquewhite4,8
Tcas007434,antiquewhite4,8
Tcas006337,antiquewhite4,8
Tcas006708,antiquewhite4,8
Tcas006403,antiquewhite4,8
Tcas007301,antiquewhite4,8
Tcas007123,antiquewhite4,8
Tcas006653,antiquewhite4,8
Tcas007121,antiquewhite4,8
Tcas006534,antiquewhite4,8
Tcas007026,antiquewhite4,8
Tcas006870,antiquewhite4,8
Tcas006724,antiquewhite4,8
Tcas007045,antiquewhite4,8
Tcas007316,antiquewhite4,8
Tcas007289,antiquewhite4,8
Tcas007010,antiquewhite4,8
Tcas006785,antiquewhite4,8
Tcas006311,antiquewhite4,8
Tcas006551,antiquewhite4,8
Tcas006651,antiquewhite4,8
Tcas007274,antiquewhite4,8
Tcas006703,antiquewhite4,8
Tcas006910,antiquewhite4,8
Tcas007414,antiquewhite4,8
Tcas007164,antiquewhite4,8
Tcas007285,antiquewhite4,8
Tcas006283,antiquewhite4,8
Tcas006405,antiquewhite4,8
Tcas006839,antiquewhite4,8
Tcas006874,antiquewhite4,8
Tcas006941,antiquewhite4,8
Tcas007095,antiquewhite4,8
Tcas006896,antiquewhite4,8
Tcas007369,antiquewhite4,8
Tcas006378,antiquewhite4,8
Tcas006538,antiquewhite4,8
Tcas006993,antiquewhite4,8
Tcas006859,antiquewhite4,8
Tcas007404,antiquewhite4,8
Tcas007110,antiquewhite4,8
Tcas006431,antiquewhite4,8
Tcas006911,antiquewhite4,8
Tcas007363,antiquewhite4,8
Tcas007323,antiquewhite4,8
Tcas007174,antiquewhite4,8
Tcas006390,antiquewhite4,8
Tcas006743,antiquewhite4,8
Tcas006888,antiquewhite4,8
Tcas006566,antiquewhite4,8
Tcas006815,antiquewhite4,8
Tcas006875,antiquewhite4,8
Tcas006663,antiquewhite4,8
Tcas006990,antiquewhite4,8
Tcas006838,antiquewhite4,8
Tcas006335,antiquewhite4,8
Tcas006298,antiquewhite4,8
Tcas006359,antiquewhite4,8
Tcas006692,antiquewhite4,8
Tcas007437,antiquewhite4,8
Tcas007235,antiquewhite4,8
Tcas006438,antiquewhite4,8
Tcas007359,antiquewhite4,8
Tcas007202,antiquewhite4,8
Tcas006913,antiquewhite4,8
Tcas007047,antiquewhite4,8
Tcas006502,antiquewhite4,8
Tcas007062,antiquewhite4,8
Tcas006898,antiquewhite4,8
Tcas007019,antiquewhite4,8
Tcas007270,antiquewhite4,8
Tcas006547,antiquewhite4,8
Tcas007322,antiquewhite4,8
Tcas006795,antiquewhite4,8
Tcas006291,antiquewhite4,8
Tcas006426,antiquewhite4,8
Tcas007423,antiquewhite4,8
Tcas007438,antiquewhite4,8
Tcas007258,antiquewhite4,8
Tcas007206,antiquewhite4,8
Tcas006396,antiquewhite4,8
Tcas006717,antiquewhite4,8
Tcas007147,antiquewhite4,8
Tcas007314,antiquewhite4,8
Tcas006832,antiquewhite4,8
Tcas007326,antiquewhite4,8
Tcas006596,antiquewhite4,8
Tcas006522,antiquewhite4,8
Tcas007410,antiquewhite4,8
Tcas006325,antiquewhite4,8
Tcas007143,antiquewhite4,8
Tcas007219,antiquewhite4,8
Tcas006716,antiquewhite4,8
Tcas006503,antiquewhite4,8
Tcas006746,antiquewhite4,8
Tcas006805,antiquewhite4,8
Tcas006767,antiquewhite4,8
Tcas006584,antiquewhite4,8
Tcas006607,antiquewhite4,8
Tcas006380,antiquewhite4,8
Tcas007424,antiquewhite4,8
Tcas007008,antiquewhite4,8
Tcas006346,antiquewhite4,8
Tcas006702,antiquewhite4,8
Tcas006432,antiquewhite4,8
Tcas007490,antiquewhite4,8
Tcas006601,antiquewhite4,8
Tcas007466,antiquewhite4,8
Tcas007340,antiquewhite4,8
Tcas006472,antiquewhite4,8
Tcas007444,antiquewhite4,8
Tcas006694,antiquewhite4,8
Tcas006375,antiquewhite4,8
Tcas007251,antiquewhite4,8
Tcas006627,antiquewhite4,8
Tcas007169,antiquewhite4,8
Tcas007306,antiquewhite4,8
Tcas006704,antiquewhite4,8
Tcas006749,antiquewhite4,8
Tcas007310,antiquewhite4,8
Tcas007287,antiquewhite4,8
Tcas007464,antiquewhite4,8
Tcas006385,antiquewhite4,8
Tcas006463,antiquewhite4,8
Tcas006885,antiquewhite4,8
Tcas006858,antiquewhite4,8
Tcas006709,antiquewhite4,8
Tcas006446,antiquewhite4,8
Tcas006827,antiquewhite4,8
Tcas006735,antiquewhite4,8
Tcas006938,antiquewhite4,8
Tcas006305,antiquewhite4,8
Tcas007496,antiquewhite4,8
Tcas007497,antiquewhite4,8
Tcas009061,antiquewhite4,8
Tcas008827,antiquewhite4,8
Tcas008887,antiquewhite4,8
Tcas007560,antiquewhite4,8
Tcas008836,antiquewhite4,8
Tcas008319,antiquewhite4,8
Tcas008187,antiquewhite4,8
Tcas007732,antiquewhite4,8
Tcas008374,antiquewhite4,8
Tcas008184,antiquewhite4,8
Tcas007753,antiquewhite4,8
Tcas008951,antiquewhite4,8
Tcas008624,antiquewhite4,8
Tcas008737,antiquewhite4,8
Tcas007820,antiquewhite4,8
Tcas008813,antiquewhite4,8
Tcas008348,antiquewhite4,8
Tcas009000,antiquewhite4,8
Tcas008030,antiquewhite4,8
Tcas008047,antiquewhite4,8
Tcas007770,antiquewhite4,8
Tcas007891,antiquewhite4,8
Tcas008512,antiquewhite4,8
Tcas008784,antiquewhite4,8
Tcas007845,antiquewhite4,8
Tcas007717,antiquewhite4,8
Tcas008727,antiquewhite4,8
Tcas008160,antiquewhite4,8
Tcas007592,antiquewhite4,8
Tcas007855,antiquewhite4,8
Tcas008198,antiquewhite4,8
Tcas008175,antiquewhite4,8
Tcas009096,antiquewhite4,8
Tcas008459,antiquewhite4,8
Tcas008897,antiquewhite4,8
Tcas008919,antiquewhite4,8
Tcas007902,antiquewhite4,8
Tcas008357,antiquewhite4,8
Tcas007671,antiquewhite4,8
Tcas008554,antiquewhite4,8
Tcas008601,antiquewhite4,8
Tcas007833,antiquewhite4,8
Tcas007766,antiquewhite4,8
Tcas007864,antiquewhite4,8
Tcas008844,antiquewhite4,8
Tcas007978,antiquewhite4,8
Tcas007564,antiquewhite4,8
Tcas008581,antiquewhite4,8
Tcas008807,antiquewhite4,8
Tcas008429,antiquewhite4,8
Tcas008715,antiquewhite4,8
Tcas008603,antiquewhite4,8
Tcas008971,antiquewhite4,8
Tcas008762,antiquewhite4,8
Tcas008768,antiquewhite4,8
Tcas008618,antiquewhite4,8
Tcas008284,antiquewhite4,8
Tcas007541,antiquewhite4,8
Tcas008953,antiquewhite4,8
Tcas008145,antiquewhite4,8
Tcas007693,antiquewhite4,8
Tcas007634,antiquewhite4,8
Tcas008141,antiquewhite4,8
Tcas009026,antiquewhite4,8
Tcas007812,antiquewhite4,8
Tcas007815,antiquewhite4,8
Tcas008064,antiquewhite4,8
Tcas008763,antiquewhite4,8
Tcas007666,antiquewhite4,8
Tcas008597,antiquewhite4,8
Tcas007929,antiquewhite4,8
Tcas007914,antiquewhite4,8
Tcas008830,antiquewhite4,8
Tcas008511,antiquewhite4,8
Tcas008996,antiquewhite4,8
Tcas008534,antiquewhite4,8
Tcas007686,antiquewhite4,8
Tcas008010,antiquewhite4,8
Tcas008150,antiquewhite4,8
Tcas008386,antiquewhite4,8
Tcas007694,antiquewhite4,8
Tcas008046,antiquewhite4,8
Tcas008226,antiquewhite4,8
Tcas008730,antiquewhite4,8
Tcas008517,antiquewhite4,8
Tcas008666,antiquewhite4,8
Tcas008448,antiquewhite4,8
Tcas007538,antiquewhite4,8
Tcas008970,antiquewhite4,8
Tcas007760,antiquewhite4,8
Tcas008923,antiquewhite4,8
Tcas008549,antiquewhite4,8
Tcas008542,antiquewhite4,8
Tcas007868,antiquewhite4,8
Tcas007808,antiquewhite4,8
Tcas008883,antiquewhite4,8
Tcas007594,antiquewhite4,8
Tcas008905,antiquewhite4,8
Tcas008306,antiquewhite4,8
Tcas008892,antiquewhite4,8
Tcas008115,antiquewhite4,8
Tcas008093,antiquewhite4,8
Tcas007903,antiquewhite4,8
Tcas009053,antiquewhite4,8
Tcas008123,antiquewhite4,8
Tcas007851,antiquewhite4,8
Tcas008173,antiquewhite4,8
Tcas008392,antiquewhite4,8
Tcas008329,antiquewhite4,8
Tcas008744,antiquewhite4,8
Tcas008438,antiquewhite4,8
Tcas008266,antiquewhite4,8
Tcas008672,antiquewhite4,8
Tcas007588,antiquewhite4,8
Tcas008816,antiquewhite4,8
Tcas007897,antiquewhite4,8
Tcas008594,antiquewhite4,8
Tcas008211,antiquewhite4,8
Tcas008682,antiquewhite4,8
Tcas009070,antiquewhite4,8
Tcas008992,antiquewhite4,8
Tcas008043,antiquewhite4,8
Tcas008281,antiquewhite4,8
Tcas008461,antiquewhite4,8
Tcas008990,antiquewhite4,8
Tcas008055,antiquewhite4,8
Tcas008620,antiquewhite4,8
Tcas007804,antiquewhite4,8
Tcas008274,antiquewhite4,8
Tcas007839,antiquewhite4,8
Tcas008041,antiquewhite4,8
Tcas008974,antiquewhite4,8
Tcas008724,antiquewhite4,8
Tcas007512,antiquewhite4,8
Tcas008009,antiquewhite4,8
Tcas008209,antiquewhite4,8
Tcas008541,antiquewhite4,8
Tcas007537,antiquewhite4,8
Tcas007532,antiquewhite4,8
Tcas007600,antiquewhite4,8
Tcas008011,antiquewhite4,8
Tcas007797,antiquewhite4,8
Tcas009004,antiquewhite4,8
Tcas008623,antiquewhite4,8
Tcas009057,antiquewhite4,8
Tcas008609,antiquewhite4,8
Tcas008717,antiquewhite4,8
Tcas008663,antiquewhite4,8
Tcas008667,antiquewhite4,8
Tcas008177,antiquewhite4,8
Tcas008556,antiquewhite4,8
Tcas008003,antiquewhite4,8
Tcas008565,antiquewhite4,8
Tcas008606,antiquewhite4,8
Tcas008821,antiquewhite4,8
Tcas008156,antiquewhite4,8
Tcas008640,antiquewhite4,8
Tcas008019,antiquewhite4,8
Tcas008430,antiquewhite4,8
Tcas007734,antiquewhite4,8
Tcas008378,antiquewhite4,8
Tcas007689,antiquewhite4,8
Tcas007631,antiquewhite4,8
Tcas007798,antiquewhite4,8
Tcas008946,antiquewhite4,8
Tcas008976,antiquewhite4,8
Tcas007926,antiquewhite4,8
Tcas007919,antiquewhite4,8
Tcas008677,antiquewhite4,8
Tcas008568,antiquewhite4,8
Tcas008643,antiquewhite4,8
Tcas008384,antiquewhite4,8
Tcas007805,antiquewhite4,8
Tcas008561,antiquewhite4,8
Tcas008129,antiquewhite4,8
Tcas009080,antiquewhite4,8
Tcas008227,antiquewhite4,8
Tcas007977,antiquewhite4,8
Tcas008437,antiquewhite4,8
Tcas008460,antiquewhite4,8
Tcas008598,antiquewhite4,8
Tcas007931,antiquewhite4,8
Tcas008476,antiquewhite4,8
Tcas008053,antiquewhite4,8
Tcas007763,antiquewhite4,8
Tcas008508,antiquewhite4,8
Tcas007678,antiquewhite4,8
Tcas008075,antiquewhite4,8
Tcas008083,antiquewhite4,8
Tcas008745,antiquewhite4,8
Tcas007539,antiquewhite4,8
Tcas008040,antiquewhite4,8
Tcas007842,antiquewhite4,8
Tcas009011,antiquewhite4,8
Tcas007762,antiquewhite4,8
Tcas008500,antiquewhite4,8
Tcas008291,antiquewhite4,8
Tcas007825,antiquewhite4,8
Tcas007624,antiquewhite4,8
Tcas008503,antiquewhite4,8
Tcas008692,antiquewhite4,8
Tcas008536,antiquewhite4,8
Tcas008207,antiquewhite4,8
Tcas008929,antiquewhite4,8
Tcas009059,antiquewhite4,8
Tcas007723,antiquewhite4,8
Tcas009021,antiquewhite4,8
Tcas008213,antiquewhite4,8
Tcas007565,antiquewhite4,8
Tcas008826,antiquewhite4,8
Tcas008101,antiquewhite4,8
Tcas008116,antiquewhite4,8
Tcas008006,antiquewhite4,8
Tcas007759,antiquewhite4,8
Tcas008796,antiquewhite4,8
Tcas008363,antiquewhite4,8
Tcas007992,antiquewhite4,8
Tcas008418,antiquewhite4,8
Tcas007611,antiquewhite4,8
Tcas008290,antiquewhite4,8
Tcas008578,antiquewhite4,8
Tcas008069,antiquewhite4,8
Tcas008580,antiquewhite4,8
Tcas007609,antiquewhite4,8
Tcas007968,antiquewhite4,8
Tcas008066,antiquewhite4,8
Tcas007647,antiquewhite4,8
Tcas008414,antiquewhite4,8
Tcas008915,antiquewhite4,8
Tcas008361,antiquewhite4,8
Tcas008786,antiquewhite4,8
Tcas008719,antiquewhite4,8
Tcas008877,antiquewhite4,8
Tcas007876,antiquewhite4,8
Tcas008802,antiquewhite4,8
Tcas008574,antiquewhite4,8
Tcas007865,antiquewhite4,8
Tcas008756,antiquewhite4,8
Tcas008344,antiquewhite4,8
Tcas008678,antiquewhite4,8
Tcas007527,antiquewhite4,8
Tcas008416,antiquewhite4,8
Tcas008602,antiquewhite4,8
Tcas008481,antiquewhite4,8
Tcas009037,antiquewhite4,8
Tcas008978,antiquewhite4,8
Tcas008742,antiquewhite4,8
Tcas008781,antiquewhite4,8
Tcas007570,antiquewhite4,8
Tcas007508,antiquewhite4,8
Tcas008988,antiquewhite4,8
Tcas007981,antiquewhite4,8
Tcas008734,antiquewhite4,8
Tcas007691,antiquewhite4,8
Tcas007881,antiquewhite4,8
Tcas008524,antiquewhite4,8
Tcas010117,antiquewhite4,8
Tcas010135,antiquewhite4,8
Tcas010040,antiquewhite4,8
Tcas009108,antiquewhite4,8
Tcas009969,antiquewhite4,8
Tcas009126,antiquewhite4,8
Tcas010503,antiquewhite4,8
Tcas009749,antiquewhite4,8
Tcas009145,antiquewhite4,8
Tcas010006,antiquewhite4,8
Tcas010484,antiquewhite4,8
Tcas009427,antiquewhite4,8
Tcas009247,antiquewhite4,8
Tcas009209,antiquewhite4,8
Tcas009802,antiquewhite4,8
Tcas009976,antiquewhite4,8
Tcas010183,antiquewhite4,8
Tcas010028,antiquewhite4,8
Tcas009927,antiquewhite4,8
Tcas010504,antiquewhite4,8
Tcas009828,antiquewhite4,8
Tcas009848,antiquewhite4,8
Tcas009327,antiquewhite4,8
Tcas010447,antiquewhite4,8
Tcas009821,antiquewhite4,8
Tcas009245,antiquewhite4,8
Tcas009836,antiquewhite4,8
Tcas009588,antiquewhite4,8
Tcas009553,antiquewhite4,8
Tcas010227,antiquewhite4,8
Tcas010279,antiquewhite4,8
Tcas010258,antiquewhite4,8
Tcas009394,antiquewhite4,8
Tcas009598,antiquewhite4,8
Tcas010290,antiquewhite4,8
Tcas009679,antiquewhite4,8
Tcas009995,antiquewhite4,8
Tcas010154,antiquewhite4,8
Tcas009119,antiquewhite4,8
Tcas009755,antiquewhite4,8
Tcas009318,antiquewhite4,8
Tcas009470,antiquewhite4,8
Tcas009107,antiquewhite4,8
Tcas010343,antiquewhite4,8
Tcas009597,antiquewhite4,8
Tcas009300,antiquewhite4,8
Tcas010264,antiquewhite4,8
Tcas009352,antiquewhite4,8
Tcas010164,antiquewhite4,8
Tcas009221,antiquewhite4,8
Tcas009196,antiquewhite4,8
Tcas009939,antiquewhite4,8
Tcas009197,antiquewhite4,8
Tcas009304,antiquewhite4,8
Tcas010310,antiquewhite4,8
Tcas009155,antiquewhite4,8
Tcas009184,antiquewhite4,8
Tcas010454,antiquewhite4,8
Tcas010044,antiquewhite4,8
Tcas010321,antiquewhite4,8
Tcas009569,antiquewhite4,8
Tcas010482,antiquewhite4,8
Tcas009901,antiquewhite4,8
Tcas009797,antiquewhite4,8
Tcas010468,antiquewhite4,8
Tcas010235,antiquewhite4,8
Tcas009847,antiquewhite4,8
Tcas010294,antiquewhite4,8
Tcas009985,antiquewhite4,8
Tcas009937,antiquewhite4,8
Tcas009723,antiquewhite4,8
Tcas010079,antiquewhite4,8
Tcas010082,antiquewhite4,8
Tcas010473,antiquewhite4,8
Tcas010129,antiquewhite4,8
Tcas010112,antiquewhite4,8
Tcas010407,antiquewhite4,8
Tcas010506,antiquewhite4,8
Tcas009296,antiquewhite4,8
Tcas009644,antiquewhite4,8
Tcas009922,antiquewhite4,8
Tcas010032,antiquewhite4,8
Tcas010216,antiquewhite4,8
Tcas009655,antiquewhite4,8
Tcas009867,antiquewhite4,8
Tcas009391,antiquewhite4,8
Tcas010012,antiquewhite4,8
Tcas010268,antiquewhite4,8
Tcas009764,antiquewhite4,8
Tcas009665,antiquewhite4,8
Tcas010098,antiquewhite4,8
Tcas010182,antiquewhite4,8
Tcas010137,antiquewhite4,8
Tcas009632,antiquewhite4,8
Tcas010233,antiquewhite4,8
Tcas009429,antiquewhite4,8
Tcas010109,antiquewhite4,8
Tcas009690,antiquewhite4,8
Tcas009913,antiquewhite4,8
Tcas009731,antiquewhite4,8
Tcas010497,antiquewhite4,8
Tcas009504,antiquewhite4,8
Tcas009560,antiquewhite4,8
Tcas009822,antiquewhite4,8
Tcas010329,antiquewhite4,8
Tcas009447,antiquewhite4,8
Tcas009417,antiquewhite4,8
Tcas010208,antiquewhite4,8
Tcas009565,antiquewhite4,8
Tcas010333,antiquewhite4,8
Tcas009558,antiquewhite4,8
Tcas010155,antiquewhite4,8
Tcas010239,antiquewhite4,8
Tcas009426,antiquewhite4,8
Tcas009736,antiquewhite4,8
Tcas010469,antiquewhite4,8
Tcas010160,antiquewhite4,8
Tcas009544,antiquewhite4,8
Tcas009539,antiquewhite4,8
Tcas010472,antiquewhite4,8
Tcas009681,antiquewhite4,8
Tcas010350,antiquewhite4,8
Tcas009383,antiquewhite4,8
Tcas009666,antiquewhite4,8
Tcas009949,antiquewhite4,8
Tcas010305,antiquewhite4,8
Tcas009130,antiquewhite4,8
Tcas009181,antiquewhite4,8
Tcas009132,antiquewhite4,8
Tcas009324,antiquewhite4,8
Tcas009915,antiquewhite4,8
Tcas009309,antiquewhite4,8
Tcas009810,antiquewhite4,8
Tcas010293,antiquewhite4,8
Tcas009622,antiquewhite4,8
Tcas009506,antiquewhite4,8
Tcas009729,antiquewhite4,8
Tcas009746,antiquewhite4,8
Tcas010005,antiquewhite4,8
Tcas010396,antiquewhite4,8
Tcas009201,antiquewhite4,8
Tcas009924,antiquewhite4,8
Tcas010214,antiquewhite4,8
Tcas009505,antiquewhite4,8
Tcas009286,antiquewhite4,8
Tcas010178,antiquewhite4,8
Tcas009519,antiquewhite4,8
Tcas010502,antiquewhite4,8
Tcas010184,antiquewhite4,8
Tcas010020,antiquewhite4,8
Tcas009824,antiquewhite4,8
Tcas009511,antiquewhite4,8
Tcas010380,antiquewhite4,8
Tcas009375,antiquewhite4,8
Tcas010004,antiquewhite4,8
Tcas009236,antiquewhite4,8
Tcas009893,antiquewhite4,8
Tcas009297,antiquewhite4,8
Tcas009455,antiquewhite4,8
Tcas009524,antiquewhite4,8
Tcas009369,antiquewhite4,8
Tcas009219,antiquewhite4,8
Tcas009183,antiquewhite4,8
Tcas009239,antiquewhite4,8
Tcas010123,antiquewhite4,8
Tcas009106,antiquewhite4,8
Tcas009204,antiquewhite4,8
Tcas009932,antiquewhite4,8
Tcas009529,antiquewhite4,8
Tcas010199,antiquewhite4,8
Tcas009374,antiquewhite4,8
Tcas009382,antiquewhite4,8
Tcas010134,antiquewhite4,8
Tcas010024,antiquewhite4,8
Tcas009697,antiquewhite4,8
Tcas010107,antiquewhite4,8
Tcas009613,antiquewhite4,8
Tcas009464,antiquewhite4,8
Tcas010413,antiquewhite4,8
Tcas009135,antiquewhite4,8
Tcas009255,antiquewhite4,8
Tcas009415,antiquewhite4,8
Tcas009105,antiquewhite4,8
Tcas009719,antiquewhite4,8
Tcas010023,antiquewhite4,8
Tcas009486,antiquewhite4,8
Tcas009482,antiquewhite4,8
Tcas010085,antiquewhite4,8
Tcas010174,antiquewhite4,8
Tcas010149,antiquewhite4,8
Tcas009727,antiquewhite4,8
Tcas010038,antiquewhite4,8
Tcas010352,antiquewhite4,8
Tcas010487,antiquewhite4,8
Tcas010125,antiquewhite4,8
Tcas010130,antiquewhite4,8
Tcas009566,antiquewhite4,8
Tcas009362,antiquewhite4,8
Tcas009841,antiquewhite4,8
Tcas009463,antiquewhite4,8
Tcas010394,antiquewhite4,8
Tcas009805,antiquewhite4,8
Tcas009540,antiquewhite4,8
Tcas010010,antiquewhite4,8
Tcas010418,antiquewhite4,8
Tcas009182,antiquewhite4,8
Tcas009128,antiquewhite4,8
Tcas010445,antiquewhite4,8
Tcas010450,antiquewhite4,8
Tcas009390,antiquewhite4,8
Tcas010334,antiquewhite4,8
Tcas010241,antiquewhite4,8
Tcas010043,antiquewhite4,8
Tcas010400,antiquewhite4,8
Tcas010453,antiquewhite4,8
Tcas009360,antiquewhite4,8
Tcas010064,antiquewhite4,8
Tcas009931,antiquewhite4,8
Tcas010055,antiquewhite4,8
Tcas009953,antiquewhite4,8
Tcas009603,antiquewhite4,8
Tcas010508,antiquewhite4,8
Tcas010511,antiquewhite4,8
Tcas010537,antiquewhite4,8
Tcas010569,antiquewhite4,8
Tcas010564,antiquewhite4,8
Tcas010524,antiquewhite4,8
Tcas010577,antiquewhite4,8
Tcas010539,antiquewhite4,8
Tcas010548,antiquewhite4,8
Tcas010579,antiquewhite4,8
Tcas010559,antiquewhite4,8
Tcas010545,antiquewhite4,8
Tcas010584,antiquewhite4,8
Tcas010598,antiquewhite4,8
Tcas010602,antiquewhite4,8
Tcas010603,antiquewhite4,8
Tcas010597,antiquewhite4,8
Tcas010594,antiquewhite4,8
Tcas010601,antiquewhite4,8
Tcas010618,antiquewhite4,8
Tcas010621,antiquewhite4,8
Tcas010633,antiquewhite4,8
Tcas010634,antiquewhite4,8
Tcas010645,antiquewhite4,8
Tcas010637,antiquewhite4,8
Tcas010652,antiquewhite4,8
Tcas010740,antiquewhite4,8
Tcas010781,antiquewhite4,8
Tcas010933,antiquewhite4,8
Tcas010861,antiquewhite4,8
Tcas011111,antiquewhite4,8
Tcas010806,antiquewhite4,8
Tcas010998,antiquewhite4,8
Tcas010999,antiquewhite4,8
Tcas010893,antiquewhite4,8
Tcas010990,antiquewhite4,8
Tcas011025,antiquewhite4,8
Tcas011131,antiquewhite4,8
Tcas010842,antiquewhite4,8
Tcas010904,antiquewhite4,8
Tcas010836,antiquewhite4,8
Tcas011118,antiquewhite4,8
Tcas011092,antiquewhite4,8
Tcas011007,antiquewhite4,8
Tcas010886,antiquewhite4,8
Tcas010840,antiquewhite4,8
Tcas010988,antiquewhite4,8
Tcas010950,antiquewhite4,8
Tcas010952,antiquewhite4,8
Tcas010848,antiquewhite4,8
Tcas010902,antiquewhite4,8
Tcas010957,antiquewhite4,8
Tcas011114,antiquewhite4,8
Tcas011033,antiquewhite4,8
Tcas010969,antiquewhite4,8
Tcas010808,antiquewhite4,8
Tcas011090,antiquewhite4,8
Tcas011059,antiquewhite4,8
Tcas010874,antiquewhite4,8
Tcas010844,antiquewhite4,8
Tcas010684,antiquewhite4,8
Tcas010657,antiquewhite4,8
Tcas011065,antiquewhite4,8
Tcas011071,antiquewhite4,8
Tcas010860,antiquewhite4,8
Tcas010985,antiquewhite4,8
Tcas010707,antiquewhite4,8
Tcas010702,antiquewhite4,8
Tcas010898,antiquewhite4,8
Tcas011046,antiquewhite4,8
Tcas011036,antiquewhite4,8
Tcas010877,antiquewhite4,8
Tcas010759,antiquewhite4,8
Tcas010857,antiquewhite4,8
Tcas010766,antiquewhite4,8
Tcas010832,antiquewhite4,8
Tcas011062,antiquewhite4,8
Tcas011077,antiquewhite4,8
Tcas010932,antiquewhite4,8
Tcas011115,antiquewhite4,8
Tcas010925,antiquewhite4,8
Tcas010695,antiquewhite4,8
Tcas010987,antiquewhite4,8
Tcas010845,antiquewhite4,8
Tcas010800,antiquewhite4,8
Tcas010696,antiquewhite4,8
Tcas010743,antiquewhite4,8
Tcas010670,antiquewhite4,8
Tcas010876,antiquewhite4,8
Tcas010934,antiquewhite4,8
Tcas011072,antiquewhite4,8
Tcas010771,antiquewhite4,8
Tcas010826,antiquewhite4,8
Tcas010859,antiquewhite4,8
Tcas010784,antiquewhite4,8
Tcas011029,antiquewhite4,8
Tcas011017,antiquewhite4,8
Tcas011087,antiquewhite4,8
Tcas011137,antiquewhite4,8
Tcas011144,antiquewhite4,8
Tcas011145,antiquewhite4,8
Tcas011158,antiquewhite4,8
Tcas011179,antiquewhite4,8
Tcas011191,antiquewhite4,8
Tcas011195,antiquewhite4,8
Tcas011199,antiquewhite4,8
Tcas011200,antiquewhite4,8
Tcas011196,antiquewhite4,8
Tcas011198,antiquewhite4,8
Tcas011209,antiquewhite4,8
Tcas011218,antiquewhite4,8
Tcas011224,antiquewhite4,8
Tcas011229,antiquewhite4,8
Tcas011231,antiquewhite4,8
Tcas011234,antiquewhite4,8
Tcas011239,antiquewhite4,8
Tcas011276,antiquewhite4,8
Tcas011274,antiquewhite4,8
Tcas011254,antiquewhite4,8
Tcas011251,antiquewhite4,8
Tcas011280,antiquewhite4,8
Tcas012479,antiquewhite4,8
Tcas011295,antiquewhite4,8
Tcas012367,antiquewhite4,8
Tcas012065,antiquewhite4,8
Tcas012191,antiquewhite4,8
Tcas012463,antiquewhite4,8
Tcas011598,antiquewhite4,8
Tcas011853,antiquewhite4,8
Tcas011423,antiquewhite4,8
Tcas011786,antiquewhite4,8
Tcas011691,antiquewhite4,8
Tcas012421,antiquewhite4,8
Tcas012413,antiquewhite4,8
Tcas011867,antiquewhite4,8
Tcas011662,antiquewhite4,8
Tcas011924,antiquewhite4,8
Tcas012370,antiquewhite4,8
Tcas011484,antiquewhite4,8
Tcas011510,antiquewhite4,8
Tcas012423,antiquewhite4,8
Tcas011618,antiquewhite4,8
Tcas012233,antiquewhite4,8
Tcas011742,antiquewhite4,8
Tcas011764,antiquewhite4,8
Tcas012072,antiquewhite4,8
Tcas011745,antiquewhite4,8
Tcas011859,antiquewhite4,8
Tcas011648,antiquewhite4,8
Tcas011756,antiquewhite4,8
Tcas011992,antiquewhite4,8
Tcas011288,antiquewhite4,8
Tcas011664,antiquewhite4,8
Tcas012178,antiquewhite4,8
Tcas012500,antiquewhite4,8
Tcas011499,antiquewhite4,8
Tcas011959,antiquewhite4,8
Tcas012364,antiquewhite4,8
Tcas012472,antiquewhite4,8
Tcas011627,antiquewhite4,8
Tcas012430,antiquewhite4,8
Tcas011383,antiquewhite4,8
Tcas012217,antiquewhite4,8
Tcas011948,antiquewhite4,8
Tcas011572,antiquewhite4,8
Tcas011610,antiquewhite4,8
Tcas012188,antiquewhite4,8
Tcas011365,antiquewhite4,8
Tcas012450,antiquewhite4,8
Tcas012056,antiquewhite4,8
Tcas011941,antiquewhite4,8
Tcas011565,antiquewhite4,8
Tcas012184,antiquewhite4,8
Tcas011667,antiquewhite4,8
Tcas012509,antiquewhite4,8
Tcas012104,antiquewhite4,8
Tcas011856,antiquewhite4,8
Tcas012381,antiquewhite4,8
Tcas012415,antiquewhite4,8
Tcas012237,antiquewhite4,8
Tcas011590,antiquewhite4,8
Tcas012283,antiquewhite4,8
Tcas011962,antiquewhite4,8
Tcas011862,antiquewhite4,8
Tcas011431,antiquewhite4,8
Tcas012359,antiquewhite4,8
Tcas012374,antiquewhite4,8
Tcas012075,antiquewhite4,8
Tcas011967,antiquewhite4,8
Tcas011846,antiquewhite4,8
Tcas012070,antiquewhite4,8
Tcas011823,antiquewhite4,8
Tcas011330,antiquewhite4,8
Tcas012451,antiquewhite4,8
Tcas011547,antiquewhite4,8
Tcas012315,antiquewhite4,8
Tcas011486,antiquewhite4,8
Tcas011870,antiquewhite4,8
Tcas012576,antiquewhite4,8
Tcas011321,antiquewhite4,8
Tcas011329,antiquewhite4,8
Tcas012135,antiquewhite4,8
Tcas012215,antiquewhite4,8
Tcas012452,antiquewhite4,8
Tcas011824,antiquewhite4,8
Tcas012309,antiquewhite4,8
Tcas011952,antiquewhite4,8
Tcas011996,antiquewhite4,8
Tcas011760,antiquewhite4,8
Tcas011989,antiquewhite4,8
Tcas011453,antiquewhite4,8
Tcas012066,antiquewhite4,8
Tcas011341,antiquewhite4,8
Tcas011686,antiquewhite4,8
Tcas011370,antiquewhite4,8
Tcas011849,antiquewhite4,8
Tcas012506,antiquewhite4,8
Tcas012200,antiquewhite4,8
Tcas011977,antiquewhite4,8
Tcas012448,antiquewhite4,8
Tcas011447,antiquewhite4,8
Tcas011887,antiquewhite4,8
Tcas012471,antiquewhite4,8
Tcas011316,antiquewhite4,8
Tcas011328,antiquewhite4,8
Tcas012014,antiquewhite4,8
Tcas011848,antiquewhite4,8
Tcas011441,antiquewhite4,8
Tcas012206,antiquewhite4,8
Tcas011864,antiquewhite4,8
Tcas012212,antiquewhite4,8
Tcas012390,antiquewhite4,8
Tcas012573,antiquewhite4,8
Tcas011837,antiquewhite4,8
Tcas012303,antiquewhite4,8
Tcas012084,antiquewhite4,8
Tcas012088,antiquewhite4,8
Tcas012010,antiquewhite4,8
Tcas012172,antiquewhite4,8
Tcas012101,antiquewhite4,8
Tcas011391,antiquewhite4,8
Tcas011687,antiquewhite4,8
Tcas011541,antiquewhite4,8
Tcas012518,antiquewhite4,8
Tcas011880,antiquewhite4,8
Tcas012382,antiquewhite4,8
Tcas011681,antiquewhite4,8
Tcas011641,antiquewhite4,8
Tcas012196,antiquewhite4,8
Tcas011523,antiquewhite4,8
Tcas012277,antiquewhite4,8
Tcas011860,antiquewhite4,8
Tcas011406,antiquewhite4,8
Tcas012047,antiquewhite4,8
Tcas011312,antiquewhite4,8
Tcas011410,antiquewhite4,8
Tcas012291,antiquewhite4,8
Tcas011720,antiquewhite4,8
Tcas012049,antiquewhite4,8
Tcas011898,antiquewhite4,8
Tcas011297,antiquewhite4,8
Tcas011928,antiquewhite4,8
Tcas012406,antiquewhite4,8
Tcas012186,antiquewhite4,8
Tcas011371,antiquewhite4,8
Tcas011476,antiquewhite4,8
Tcas011955,antiquewhite4,8
Tcas011620,antiquewhite4,8
Tcas012044,antiquewhite4,8
Tcas012443,antiquewhite4,8
Tcas012322,antiquewhite4,8
Tcas012325,antiquewhite4,8
Tcas012076,antiquewhite4,8
Tcas011696,antiquewhite4,8
Tcas011890,antiquewhite4,8
Tcas012494,antiquewhite4,8
Tcas011736,antiquewhite4,8
Tcas011869,antiquewhite4,8
Tcas012373,antiquewhite4,8
Tcas012306,antiquewhite4,8
Tcas011974,antiquewhite4,8
Tcas012296,antiquewhite4,8
Tcas012033,antiquewhite4,8
Tcas012008,antiquewhite4,8
Tcas012282,antiquewhite4,8
Tcas012110,antiquewhite4,8
Tcas011417,antiquewhite4,8
Tcas012254,antiquewhite4,8
Tcas011556,antiquewhite4,8
Tcas011678,antiquewhite4,8
Tcas011656,antiquewhite4,8
Tcas012432,antiquewhite4,8
Tcas012247,antiquewhite4,8
Tcas012347,antiquewhite4,8
Tcas012091,antiquewhite4,8
Tcas011768,antiquewhite4,8
Tcas012038,antiquewhite4,8
Tcas011655,antiquewhite4,8
Tcas011878,antiquewhite4,8
Tcas011998,antiquewhite4,8
Tcas011796,antiquewhite4,8
Tcas011460,antiquewhite4,8
Tcas011911,antiquewhite4,8
Tcas011349,antiquewhite4,8
Tcas011802,antiquewhite4,8
Tcas012327,antiquewhite4,8
Tcas011473,antiquewhite4,8
Tcas011617,antiquewhite4,8
Tcas011713,antiquewhite4,8
Tcas012169,antiquewhite4,8
Tcas012378,antiquewhite4,8
Tcas011374,antiquewhite4,8
Tcas011485,antiquewhite4,8
Tcas011940,antiquewhite4,8
Tcas011993,antiquewhite4,8
Tcas012015,antiquewhite4,8
Tcas012383,antiquewhite4,8
Tcas012333,antiquewhite4,8
Tcas012043,antiquewhite4,8
Tcas011868,antiquewhite4,8
Tcas012103,antiquewhite4,8
Tcas011776,antiquewhite4,8
Tcas011378,antiquewhite4,8
Tcas011844,antiquewhite4,8
Tcas011540,antiquewhite4,8
Tcas011323,antiquewhite4,8
Tcas012329,antiquewhite4,8
Tcas011907,antiquewhite4,8
Tcas011604,antiquewhite4,8
Tcas012474,antiquewhite4,8
Tcas011569,antiquewhite4,8
Tcas012324,antiquewhite4,8
Tcas000026,salmon,9
Tcas000030,salmon,9
Tcas000070,salmon,9
Tcas000256,salmon,9
Tcas000329,salmon,9
Tcas000473,salmon,9
Tcas001674,salmon,9
Tcas000803,salmon,9
Tcas001062,salmon,9
Tcas001435,salmon,9
Tcas000283,salmon,9
Tcas000162,salmon,9
Tcas000934,salmon,9
Tcas000572,salmon,9
Tcas000952,salmon,9
Tcas000963,salmon,9
Tcas000810,salmon,9
Tcas000570,salmon,9
Tcas001543,salmon,9
Tcas000554,salmon,9
Tcas001472,salmon,9
Tcas001260,salmon,9
Tcas001721,salmon,9
Tcas001145,salmon,9
Tcas001188,salmon,9
Tcas000883,salmon,9
Tcas000584,salmon,9
Tcas001683,salmon,9
Tcas000616,salmon,9
Tcas001501,salmon,9
Tcas002144,salmon,9
Tcas002097,salmon,9
Tcas002155,salmon,9
Tcas002391,salmon,9
Tcas002315,salmon,9
Tcas002224,salmon,9
Tcas001899,salmon,9
Tcas002371,salmon,9
Tcas002395,salmon,9
Tcas002309,salmon,9
Tcas002249,salmon,9
Tcas001979,salmon,9
Tcas002208,salmon,9
Tcas001952,salmon,9
Tcas002638,salmon,9
Tcas002648,salmon,9
Tcas003328,salmon,9
Tcas002991,salmon,9
Tcas003259,salmon,9
Tcas003446,salmon,9
Tcas002774,salmon,9
Tcas002854,salmon,9
Tcas003039,salmon,9
Tcas002654,salmon,9
Tcas002990,salmon,9
Tcas003067,salmon,9
Tcas003202,salmon,9
Tcas003608,salmon,9
Tcas003609,salmon,9
Tcas003657,salmon,9
Tcas003656,salmon,9
Tcas003895,salmon,9
Tcas004224,salmon,9
Tcas004617,salmon,9
Tcas004290,salmon,9
Tcas004144,salmon,9
Tcas005081,salmon,9
Tcas005104,salmon,9
Tcas004741,salmon,9
Tcas005073,salmon,9
Tcas004855,salmon,9
Tcas005286,salmon,9
Tcas004764,salmon,9
Tcas004748,salmon,9
Tcas003875,salmon,9
Tcas004403,salmon,9
Tcas005080,salmon,9
Tcas004368,salmon,9
Tcas005186,salmon,9
Tcas005042,salmon,9
Tcas004836,salmon,9
Tcas004114,salmon,9
Tcas003860,salmon,9
Tcas003918,salmon,9
Tcas004383,salmon,9
Tcas005329,salmon,9
Tcas005432,salmon,9
Tcas005715,salmon,9
Tcas005896,salmon,9
Tcas005810,salmon,9
Tcas005886,salmon,9
Tcas005953,salmon,9
Tcas005983,salmon,9
Tcas005637,salmon,9
Tcas005590,salmon,9
Tcas005714,salmon,9
Tcas006188,salmon,9
Tcas005451,salmon,9
Tcas005600,salmon,9
Tcas006916,salmon,9
Tcas007032,salmon,9
Tcas006618,salmon,9
Tcas006959,salmon,9
Tcas006317,salmon,9
Tcas006701,salmon,9
Tcas006533,salmon,9
Tcas007409,salmon,9
Tcas007297,salmon,9
Tcas006964,salmon,9
Tcas006331,salmon,9
Tcas006323,salmon,9
Tcas006966,salmon,9
Tcas006465,salmon,9
Tcas007137,salmon,9
Tcas006369,salmon,9
Tcas007944,salmon,9
Tcas009063,salmon,9
Tcas008523,salmon,9
Tcas008906,salmon,9
Tcas008779,salmon,9
Tcas008022,salmon,9
Tcas008158,salmon,9
Tcas007713,salmon,9
Tcas008134,salmon,9
Tcas008488,salmon,9
Tcas008809,salmon,9
Tcas008615,salmon,9
Tcas007529,salmon,9
Tcas008973,salmon,9
Tcas008854,salmon,9
Tcas007829,salmon,9
Tcas007703,salmon,9
Tcas008007,salmon,9
Tcas008751,salmon,9
Tcas008244,salmon,9
Tcas007921,salmon,9
Tcas008265,salmon,9
Tcas008642,salmon,9
Tcas008264,salmon,9
Tcas010204,salmon,9
Tcas009617,salmon,9
Tcas009717,salmon,9
Tcas010505,salmon,9
Tcas009509,salmon,9
Tcas010474,salmon,9
Tcas009823,salmon,9
Tcas009466,salmon,9
Tcas010069,salmon,9
Tcas009554,salmon,9
Tcas009459,salmon,9
Tcas009766,salmon,9
Tcas009293,salmon,9
Tcas010354,salmon,9
Tcas009517,salmon,9
Tcas010316,salmon,9
Tcas009270,salmon,9
Tcas010405,salmon,9
Tcas009804,salmon,9
Tcas009951,salmon,9
Tcas010358,salmon,9
Tcas010566,salmon,9
Tcas010735,salmon,9
Tcas010906,salmon,9
Tcas011028,salmon,9
Tcas010946,salmon,9
Tcas011169,salmon,9
Tcas011638,salmon,9
Tcas012202,salmon,9
Tcas012465,salmon,9
Tcas012591,salmon,9
Tcas012120,salmon,9
Tcas012316,salmon,9
Tcas012320,salmon,9
Tcas012323,salmon,9
Tcas011839,salmon,9
Tcas012442,salmon,9
Tcas012055,salmon,9
Tcas011903,salmon,9
Tcas011289,salmon,9
Tcas011804,salmon,9
Tcas012392,salmon,9
Tcas011354,salmon,9
Tcas011872,salmon,9
Tcas011591,salmon,9
Tcas012393,salmon,9
Tcas011301,salmon,9
Tcas012352,salmon,9
Tcas011944,salmon,9
Tcas012560,salmon,9
Tcas011879,salmon,9
Tcas012528,salmon,9
Tcas011561,salmon,9
Tcas011991,salmon,9
Tcas012387,salmon,9
Tcas012484,salmon,9
Tcas000025,skyblue3,10
Tcas000049,skyblue3,10
Tcas000058,skyblue3,10
Tcas000073,skyblue3,10
Tcas000644,skyblue3,10
Tcas001348,skyblue3,10
Tcas000130,skyblue3,10
Tcas000648,skyblue3,10
Tcas000428,skyblue3,10
Tcas001320,skyblue3,10
Tcas001129,skyblue3,10
Tcas000977,skyblue3,10
Tcas000701,skyblue3,10
Tcas001479,skyblue3,10
Tcas001417,skyblue3,10
Tcas000596,skyblue3,10
Tcas001759,skyblue3,10
Tcas001760,skyblue3,10
Tcas002233,skyblue3,10
Tcas002325,skyblue3,10
Tcas002339,skyblue3,10
Tcas003413,skyblue3,10
Tcas002530,skyblue3,10
Tcas003539,skyblue3,10
Tcas002682,skyblue3,10
Tcas003292,skyblue3,10
Tcas003288,skyblue3,10
Tcas003556,skyblue3,10
Tcas003353,skyblue3,10
Tcas003137,skyblue3,10
Tcas002849,skyblue3,10
Tcas003401,skyblue3,10
Tcas003078,skyblue3,10
Tcas003174,skyblue3,10
Tcas002704,skyblue3,10
Tcas003157,skyblue3,10
Tcas003669,skyblue3,10
Tcas003775,skyblue3,10
Tcas003800,skyblue3,10
Tcas005034,skyblue3,10
Tcas005049,skyblue3,10
Tcas005079,skyblue3,10
Tcas004271,skyblue3,10
Tcas004306,skyblue3,10
Tcas004944,skyblue3,10
Tcas004020,skyblue3,10
Tcas003832,skyblue3,10
Tcas004093,skyblue3,10
Tcas005283,skyblue3,10
Tcas003997,skyblue3,10
Tcas004013,skyblue3,10
Tcas005335,skyblue3,10
Tcas005350,skyblue3,10
Tcas005397,skyblue3,10
Tcas005408,skyblue3,10
Tcas005939,skyblue3,10
Tcas005851,skyblue3,10
Tcas005462,skyblue3,10
Tcas005635,skyblue3,10
Tcas006145,skyblue3,10
Tcas006116,skyblue3,10
Tcas006024,skyblue3,10
Tcas005828,skyblue3,10
Tcas006228,skyblue3,10
Tcas006257,skyblue3,10
Tcas006275,skyblue3,10
Tcas006587,skyblue3,10
Tcas006820,skyblue3,10
Tcas006844,skyblue3,10
Tcas007112,skyblue3,10
Tcas006658,skyblue3,10
Tcas006289,skyblue3,10
Tcas007011,skyblue3,10
Tcas006579,skyblue3,10
Tcas008764,skyblue3,10
Tcas007826,skyblue3,10
Tcas007553,skyblue3,10
Tcas007884,skyblue3,10
Tcas008326,skyblue3,10
Tcas008351,skyblue3,10
Tcas007503,skyblue3,10
Tcas007623,skyblue3,10
Tcas007918,skyblue3,10
Tcas008490,skyblue3,10
Tcas008324,skyblue3,10
Tcas008388,skyblue3,10
Tcas007714,skyblue3,10
Tcas009850,skyblue3,10
Tcas009472,skyblue3,10
Tcas010406,skyblue3,10
Tcas009692,skyblue3,10
Tcas009525,skyblue3,10
Tcas010126,skyblue3,10
Tcas009299,skyblue3,10
Tcas009637,skyblue3,10
Tcas010528,skyblue3,10
Tcas010534,skyblue3,10
Tcas010611,skyblue3,10
Tcas010931,skyblue3,10
Tcas011176,skyblue3,10
Tcas011189,skyblue3,10
Tcas011197,skyblue3,10
Tcas011230,skyblue3,10
Tcas011237,skyblue3,10
Tcas011511,skyblue3,10
Tcas012280,skyblue3,10
Tcas011858,skyblue3,10
Tcas012350,skyblue3,10
Tcas012539,skyblue3,10
Tcas011576,skyblue3,10
Tcas012357,skyblue3,10
Tcas012424,skyblue3,10
Tcas011422,skyblue3,10
Tcas011836,skyblue3,10
Tcas011770,skyblue3,10
Tcas011729,skyblue3,10
Tcas012257,skyblue3,10
Tcas000032,indianred4,11
Tcas000028,indianred4,11
Tcas000050,indianred4,11
Tcas000064,indianred4,11
Tcas000081,indianred4,11
Tcas000084,indianred4,11
Tcas000089,indianred4,11
Tcas000090,indianred4,11
Tcas000092,indianred4,11
Tcas000102,indianred4,11
Tcas000111,indianred4,11
Tcas000108,indianred4,11
Tcas000105,indianred4,11
Tcas000275,indianred4,11
Tcas000845,indianred4,11
Tcas001077,indianred4,11
Tcas000968,indianred4,11
Tcas001150,indianred4,11
Tcas001660,indianred4,11
Tcas001329,indianred4,11
Tcas001079,indianred4,11
Tcas001332,indianred4,11
Tcas000269,indianred4,11
Tcas000241,indianred4,11
Tcas001108,indianred4,11
Tcas000891,indianred4,11
Tcas000199,indianred4,11
Tcas001671,indianred4,11
Tcas001634,indianred4,11
Tcas000958,indianred4,11
Tcas001337,indianred4,11
Tcas000809,indianred4,11
Tcas000119,indianred4,11
Tcas001379,indianred4,11
Tcas001488,indianred4,11
Tcas000886,indianred4,11
Tcas001042,indianred4,11
Tcas001256,indianred4,11
Tcas000435,indianred4,11
Tcas000208,indianred4,11
Tcas001433,indianred4,11
Tcas000778,indianred4,11
Tcas001075,indianred4,11
Tcas001587,indianred4,11
Tcas000990,indianred4,11
Tcas001240,indianred4,11
Tcas001599,indianred4,11
Tcas001356,indianred4,11
Tcas001536,indianred4,11
Tcas001702,indianred4,11
Tcas001281,indianred4,11
Tcas001720,indianred4,11
Tcas000930,indianred4,11
Tcas000675,indianred4,11
Tcas001125,indianred4,11
Tcas000856,indianred4,11
Tcas000892,indianred4,11
Tcas000769,indianred4,11
Tcas000878,indianred4,11
Tcas001280,indianred4,11
Tcas000744,indianred4,11
Tcas001221,indianred4,11
Tcas001010,indianred4,11
Tcas001600,indianred4,11
Tcas000736,indianred4,11
Tcas001427,indianred4,11
Tcas001369,indianred4,11
Tcas000148,indianred4,11
Tcas001171,indianred4,11
Tcas000880,indianred4,11
Tcas000612,indianred4,11
Tcas000871,indianred4,11
Tcas001081,indianred4,11
Tcas001049,indianred4,11
Tcas001268,indianred4,11
Tcas001498,indianred4,11
Tcas001688,indianred4,11
Tcas000163,indianred4,11
Tcas001541,indianred4,11
Tcas000433,indianred4,11
Tcas001205,indianred4,11
Tcas000344,indianred4,11
Tcas001200,indianred4,11
Tcas001662,indianred4,11
Tcas000580,indianred4,11
Tcas000417,indianred4,11
Tcas001676,indianred4,11
Tcas001046,indianred4,11
Tcas001189,indianred4,11
Tcas001388,indianred4,11
Tcas001478,indianred4,11
Tcas000274,indianred4,11
Tcas000834,indianred4,11
Tcas000606,indianred4,11
Tcas000482,indianred4,11
Tcas001110,indianred4,11
Tcas001349,indianred4,11
Tcas001637,indianred4,11
Tcas001485,indianred4,11
Tcas000298,indianred4,11
Tcas000128,indianred4,11
Tcas000698,indianred4,11
Tcas000945,indianred4,11
Tcas001064,indianred4,11
Tcas001507,indianred4,11
Tcas001464,indianred4,11
Tcas001463,indianred4,11
Tcas001568,indianred4,11
Tcas001694,indianred4,11
Tcas001048,indianred4,11
Tcas001144,indianred4,11
Tcas000765,indianred4,11
Tcas000705,indianred4,11
Tcas001522,indianred4,11
Tcas001508,indianred4,11
Tcas001278,indianred4,11
Tcas000676,indianred4,11
Tcas001328,indianred4,11
Tcas000710,indianred4,11
Tcas000654,indianred4,11
Tcas001520,indianred4,11
Tcas001547,indianred4,11
Tcas001238,indianred4,11
Tcas001024,indianred4,11
Tcas001096,indianred4,11
Tcas000927,indianred4,11
Tcas000780,indianred4,11
Tcas001365,indianred4,11
Tcas001086,indianred4,11
Tcas000287,indianred4,11
Tcas001071,indianred4,11
Tcas000151,indianred4,11
Tcas000720,indianred4,11
Tcas001289,indianred4,11
Tcas000489,indianred4,11
Tcas000448,indianred4,11
Tcas000132,indianred4,11
Tcas001685,indianred4,11
Tcas001394,indianred4,11
Tcas001099,indianred4,11
Tcas001429,indianred4,11
Tcas000296,indianred4,11
Tcas000830,indianred4,11
Tcas000172,indianred4,11
Tcas001574,indianred4,11
Tcas000642,indianred4,11
Tcas000544,indianred4,11
Tcas001462,indianred4,11
Tcas000546,indianred4,11
Tcas001132,indianred4,11
Tcas000611,indianred4,11
Tcas000953,indianred4,11
Tcas000755,indianred4,11
Tcas001670,indianred4,11
Tcas001481,indianred4,11
Tcas001483,indianred4,11
Tcas001421,indianred4,11
Tcas000400,indianred4,11
Tcas001325,indianred4,11
Tcas000870,indianred4,11
Tcas001023,indianred4,11
Tcas000707,indianred4,11
Tcas001667,indianred4,11
Tcas000462,indianred4,11
Tcas001172,indianred4,11
Tcas000398,indianred4,11
Tcas001700,indianred4,11
Tcas000160,indianred4,11
Tcas001202,indianred4,11
Tcas000291,indianred4,11
Tcas000585,indianred4,11
Tcas001154,indianred4,11
Tcas000615,indianred4,11
Tcas001382,indianred4,11
Tcas000772,indianred4,11
Tcas001119,indianred4,11
Tcas000757,indianred4,11
Tcas000250,indianred4,11
Tcas000200,indianred4,11
Tcas000822,indianred4,11
Tcas001560,indianred4,11
Tcas001648,indianred4,11
Tcas001312,indianred4,11
Tcas000380,indianred4,11
Tcas000519,indianred4,11
Tcas001540,indianred4,11
Tcas001565,indianred4,11
Tcas000877,indianred4,11
Tcas001116,indianred4,11
Tcas001513,indianred4,11
Tcas000559,indianred4,11
Tcas000276,indianred4,11
Tcas001423,indianred4,11
Tcas000330,indianred4,11
Tcas001061,indianred4,11
Tcas001492,indianred4,11
Tcas000568,indianred4,11
Tcas001090,indianred4,11
Tcas000664,indianred4,11
Tcas000832,indianred4,11
Tcas000761,indianred4,11
Tcas000414,indianred4,11
Tcas001142,indianred4,11
Tcas001470,indianred4,11
Tcas001591,indianred4,11
Tcas000935,indianred4,11
Tcas001592,indianred4,11
Tcas001174,indianred4,11
Tcas000697,indianred4,11
Tcas000149,indianred4,11
Tcas001003,indianred4,11
Tcas000346,indianred4,11
Tcas001556,indianred4,11
Tcas001008,indianred4,11
Tcas000348,indianred4,11
Tcas000487,indianred4,11
Tcas000812,indianred4,11
Tcas000528,indianred4,11
Tcas000638,indianred4,11
Tcas000272,indianred4,11
Tcas000323,indianred4,11
Tcas001146,indianred4,11
Tcas001739,indianred4,11
Tcas001642,indianred4,11
Tcas001326,indianred4,11
Tcas000738,indianred4,11
Tcas001097,indianred4,11
Tcas000639,indianred4,11
Tcas000643,indianred4,11
Tcas000865,indianred4,11
Tcas000954,indianred4,11
Tcas000819,indianred4,11
Tcas001092,indianred4,11
Tcas001346,indianred4,11
Tcas001643,indianred4,11
Tcas000154,indianred4,11
Tcas001528,indianred4,11
Tcas000628,indianred4,11
Tcas000864,indianred4,11
Tcas000768,indianred4,11
Tcas000213,indianred4,11
Tcas000257,indianred4,11
Tcas000775,indianred4,11
Tcas001441,indianred4,11
Tcas001440,indianred4,11
Tcas001072,indianred4,11
Tcas001625,indianred4,11
Tcas000904,indianred4,11
Tcas001055,indianred4,11
Tcas001473,indianred4,11
Tcas001650,indianred4,11
Tcas000597,indianred4,11
Tcas000972,indianred4,11
Tcas001284,indianred4,11
Tcas000415,indianred4,11
Tcas000237,indianred4,11
Tcas001415,indianred4,11
Tcas000693,indianred4,11
Tcas001314,indianred4,11
Tcas000356,indianred4,11
Tcas000466,indianred4,11
Tcas000188,indianred4,11
Tcas000793,indianred4,11
Tcas000967,indianred4,11
Tcas000370,indianred4,11
Tcas001370,indianred4,11
Tcas001013,indianred4,11
Tcas001121,indianred4,11
Tcas001669,indianred4,11
Tcas000176,indianred4,11
Tcas001234,indianred4,11
Tcas000797,indianred4,11
Tcas001040,indianred4,11
Tcas001549,indianred4,11
Tcas001225,indianred4,11
Tcas001297,indianred4,11
Tcas001083,indianred4,11
Tcas000634,indianred4,11
Tcas000301,indianred4,11
Tcas001298,indianred4,11
Tcas001135,indianred4,11
Tcas000955,indianred4,11
Tcas000403,indianred4,11
Tcas000127,indianred4,11
Tcas001006,indianred4,11
Tcas001491,indianred4,11
Tcas000530,indianred4,11
Tcas000371,indianred4,11
Tcas001519,indianred4,11
Tcas001750,indianred4,11
Tcas001761,indianred4,11
Tcas001769,indianred4,11
Tcas001776,indianred4,11
Tcas001998,indianred4,11
Tcas002306,indianred4,11
Tcas002400,indianred4,11
Tcas002093,indianred4,11
Tcas002313,indianred4,11
Tcas002016,indianred4,11
Tcas002188,indianred4,11
Tcas002136,indianred4,11
Tcas002096,indianred4,11
Tcas002111,indianred4,11
Tcas002264,indianred4,11
Tcas002033,indianred4,11
Tcas002343,indianred4,11
Tcas002394,indianred4,11
Tcas002255,indianred4,11
Tcas002357,indianred4,11
Tcas001862,indianred4,11
Tcas002099,indianred4,11
Tcas002213,indianred4,11
Tcas001853,indianred4,11
Tcas002294,indianred4,11
Tcas002161,indianred4,11
Tcas001907,indianred4,11
Tcas001838,indianred4,11
Tcas001915,indianred4,11
Tcas002055,indianred4,11
Tcas002318,indianred4,11
Tcas002070,indianred4,11
Tcas001901,indianred4,11
Tcas002304,indianred4,11
Tcas001997,indianred4,11
Tcas001990,indianred4,11
Tcas001842,indianred4,11
Tcas001905,indianred4,11
Tcas002240,indianred4,11
Tcas002049,indianred4,11
Tcas002185,indianred4,11
Tcas002109,indianred4,11
Tcas002200,indianred4,11
Tcas001880,indianred4,11
Tcas001835,indianred4,11
Tcas002069,indianred4,11
Tcas001963,indianred4,11
Tcas002359,indianred4,11
Tcas002272,indianred4,11
Tcas002169,indianred4,11
Tcas001781,indianred4,11
Tcas002393,indianred4,11
Tcas001786,indianred4,11
Tcas002396,indianred4,11
Tcas002287,indianred4,11
Tcas001981,indianred4,11
Tcas002064,indianred4,11
Tcas002065,indianred4,11
Tcas001878,indianred4,11
Tcas002282,indianred4,11
Tcas001849,indianred4,11
Tcas002278,indianred4,11
Tcas001885,indianred4,11
Tcas001887,indianred4,11
Tcas002305,indianred4,11
Tcas002381,indianred4,11
Tcas002057,indianred4,11
Tcas002116,indianred4,11
Tcas002079,indianred4,11
Tcas002062,indianred4,11
Tcas002418,indianred4,11
Tcas001964,indianred4,11
Tcas002244,indianred4,11
Tcas002269,indianred4,11
Tcas002045,indianred4,11
Tcas001855,indianred4,11
Tcas002290,indianred4,11
Tcas001934,indianred4,11
Tcas001889,indianred4,11
Tcas002215,indianred4,11
Tcas002361,indianred4,11
Tcas001945,indianred4,11
Tcas002422,indianred4,11
Tcas002172,indianred4,11
Tcas002037,indianred4,11
Tcas002176,indianred4,11
Tcas001818,indianred4,11
Tcas001933,indianred4,11
Tcas002114,indianred4,11
Tcas001844,indianred4,11
Tcas001824,indianred4,11
Tcas001941,indianred4,11
Tcas002048,indianred4,11
Tcas001930,indianred4,11
Tcas002375,indianred4,11
Tcas002235,indianred4,11
Tcas002387,indianred4,11
Tcas002250,indianred4,11
Tcas002265,indianred4,11
Tcas002002,indianred4,11
Tcas001919,indianred4,11
Tcas001904,indianred4,11
Tcas001924,indianred4,11
Tcas002317,indianred4,11
Tcas001854,indianred4,11
Tcas001848,indianred4,11
Tcas002202,indianred4,11
Tcas001921,indianred4,11
Tcas002110,indianred4,11
Tcas002115,indianred4,11
Tcas002358,indianred4,11
Tcas002416,indianred4,11
Tcas001936,indianred4,11
Tcas002291,indianred4,11
Tcas002191,indianred4,11
Tcas002175,indianred4,11
Tcas002314,indianred4,11
Tcas002150,indianred4,11
Tcas002423,indianred4,11
Tcas002427,indianred4,11
Tcas002429,indianred4,11
Tcas002432,indianred4,11
Tcas002433,indianred4,11
Tcas002790,indianred4,11
Tcas003358,indianred4,11
Tcas002630,indianred4,11
Tcas002640,indianred4,11
Tcas002444,indianred4,11
Tcas002740,indianred4,11
Tcas003436,indianred4,11
Tcas002994,indianred4,11
Tcas002753,indianred4,11
Tcas003510,indianred4,11
Tcas002908,indianred4,11
Tcas003462,indianred4,11
Tcas002510,indianred4,11
Tcas003587,indianred4,11
Tcas002714,indianred4,11
Tcas002895,indianred4,11
Tcas003015,indianred4,11
Tcas003324,indianred4,11
Tcas002768,indianred4,11
Tcas002739,indianred4,11
Tcas002729,indianred4,11
Tcas003126,indianred4,11
Tcas003315,indianred4,11
Tcas003251,indianred4,11
Tcas002971,indianred4,11
Tcas003404,indianred4,11
Tcas003069,indianred4,11
Tcas002788,indianred4,11
Tcas003016,indianred4,11
Tcas002506,indianred4,11
Tcas002877,indianred4,11
Tcas003357,indianred4,11
Tcas002885,indianred4,11
Tcas003566,indianred4,11
Tcas002818,indianred4,11
Tcas002906,indianred4,11
Tcas003265,indianred4,11
Tcas003289,indianred4,11
Tcas003390,indianred4,11
Tcas003577,indianred4,11
Tcas003548,indianred4,11
Tcas003542,indianred4,11
Tcas003480,indianred4,11
Tcas003323,indianred4,11
Tcas003512,indianred4,11
Tcas003116,indianred4,11
Tcas002976,indianred4,11
Tcas002608,indianred4,11
Tcas002871,indianred4,11
Tcas002999,indianred4,11
Tcas002992,indianred4,11
Tcas002835,indianred4,11
Tcas002718,indianred4,11
Tcas002875,indianred4,11
Tcas002780,indianred4,11
Tcas003373,indianred4,11
Tcas002603,indianred4,11
Tcas003419,indianred4,11
Tcas002551,indianred4,11
Tcas003593,indianred4,11
Tcas003064,indianred4,11
Tcas003261,indianred4,11
Tcas002637,indianred4,11
Tcas003523,indianred4,11
Tcas002982,indianred4,11
Tcas002883,indianred4,11
Tcas002847,indianred4,11
Tcas002929,indianred4,11
Tcas002896,indianred4,11
Tcas003207,indianred4,11
Tcas002712,indianred4,11
Tcas003319,indianred4,11
Tcas002528,indianred4,11
Tcas003045,indianred4,11
Tcas003439,indianred4,11
Tcas003451,indianred4,11
Tcas003407,indianred4,11
Tcas002537,indianred4,11
Tcas003460,indianred4,11
Tcas003018,indianred4,11
Tcas002469,indianred4,11
Tcas003290,indianred4,11
Tcas003379,indianred4,11
Tcas003068,indianred4,11
Tcas003117,indianred4,11
Tcas003152,indianred4,11
Tcas002827,indianred4,11
Tcas002795,indianred4,11
Tcas003111,indianred4,11
Tcas003423,indianred4,11
Tcas003023,indianred4,11
Tcas002749,indianred4,11
Tcas003180,indianred4,11
Tcas002699,indianred4,11
Tcas002705,indianred4,11
Tcas003046,indianred4,11
Tcas002720,indianred4,11
Tcas003093,indianred4,11
Tcas003248,indianred4,11
Tcas003409,indianred4,11
Tcas002964,indianred4,11
Tcas002434,indianred4,11
Tcas002850,indianred4,11
Tcas002912,indianred4,11
Tcas003535,indianred4,11
Tcas002686,indianred4,11
Tcas002708,indianred4,11
Tcas003165,indianred4,11
Tcas003088,indianred4,11
Tcas002874,indianred4,11
Tcas002920,indianred4,11
Tcas002772,indianred4,11
Tcas002593,indianred4,11
Tcas002917,indianred4,11
Tcas002915,indianred4,11
Tcas002655,indianred4,11
Tcas002671,indianred4,11
Tcas002568,indianred4,11
Tcas002842,indianred4,11
Tcas003443,indianred4,11
Tcas002767,indianred4,11
Tcas003179,indianred4,11
Tcas003532,indianred4,11
Tcas002659,indianred4,11
Tcas003463,indianred4,11
Tcas003159,indianred4,11
Tcas002730,indianred4,11
Tcas003156,indianred4,11
Tcas003083,indianred4,11
Tcas003489,indianred4,11
Tcas002972,indianred4,11
Tcas003412,indianred4,11
Tcas003220,indianred4,11
Tcas002741,indianred4,11
Tcas002794,indianred4,11
Tcas003465,indianred4,11
Tcas003499,indianred4,11
Tcas003120,indianred4,11
Tcas002726,indianred4,11
Tcas003274,indianred4,11
Tcas002615,indianred4,11
Tcas002451,indianred4,11
Tcas003418,indianred4,11
Tcas002822,indianred4,11
Tcas002472,indianred4,11
Tcas002703,indianred4,11
Tcas003136,indianred4,11
Tcas002597,indianred4,11
Tcas003312,indianred4,11
Tcas003481,indianred4,11
Tcas002448,indianred4,11
Tcas003355,indianred4,11
Tcas002599,indianred4,11
Tcas003482,indianred4,11
Tcas003256,indianred4,11
Tcas003399,indianred4,11
Tcas002979,indianred4,11
Tcas003371,indianred4,11
Tcas002837,indianred4,11
Tcas002674,indianred4,11
Tcas003317,indianred4,11
Tcas003115,indianred4,11
Tcas003475,indianred4,11
Tcas003276,indianred4,11
Tcas002975,indianred4,11
Tcas002497,indianred4,11
Tcas002855,indianred4,11
Tcas002453,indianred4,11
Tcas002935,indianred4,11
Tcas003036,indianred4,11
Tcas003491,indianred4,11
Tcas003444,indianred4,11
Tcas003216,indianred4,11
Tcas003435,indianred4,11
Tcas003229,indianred4,11
Tcas002770,indianred4,11
Tcas003374,indianred4,11
Tcas002888,indianred4,11
Tcas002889,indianred4,11
Tcas003041,indianred4,11
Tcas003199,indianred4,11
Tcas002811,indianred4,11
Tcas003154,indianred4,11
Tcas003071,indianred4,11
Tcas002605,indianred4,11
Tcas002998,indianred4,11
Tcas002483,indianred4,11
Tcas002900,indianred4,11
Tcas002763,indianred4,11
Tcas003296,indianred4,11
Tcas002791,indianred4,11
Tcas003062,indianred4,11
Tcas003488,indianred4,11
Tcas003501,indianred4,11
Tcas002661,indianred4,11
Tcas002951,indianred4,11
Tcas003595,indianred4,11
Tcas003605,indianred4,11
Tcas003604,indianred4,11
Tcas003611,indianred4,11
Tcas003644,indianred4,11
Tcas003659,indianred4,11
Tcas003626,indianred4,11
Tcas003617,indianred4,11
Tcas003615,indianred4,11
Tcas003648,indianred4,11
Tcas003616,indianred4,11
Tcas003630,indianred4,11
Tcas003647,indianred4,11
Tcas003664,indianred4,11
Tcas003668,indianred4,11
Tcas003687,indianred4,11
Tcas003692,indianred4,11
Tcas003710,indianred4,11
Tcas003709,indianred4,11
Tcas003715,indianred4,11
Tcas003728,indianred4,11
Tcas003735,indianred4,11
Tcas003739,indianred4,11
Tcas003740,indianred4,11
Tcas003744,indianred4,11
Tcas003745,indianred4,11
Tcas003752,indianred4,11
Tcas003747,indianred4,11
Tcas003770,indianred4,11
Tcas003794,indianred4,11
Tcas004150,indianred4,11
Tcas003813,indianred4,11
Tcas004163,indianred4,11
Tcas004691,indianred4,11
Tcas005076,indianred4,11
Tcas004343,indianred4,11
Tcas004187,indianred4,11
Tcas003881,indianred4,11
Tcas005138,indianred4,11
Tcas004788,indianred4,11
Tcas004143,indianred4,11
Tcas005297,indianred4,11
Tcas004111,indianred4,11
Tcas004016,indianred4,11
Tcas004523,indianred4,11
Tcas003900,indianred4,11
Tcas004837,indianred4,11
Tcas004772,indianred4,11
Tcas004231,indianred4,11
Tcas005224,indianred4,11
Tcas005282,indianred4,11
Tcas005222,indianred4,11
Tcas003985,indianred4,11
Tcas003999,indianred4,11
Tcas004376,indianred4,11
Tcas003993,indianred4,11
Tcas004843,indianred4,11
Tcas004734,indianred4,11
Tcas004869,indianred4,11
Tcas005255,indianred4,11
Tcas003853,indianred4,11
Tcas005153,indianred4,11
Tcas004801,indianred4,11
Tcas004629,indianred4,11
Tcas004652,indianred4,11
Tcas005243,indianred4,11
Tcas004391,indianred4,11
Tcas003970,indianred4,11
Tcas004807,indianred4,11
Tcas004364,indianred4,11
Tcas004804,indianred4,11
Tcas004634,indianred4,11
Tcas003916,indianred4,11
Tcas005026,indianred4,11
Tcas003976,indianred4,11
Tcas004089,indianred4,11
Tcas004055,indianred4,11
Tcas004203,indianred4,11
Tcas004272,indianred4,11
Tcas004566,indianred4,11
Tcas004989,indianred4,11
Tcas004299,indianred4,11
Tcas004736,indianred4,11
Tcas005146,indianred4,11
Tcas005006,indianred4,11
Tcas004931,indianred4,11
Tcas004918,indianred4,11
Tcas005261,indianred4,11
Tcas003859,indianred4,11
Tcas004112,indianred4,11
Tcas004668,indianred4,11
Tcas004794,indianred4,11
Tcas004593,indianred4,11
Tcas005202,indianred4,11
Tcas004168,indianred4,11
Tcas004813,indianred4,11
Tcas004103,indianred4,11
Tcas004642,indianred4,11
Tcas005067,indianred4,11
Tcas005052,indianred4,11
Tcas003932,indianred4,11
Tcas004585,indianred4,11
Tcas005090,indianred4,11
Tcas005136,indianred4,11
Tcas005187,indianred4,11
Tcas004635,indianred4,11
Tcas004709,indianred4,11
Tcas004117,indianred4,11
Tcas004889,indianred4,11
Tcas004081,indianred4,11
Tcas004802,indianred4,11
Tcas004995,indianred4,11
Tcas004535,indianred4,11
Tcas004380,indianred4,11
Tcas004657,indianred4,11
Tcas004665,indianred4,11
Tcas005203,indianred4,11
Tcas004243,indianred4,11
Tcas004312,indianred4,11
Tcas004714,indianred4,11
Tcas004206,indianred4,11
Tcas004746,indianred4,11
Tcas004366,indianred4,11
Tcas004358,indianred4,11
Tcas004815,indianred4,11
Tcas004912,indianred4,11
Tcas004845,indianred4,11
Tcas005016,indianred4,11
Tcas004993,indianred4,11
Tcas004680,indianred4,11
Tcas005074,indianred4,11
Tcas004986,indianred4,11
Tcas004757,indianred4,11
Tcas005279,indianred4,11
Tcas004399,indianred4,11
Tcas004427,indianred4,11
Tcas003975,indianred4,11
Tcas004375,indianred4,11
Tcas005149,indianred4,11
Tcas004700,indianred4,11
Tcas004774,indianred4,11
Tcas004340,indianred4,11
Tcas004767,indianred4,11
Tcas004447,indianred4,11
Tcas004622,indianred4,11
Tcas004022,indianred4,11
Tcas004881,indianred4,11
Tcas005066,indianred4,11
Tcas005148,indianred4,11
Tcas005247,indianred4,11
Tcas004645,indianred4,11
Tcas005126,indianred4,11
Tcas004527,indianred4,11
Tcas005227,indianred4,11
Tcas004824,indianred4,11
Tcas004749,indianred4,11
Tcas004718,indianred4,11
Tcas004607,indianred4,11
Tcas004752,indianred4,11
Tcas004914,indianred4,11
Tcas004602,indianred4,11
Tcas004729,indianred4,11
Tcas004923,indianred4,11
Tcas004227,indianred4,11
Tcas004248,indianred4,11
Tcas004401,indianred4,11
Tcas004506,indianred4,11
Tcas004096,indianred4,11
Tcas004682,indianred4,11
Tcas004873,indianred4,11
Tcas004860,indianred4,11
Tcas004497,indianred4,11
Tcas005002,indianred4,11
Tcas004805,indianred4,11
Tcas005134,indianred4,11
Tcas004609,indianred4,11
Tcas005267,indianred4,11
Tcas004127,indianred4,11
Tcas004390,indianred4,11
Tcas004910,indianred4,11
Tcas004095,indianred4,11
Tcas004849,indianred4,11
Tcas004098,indianred4,11
Tcas003896,indianred4,11
Tcas004043,indianred4,11
Tcas004006,indianred4,11
Tcas003938,indianred4,11
Tcas004570,indianred4,11
Tcas004947,indianred4,11
Tcas004036,indianred4,11
Tcas003865,indianred4,11
Tcas005116,indianred4,11
Tcas004904,indianred4,11
Tcas004641,indianred4,11
Tcas005015,indianred4,11
Tcas005209,indianred4,11
Tcas004911,indianred4,11
Tcas004545,indianred4,11
Tcas004938,indianred4,11
Tcas004028,indianred4,11
Tcas004125,indianred4,11
Tcas005158,indianred4,11
Tcas004071,indianred4,11
Tcas004301,indianred4,11
Tcas004771,indianred4,11
Tcas004988,indianred4,11
Tcas004498,indianred4,11
Tcas004084,indianred4,11
Tcas004186,indianred4,11
Tcas004139,indianred4,11
Tcas004728,indianred4,11
Tcas004280,indianred4,11
Tcas004917,indianred4,11
Tcas003953,indianred4,11
Tcas004721,indianred4,11
Tcas004638,indianred4,11
Tcas004005,indianred4,11
Tcas003854,indianred4,11
Tcas005298,indianred4,11
Tcas005044,indianred4,11
Tcas005123,indianred4,11
Tcas005215,indianred4,11
Tcas004411,indianred4,11
Tcas005212,indianred4,11
Tcas004546,indianred4,11
Tcas004407,indianred4,11
Tcas004937,indianred4,11
Tcas004406,indianred4,11
Tcas004683,indianred4,11
Tcas004277,indianred4,11
Tcas004462,indianred4,11
Tcas004854,indianred4,11
Tcas005239,indianred4,11
Tcas004673,indianred4,11
Tcas004347,indianred4,11
Tcas004225,indianred4,11
Tcas003857,indianred4,11
Tcas004470,indianred4,11
Tcas005101,indianred4,11
Tcas004266,indianred4,11
Tcas005114,indianred4,11
Tcas004425,indianred4,11
Tcas004818,indianred4,11
Tcas004341,indianred4,11
Tcas004436,indianred4,11
Tcas004412,indianred4,11
Tcas004262,indianred4,11
Tcas004541,indianred4,11
Tcas004768,indianred4,11
Tcas004519,indianred4,11
Tcas004230,indianred4,11
Tcas004342,indianred4,11
Tcas003998,indianred4,11
Tcas004155,indianred4,11
Tcas005251,indianred4,11
Tcas004202,indianred4,11
Tcas004446,indianred4,11
Tcas004574,indianred4,11
Tcas004739,indianred4,11
Tcas005109,indianred4,11
Tcas003912,indianred4,11
Tcas004663,indianred4,11
Tcas004220,indianred4,11
Tcas004394,indianred4,11
Tcas005178,indianred4,11
Tcas004107,indianred4,11
Tcas004581,indianred4,11
Tcas004690,indianred4,11
Tcas004903,indianred4,11
Tcas004563,indianred4,11
Tcas004482,indianred4,11
Tcas003935,indianred4,11
Tcas004286,indianred4,11
Tcas004950,indianred4,11
Tcas003814,indianred4,11
Tcas003971,indianred4,11
Tcas004382,indianred4,11
Tcas005107,indianred4,11
Tcas004110,indianred4,11
Tcas005296,indianred4,11
Tcas005231,indianred4,11
Tcas004428,indianred4,11
Tcas004242,indianred4,11
Tcas004185,indianred4,11
Tcas004450,indianred4,11
Tcas004241,indianred4,11
Tcas003833,indianred4,11
Tcas004033,indianred4,11
Tcas003931,indianred4,11
Tcas005132,indianred4,11
Tcas003802,indianred4,11
Tcas005228,indianred4,11
Tcas005300,indianred4,11
Tcas003898,indianred4,11
Tcas003942,indianred4,11
Tcas004870,indianred4,11
Tcas003836,indianred4,11
Tcas005085,indianred4,11
Tcas004816,indianred4,11
Tcas004021,indianred4,11
Tcas005058,indianred4,11
Tcas004793,indianred4,11
Tcas004348,indianred4,11
Tcas004935,indianred4,11
Tcas004778,indianred4,11
Tcas005250,indianred4,11
Tcas004455,indianred4,11
Tcas004478,indianred4,11
Tcas004693,indianred4,11
Tcas004895,indianred4,11
Tcas004495,indianred4,11
Tcas003840,indianred4,11
Tcas004568,indianred4,11
Tcas003870,indianred4,11
Tcas005130,indianred4,11
Tcas005242,indianred4,11
Tcas005305,indianred4,11
Tcas005320,indianred4,11
Tcas005340,indianred4,11
Tcas005360,indianred4,11
Tcas005371,indianred4,11
Tcas005376,indianred4,11
Tcas005400,indianred4,11
Tcas005402,indianred4,11
Tcas005413,indianred4,11
Tcas005417,indianred4,11
Tcas005423,indianred4,11
Tcas005424,indianred4,11
Tcas005436,indianred4,11
Tcas005428,indianred4,11
Tcas005425,indianred4,11
Tcas005439,indianred4,11
Tcas005433,indianred4,11
Tcas005426,indianred4,11
Tcas005430,indianred4,11
Tcas005927,indianred4,11
Tcas005788,indianred4,11
Tcas005548,indianred4,11
Tcas006167,indianred4,11
Tcas006149,indianred4,11
Tcas005510,indianred4,11
Tcas006124,indianred4,11
Tcas005940,indianred4,11
Tcas005503,indianred4,11
Tcas005921,indianred4,11
Tcas006071,indianred4,11
Tcas005684,indianred4,11
Tcas005485,indianred4,11
Tcas006036,indianred4,11
Tcas005875,indianred4,11
Tcas006134,indianred4,11
Tcas005483,indianred4,11
Tcas006019,indianred4,11
Tcas005693,indianred4,11
Tcas005819,indianred4,11
Tcas005497,indianred4,11
Tcas005858,indianred4,11
Tcas006144,indianred4,11
Tcas005539,indianred4,11
Tcas005967,indianred4,11
Tcas005707,indianred4,11
Tcas006236,indianred4,11
Tcas005729,indianred4,11
Tcas005866,indianred4,11
Tcas005922,indianred4,11
Tcas005657,indianred4,11
Tcas005741,indianred4,11
Tcas005869,indianred4,11
Tcas006004,indianred4,11
Tcas006183,indianred4,11
Tcas005447,indianred4,11
Tcas005816,indianred4,11
Tcas005470,indianred4,11
Tcas005482,indianred4,11
Tcas005491,indianred4,11
Tcas005557,indianred4,11
Tcas005941,indianred4,11
Tcas005520,indianred4,11
Tcas006234,indianred4,11
Tcas005664,indianred4,11
Tcas006212,indianred4,11
Tcas005634,indianred4,11
Tcas005674,indianred4,11
Tcas005703,indianred4,11
Tcas005591,indianred4,11
Tcas006121,indianred4,11
Tcas005597,indianred4,11
Tcas006242,indianred4,11
Tcas006052,indianred4,11
Tcas006185,indianred4,11
Tcas005780,indianred4,11
Tcas005607,indianred4,11
Tcas005578,indianred4,11
Tcas005647,indianred4,11
Tcas006208,indianred4,11
Tcas006187,indianred4,11
Tcas005646,indianred4,11
Tcas006013,indianred4,11
Tcas006238,indianred4,11
Tcas005516,indianred4,11
Tcas006097,indianred4,11
Tcas005653,indianred4,11
Tcas006125,indianred4,11
Tcas005900,indianred4,11
Tcas005530,indianred4,11
Tcas005724,indianred4,11
Tcas005768,indianred4,11
Tcas006043,indianred4,11
Tcas005723,indianred4,11
Tcas005973,indianred4,11
Tcas005630,indianred4,11
Tcas005586,indianred4,11
Tcas006054,indianred4,11
Tcas006239,indianred4,11
Tcas005536,indianred4,11
Tcas005782,indianred4,11
Tcas005616,indianred4,11
Tcas005878,indianred4,11
Tcas005573,indianred4,11
Tcas006044,indianred4,11
Tcas005716,indianred4,11
Tcas005889,indianred4,11
Tcas005837,indianred4,11
Tcas005903,indianred4,11
Tcas006105,indianred4,11
Tcas005690,indianred4,11
Tcas005517,indianred4,11
Tcas005807,indianred4,11
Tcas005915,indianred4,11
Tcas005970,indianred4,11
Tcas005854,indianred4,11
Tcas005945,indianred4,11
Tcas005488,indianred4,11
Tcas005577,indianred4,11
Tcas005628,indianred4,11
Tcas005827,indianred4,11
Tcas005519,indianred4,11
Tcas005673,indianred4,11
Tcas005594,indianred4,11
Tcas005448,indianred4,11
Tcas005612,indianred4,11
Tcas006180,indianred4,11
Tcas005583,indianred4,11
Tcas005959,indianred4,11
Tcas005645,indianred4,11
Tcas006056,indianred4,11
Tcas006168,indianred4,11
Tcas006196,indianred4,11
Tcas005805,indianred4,11
Tcas006172,indianred4,11
Tcas005785,indianred4,11
Tcas005777,indianred4,11
Tcas005893,indianred4,11
Tcas006017,indianred4,11
Tcas006042,indianred4,11
Tcas005522,indianred4,11
Tcas006171,indianred4,11
Tcas006037,indianred4,11
Tcas006033,indianred4,11
Tcas006027,indianred4,11
Tcas005774,indianred4,11
Tcas006106,indianred4,11
Tcas005585,indianred4,11
Tcas005683,indianred4,11
Tcas005784,indianred4,11
Tcas006219,indianred4,11
Tcas005894,indianred4,11
Tcas005815,indianred4,11
Tcas005798,indianred4,11
Tcas005698,indianred4,11
Tcas005975,indianred4,11
Tcas005868,indianred4,11
Tcas005498,indianred4,11
Tcas006252,indianred4,11
Tcas006254,indianred4,11
Tcas006255,indianred4,11
Tcas006259,indianred4,11
Tcas006279,indianred4,11
Tcas006264,indianred4,11
Tcas007223,indianred4,11
Tcas007025,indianred4,11
Tcas006758,indianred4,11
Tcas006713,indianred4,11
Tcas006946,indianred4,11
Tcas007376,indianred4,11
Tcas006764,indianred4,11
Tcas007052,indianred4,11
Tcas007016,indianred4,11
Tcas006720,indianred4,11
Tcas007222,indianred4,11
Tcas006350,indianred4,11
Tcas007454,indianred4,11
Tcas007193,indianred4,11
Tcas006545,indianred4,11
Tcas007388,indianred4,11
Tcas007459,indianred4,11
Tcas007372,indianred4,11
Tcas006434,indianred4,11
Tcas006853,indianred4,11
Tcas006752,indianred4,11
Tcas007067,indianred4,11
Tcas007071,indianred4,11
Tcas006975,indianred4,11
Tcas007422,indianred4,11
Tcas006299,indianred4,11
Tcas007218,indianred4,11
Tcas006669,indianred4,11
Tcas006599,indianred4,11
Tcas006420,indianred4,11
Tcas006809,indianred4,11
Tcas007354,indianred4,11
Tcas006962,indianred4,11
Tcas006353,indianred4,11
Tcas006628,indianred4,11
Tcas007486,indianred4,11
Tcas007396,indianred4,11
Tcas006784,indianred4,11
Tcas006760,indianred4,11
Tcas007345,indianred4,11
Tcas006308,indianred4,11
Tcas006313,indianred4,11
Tcas006675,indianred4,11
Tcas006621,indianred4,11
Tcas006804,indianred4,11
Tcas007468,indianred4,11
Tcas006617,indianred4,11
Tcas007103,indianred4,11
Tcas007073,indianred4,11
Tcas007428,indianred4,11
Tcas006608,indianred4,11
Tcas007076,indianred4,11
Tcas006571,indianred4,11
Tcas007072,indianred4,11
Tcas007035,indianred4,11
Tcas006636,indianred4,11
Tcas007328,indianred4,11
Tcas007442,indianred4,11
Tcas007292,indianred4,11
Tcas006728,indianred4,11
Tcas007311,indianred4,11
Tcas006395,indianred4,11
Tcas006912,indianred4,11
Tcas007097,indianred4,11
Tcas007178,indianred4,11
Tcas007390,indianred4,11
Tcas006914,indianred4,11
Tcas007211,indianred4,11
Tcas007461,indianred4,11
Tcas007013,indianred4,11
Tcas007279,indianred4,11
Tcas007247,indianred4,11
Tcas007469,indianred4,11
Tcas006542,indianred4,11
Tcas007451,indianred4,11
Tcas007201,indianred4,11
Tcas006766,indianred4,11
Tcas007098,indianred4,11
Tcas006879,indianred4,11
Tcas006417,indianred4,11
Tcas006981,indianred4,11
Tcas006329,indianred4,11
Tcas006725,indianred4,11
Tcas006379,indianred4,11
Tcas006944,indianred4,11
Tcas006592,indianred4,11
Tcas007057,indianred4,11
Tcas007120,indianred4,11
Tcas007199,indianred4,11
Tcas006322,indianred4,11
Tcas007397,indianred4,11
Tcas006423,indianred4,11
Tcas007167,indianred4,11
Tcas007398,indianred4,11
Tcas006416,indianred4,11
Tcas006768,indianred4,11
Tcas007127,indianred4,11
Tcas006754,indianred4,11
Tcas007061,indianred4,11
Tcas007155,indianred4,11
Tcas007462,indianred4,11
Tcas006285,indianred4,11
Tcas006402,indianred4,11
Tcas007281,indianred4,11
Tcas007339,indianred4,11
Tcas007260,indianred4,11
Tcas007133,indianred4,11
Tcas006372,indianred4,11
Tcas007300,indianred4,11
Tcas006586,indianred4,11
Tcas007453,indianred4,11
Tcas007346,indianred4,11
Tcas006453,indianred4,11
Tcas006391,indianred4,11
Tcas006348,indianred4,11
Tcas006668,indianred4,11
Tcas006936,indianred4,11
Tcas007481,indianred4,11
Tcas007487,indianred4,11
Tcas007153,indianred4,11
Tcas006794,indianred4,11
Tcas006580,indianred4,11
Tcas007373,indianred4,11
Tcas006433,indianred4,11
Tcas007360,indianred4,11
Tcas006577,indianred4,11
Tcas006481,indianred4,11
Tcas007213,indianred4,11
Tcas007038,indianred4,11
Tcas006649,indianred4,11
Tcas006869,indianred4,11
Tcas006469,indianred4,11
Tcas007262,indianred4,11
Tcas007156,indianred4,11
Tcas006883,indianred4,11
Tcas006613,indianred4,11
Tcas006945,indianred4,11
Tcas007280,indianred4,11
Tcas006953,indianred4,11
Tcas006518,indianred4,11
Tcas006362,indianred4,11
Tcas006934,indianred4,11
Tcas006667,indianred4,11
Tcas006831,indianred4,11
Tcas006774,indianred4,11
Tcas007171,indianred4,11
Tcas006467,indianred4,11
Tcas007361,indianred4,11
Tcas006301,indianred4,11
Tcas006987,indianred4,11
Tcas006825,indianred4,11
Tcas007232,indianred4,11
Tcas006525,indianred4,11
Tcas007083,indianred4,11
Tcas006559,indianred4,11
Tcas006520,indianred4,11
Tcas006788,indianred4,11
Tcas007261,indianred4,11
Tcas006368,indianred4,11
Tcas007445,indianred4,11
Tcas006296,indianred4,11
Tcas006483,indianred4,11
Tcas006334,indianred4,11
Tcas006923,indianred4,11
Tcas006753,indianred4,11
Tcas007448,indianred4,11
Tcas006643,indianred4,11
Tcas006942,indianred4,11
Tcas006444,indianred4,11
Tcas006965,indianred4,11
Tcas006860,indianred4,11
Tcas006854,indianred4,11
Tcas007102,indianred4,11
Tcas007020,indianred4,11
Tcas007160,indianred4,11
Tcas006926,indianred4,11
Tcas007114,indianred4,11
Tcas006558,indianred4,11
Tcas006849,indianred4,11
Tcas006574,indianred4,11
Tcas007085,indianred4,11
Tcas006841,indianred4,11
Tcas006519,indianred4,11
Tcas006357,indianred4,11
Tcas006830,indianred4,11
Tcas006732,indianred4,11
Tcas007387,indianred4,11
Tcas006328,indianred4,11
Tcas006840,indianred4,11
Tcas007168,indianred4,11
Tcas006440,indianred4,11
Tcas007267,indianred4,11
Tcas006497,indianred4,11
Tcas007028,indianred4,11
Tcas006635,indianred4,11
Tcas007255,indianred4,11
Tcas007283,indianred4,11
Tcas006970,indianred4,11
Tcas007417,indianred4,11
Tcas006994,indianred4,11
Tcas007477,indianred4,11
Tcas007100,indianred4,11
Tcas007341,indianred4,11
Tcas006363,indianred4,11
Tcas007329,indianred4,11
Tcas006370,indianred4,11
Tcas006682,indianred4,11
Tcas006320,indianred4,11
Tcas007456,indianred4,11
Tcas006757,indianred4,11
Tcas007265,indianred4,11
Tcas007220,indianred4,11
Tcas007449,indianred4,11
Tcas006806,indianred4,11
Tcas006448,indianred4,11
Tcas007320,indianred4,11
Tcas007502,indianred4,11
Tcas008422,indianred4,11
Tcas007832,indianred4,11
Tcas008805,indianred4,11
Tcas007698,indianred4,11
Tcas008665,indianred4,11
Tcas009018,indianred4,11
Tcas008540,indianred4,11
Tcas008797,indianred4,11
Tcas008038,indianred4,11
Tcas007687,indianred4,11
Tcas008538,indianred4,11
Tcas008124,indianred4,11
Tcas008654,indianred4,11
Tcas008321,indianred4,11
Tcas008959,indianred4,11
Tcas008831,indianred4,11
Tcas008403,indianred4,11
Tcas008757,indianred4,11
Tcas008771,indianred4,11
Tcas008980,indianred4,11
Tcas007866,indianred4,11
Tcas008307,indianred4,11
Tcas008119,indianred4,11
Tcas008860,indianred4,11
Tcas008367,indianred4,11
Tcas008753,indianred4,11
Tcas009088,indianred4,11
Tcas007582,indianred4,11
Tcas008731,indianred4,11
Tcas008202,indianred4,11
Tcas007794,indianred4,11
Tcas008081,indianred4,11
Tcas008236,indianred4,11
Tcas008611,indianred4,11
Tcas007718,indianred4,11
Tcas007626,indianred4,11
Tcas008555,indianred4,11
Tcas008613,indianred4,11
Tcas008647,indianred4,11
Tcas008034,indianred4,11
Tcas008912,indianred4,11
Tcas008648,indianred4,11
Tcas007949,indianred4,11
Tcas008035,indianred4,11
Tcas007886,indianred4,11
Tcas008005,indianred4,11
Tcas008593,indianred4,11
Tcas007827,indianred4,11
Tcas008713,indianred4,11
Tcas007945,indianred4,11
Tcas008735,indianred4,11
Tcas008545,indianred4,11
Tcas008926,indianred4,11
Tcas008451,indianred4,11
Tcas008001,indianred4,11
Tcas007644,indianred4,11
Tcas008016,indianred4,11
Tcas007523,indianred4,11
Tcas007973,indianred4,11
Tcas008977,indianred4,11
Tcas007965,indianred4,11
Tcas008773,indianred4,11
Tcas008865,indianred4,11
Tcas007920,indianred4,11
Tcas008701,indianred4,11
Tcas008985,indianred4,11
Tcas008404,indianred4,11
Tcas008049,indianred4,11
Tcas007558,indianred4,11
Tcas008878,indianred4,11
Tcas008159,indianred4,11
Tcas007769,indianred4,11
Tcas008406,indianred4,11
Tcas008572,indianred4,11
Tcas008832,indianred4,11
Tcas007504,indianred4,11
Tcas008359,indianred4,11
Tcas008969,indianred4,11
Tcas008704,indianred4,11
Tcas007707,indianred4,11
Tcas008674,indianred4,11
Tcas008387,indianred4,11
Tcas008675,indianred4,11
Tcas007856,indianred4,11
Tcas008776,indianred4,11
Tcas007635,indianred4,11
Tcas008475,indianred4,11
Tcas008936,indianred4,11
Tcas008843,indianred4,11
Tcas007858,indianred4,11
Tcas007874,indianred4,11
Tcas007925,indianred4,11
Tcas007536,indianred4,11
Tcas009083,indianred4,11
Tcas007566,indianred4,11
Tcas009077,indianred4,11
Tcas009047,indianred4,11
Tcas008225,indianred4,11
Tcas008954,indianred4,11
Tcas007614,indianred4,11
Tcas008002,indianred4,11
Tcas007516,indianred4,11
Tcas007888,indianred4,11
Tcas008372,indianred4,11
Tcas008194,indianred4,11
Tcas007639,indianred4,11
Tcas007621,indianred4,11
Tcas007661,indianred4,11
Tcas007830,indianred4,11
Tcas009031,indianred4,11
Tcas008270,indianred4,11
Tcas008204,indianred4,11
Tcas008085,indianred4,11
Tcas007670,indianred4,11
Tcas008144,indianred4,11
Tcas008358,indianred4,11
Tcas008558,indianred4,11
Tcas008163,indianred4,11
Tcas008279,indianred4,11
Tcas008032,indianred4,11
Tcas008071,indianred4,11
Tcas008680,indianred4,11
Tcas008714,indianred4,11
Tcas008444,indianred4,11
Tcas008699,indianred4,11
Tcas008287,indianred4,11
Tcas008450,indianred4,11
Tcas008467,indianred4,11
Tcas008736,indianred4,11
Tcas008472,indianred4,11
Tcas008841,indianred4,11
Tcas008537,indianred4,11
Tcas008293,indianred4,11
Tcas008180,indianred4,11
Tcas008586,indianred4,11
Tcas007550,indianred4,11
Tcas008259,indianred4,11
Tcas008474,indianred4,11
Tcas008708,indianred4,11
Tcas007697,indianred4,11
Tcas008520,indianred4,11
Tcas008341,indianred4,11
Tcas008135,indianred4,11
Tcas008949,indianred4,11
Tcas008588,indianred4,11
Tcas008571,indianred4,11
Tcas007603,indianred4,11
Tcas008280,indianred4,11
Tcas008423,indianred4,11
Tcas008200,indianred4,11
Tcas008828,indianred4,11
Tcas007940,indianred4,11
Tcas008655,indianred4,11
Tcas008350,indianred4,11
Tcas008482,indianred4,11
Tcas008023,indianred4,11
Tcas008282,indianred4,11
Tcas007780,indianred4,11
Tcas007506,indianred4,11
Tcas007893,indianred4,11
Tcas008218,indianred4,11
Tcas007681,indianred4,11
Tcas008501,indianred4,11
Tcas008045,indianred4,11
Tcas009050,indianred4,11
Tcas007622,indianred4,11
Tcas008027,indianred4,11
Tcas008037,indianred4,11
Tcas008127,indianred4,11
Tcas007674,indianred4,11
Tcas009019,indianred4,11
Tcas007673,indianred4,11
Tcas008251,indianred4,11
Tcas007546,indianred4,11
Tcas008253,indianred4,11
Tcas008332,indianred4,11
Tcas008579,indianred4,11
Tcas008029,indianred4,11
Tcas009003,indianred4,11
Tcas007525,indianred4,11
Tcas008515,indianred4,11
Tcas007749,indianred4,11
Tcas008993,indianred4,11
Tcas007573,indianred4,11
Tcas007507,indianred4,11
Tcas008587,indianred4,11
Tcas007946,indianred4,11
Tcas008102,indianred4,11
Tcas008105,indianred4,11
Tcas007947,indianred4,11
Tcas008868,indianred4,11
Tcas008051,indianred4,11
Tcas008313,indianred4,11
Tcas008583,indianred4,11
Tcas007627,indianred4,11
Tcas008952,indianred4,11
Tcas007712,indianred4,11
Tcas008057,indianred4,11
Tcas008721,indianred4,11
Tcas007567,indianred4,11
Tcas008131,indianred4,11
Tcas008447,indianred4,11
Tcas007906,indianred4,11
Tcas008557,indianred4,11
Tcas008636,indianred4,11
Tcas008197,indianred4,11
Tcas008592,indianred4,11
Tcas007793,indianred4,11
Tcas008507,indianred4,11
Tcas008470,indianred4,11
Tcas008436,indianred4,11
Tcas007653,indianred4,11
Tcas007774,indianred4,11
Tcas008559,indianred4,11
Tcas008345,indianred4,11
Tcas008056,indianred4,11
Tcas008333,indianred4,11
Tcas008685,indianred4,11
Tcas007746,indianred4,11
Tcas007675,indianred4,11
Tcas008215,indianred4,11
Tcas007785,indianred4,11
Tcas008650,indianred4,11
Tcas008303,indianred4,11
Tcas008126,indianred4,11
Tcas009084,indianred4,11
Tcas008017,indianred4,11
Tcas008632,indianred4,11
Tcas007638,indianred4,11
Tcas008464,indianred4,11
Tcas008301,indianred4,11
Tcas007991,indianred4,11
Tcas008434,indianred4,11
Tcas008402,indianred4,11
Tcas007579,indianred4,11
Tcas008497,indianred4,11
Tcas008260,indianred4,11
Tcas008484,indianred4,11
Tcas007802,indianred4,11
Tcas008018,indianred4,11
Tcas008585,indianred4,11
Tcas009071,indianred4,11
Tcas008725,indianred4,11
Tcas008024,indianred4,11
Tcas007979,indianred4,11
Tcas008203,indianred4,11
Tcas008833,indianred4,11
Tcas007928,indianred4,11
Tcas007722,indianred4,11
Tcas008000,indianred4,11
Tcas008539,indianred4,11
Tcas008393,indianred4,11
Tcas008463,indianred4,11
Tcas009014,indianred4,11
Tcas008120,indianred4,11
Tcas008785,indianred4,11
Tcas008084,indianred4,11
Tcas007755,indianred4,11
Tcas008383,indianred4,11
Tcas007586,indianred4,11
Tcas007922,indianred4,11
Tcas008747,indianred4,11
Tcas007961,indianred4,11
Tcas007879,indianred4,11
Tcas007630,indianred4,11
Tcas008772,indianred4,11
Tcas008015,indianred4,11
Tcas007663,indianred4,11
Tcas007519,indianred4,11
Tcas008432,indianred4,11
Tcas008300,indianred4,11
Tcas008857,indianred4,11
Tcas009051,indianred4,11
Tcas008573,indianred4,11
Tcas007735,indianred4,11
Tcas007505,indianred4,11
Tcas008505,indianred4,11
Tcas008337,indianred4,11
Tcas008651,indianred4,11
Tcas007729,indianred4,11
Tcas007549,indianred4,11
Tcas007982,indianred4,11
Tcas008142,indianred4,11
Tcas008462,indianred4,11
Tcas008479,indianred4,11
Tcas007813,indianred4,11
Tcas007580,indianred4,11
Tcas008754,indianred4,11
Tcas008443,indianred4,11
Tcas007575,indianred4,11
Tcas008968,indianred4,11
Tcas007684,indianred4,11
Tcas007777,indianred4,11
Tcas008074,indianred4,11
Tcas008316,indianred4,11
Tcas008080,indianred4,11
Tcas007997,indianred4,11
Tcas008739,indianred4,11
Tcas008859,indianred4,11
Tcas007980,indianred4,11
Tcas008922,indianred4,11
Tcas008092,indianred4,11
Tcas007690,indianred4,11
Tcas008782,indianred4,11
Tcas007551,indianred4,11
Tcas007795,indianred4,11
Tcas008999,indianred4,11
Tcas007584,indianred4,11
Tcas007956,indianred4,11
Tcas007605,indianred4,11
Tcas009099,indianred4,11
Tcas009100,indianred4,11
Tcas009111,indianred4,11
Tcas010369,indianred4,11
Tcas009396,indianred4,11
Tcas009397,indianred4,11
Tcas009467,indianred4,11
Tcas009623,indianred4,11
Tcas009859,indianred4,11
Tcas010456,indianred4,11
Tcas009267,indianred4,11
Tcas009768,indianred4,11
Tcas010100,indianred4,11
Tcas009180,indianred4,11
Tcas010116,indianred4,11
Tcas009249,indianred4,11
Tcas010059,indianred4,11
Tcas009238,indianred4,11
Tcas010186,indianred4,11
Tcas009387,indianred4,11
Tcas009819,indianred4,11
Tcas009301,indianred4,11
Tcas009909,indianred4,11
Tcas009763,indianred4,11
Tcas010444,indianred4,11
Tcas009388,indianred4,11
Tcas010466,indianred4,11
Tcas009651,indianred4,11
Tcas009545,indianred4,11
Tcas009166,indianred4,11
Tcas009424,indianred4,11
Tcas009496,indianred4,11
Tcas009244,indianred4,11
Tcas010489,indianred4,11
Tcas010047,indianred4,11
Tcas009994,indianred4,11
Tcas009186,indianred4,11
Tcas009428,indianred4,11
Tcas009194,indianred4,11
Tcas009605,indianred4,11
Tcas010238,indianred4,11
Tcas010212,indianred4,11
Tcas009461,indianred4,11
Tcas009948,indianred4,11
Tcas010440,indianred4,11
Tcas009735,indianred4,11
Tcas009772,indianred4,11
Tcas010121,indianred4,11
Tcas010309,indianred4,11
Tcas009668,indianred4,11
Tcas010353,indianred4,11
Tcas009896,indianred4,11
Tcas009339,indianred4,11
Tcas009567,indianred4,11
Tcas009125,indianred4,11
Tcas010324,indianred4,11
Tcas010260,indianred4,11
Tcas009160,indianred4,11
Tcas009624,indianred4,11
Tcas010335,indianred4,11
Tcas009947,indianred4,11
Tcas009751,indianred4,11
Tcas010351,indianred4,11
Tcas010460,indianred4,11
Tcas009643,indianred4,11
Tcas010171,indianred4,11
Tcas009195,indianred4,11
Tcas009311,indianred4,11
Tcas009109,indianred4,11
Tcas009480,indianred4,11
Tcas009190,indianred4,11
Tcas010213,indianred4,11
Tcas010448,indianred4,11
Tcas009140,indianred4,11
Tcas009966,indianred4,11
Tcas009800,indianred4,11
Tcas010470,indianred4,11
Tcas009425,indianred4,11
Tcas010118,indianred4,11
Tcas009284,indianred4,11
Tcas010415,indianred4,11
Tcas009880,indianred4,11
Tcas009118,indianred4,11
Tcas009869,indianred4,11
Tcas009356,indianred4,11
Tcas009657,indianred4,11
Tcas009104,indianred4,11
Tcas010223,indianred4,11
Tcas010146,indianred4,11
Tcas010050,indianred4,11
Tcas010041,indianred4,11
Tcas009170,indianred4,11
Tcas009916,indianred4,11
Tcas009493,indianred4,11
Tcas010114,indianred4,11
Tcas009122,indianred4,11
Tcas009829,indianred4,11
Tcas009358,indianred4,11
Tcas009376,indianred4,11
Tcas009437,indianred4,11
Tcas010081,indianred4,11
Tcas009319,indianred4,11
Tcas010325,indianred4,11
Tcas009532,indianred4,11
Tcas009326,indianred4,11
Tcas009386,indianred4,11
Tcas009860,indianred4,11
Tcas009485,indianred4,11
Tcas009353,indianred4,11
Tcas009227,indianred4,11
Tcas009817,indianred4,11
Tcas009133,indianred4,11
Tcas009714,indianred4,11
Tcas009750,indianred4,11
Tcas010172,indianred4,11
Tcas009557,indianred4,11
Tcas009696,indianred4,11
Tcas009612,indianred4,11
Tcas009631,indianred4,11
Tcas009716,indianred4,11
Tcas009346,indianred4,11
Tcas010498,indianred4,11
Tcas010455,indianred4,11
Tcas009137,indianred4,11
Tcas009964,indianred4,11
Tcas010299,indianred4,11
Tcas009260,indianred4,11
Tcas009844,indianred4,11
Tcas009502,indianred4,11
Tcas010457,indianred4,11
Tcas009551,indianred4,11
Tcas010416,indianred4,11
Tcas009439,indianred4,11
Tcas009277,indianred4,11
Tcas010311,indianred4,11
Tcas009988,indianred4,11
Tcas009621,indianred4,11
Tcas009179,indianred4,11
Tcas010340,indianred4,11
Tcas009416,indianred4,11
Tcas010000,indianred4,11
Tcas009308,indianred4,11
Tcas009534,indianred4,11
Tcas010103,indianred4,11
Tcas009676,indianred4,11
Tcas009858,indianred4,11
Tcas010187,indianred4,11
Tcas009838,indianred4,11
Tcas009121,indianred4,11
Tcas009177,indianred4,11
Tcas009148,indianred4,11
Tcas010422,indianred4,11
Tcas009881,indianred4,11
Tcas009578,indianred4,11
Tcas009173,indianred4,11
Tcas009883,indianred4,11
Tcas009442,indianred4,11
Tcas009253,indianred4,11
Tcas010403,indianred4,11
Tcas009205,indianred4,11
Tcas009773,indianred4,11
Tcas009753,indianred4,11
Tcas010315,indianred4,11
Tcas009803,indianred4,11
Tcas010042,indianred4,11
Tcas009745,indianred4,11
Tcas009868,indianred4,11
Tcas010320,indianred4,11
Tcas009986,indianred4,11
Tcas009785,indianred4,11
Tcas010089,indianred4,11
Tcas010388,indianred4,11
Tcas009996,indianred4,11
Tcas009701,indianred4,11
Tcas010078,indianred4,11
Tcas010301,indianred4,11
Tcas009720,indianred4,11
Tcas010438,indianred4,11
Tcas010439,indianred4,11
Tcas009423,indianred4,11
Tcas010356,indianred4,11
Tcas009157,indianred4,11
Tcas010232,indianred4,11
Tcas010327,indianred4,11
Tcas009366,indianred4,11
Tcas009552,indianred4,11
Tcas010139,indianred4,11
Tcas010492,indianred4,11
Tcas009818,indianred4,11
Tcas010011,indianred4,11
Tcas009889,indianred4,11
Tcas009673,indianred4,11
Tcas010385,indianred4,11
Tcas009573,indianred4,11
Tcas010424,indianred4,11
Tcas009507,indianred4,11
Tcas010382,indianred4,11
Tcas009914,indianred4,11
Tcas010099,indianred4,11
Tcas009406,indianred4,11
Tcas009527,indianred4,11
Tcas010417,indianred4,11
Tcas010452,indianred4,11
Tcas009450,indianred4,11
Tcas009604,indianred4,11
Tcas009474,indianred4,11
Tcas010113,indianred4,11
Tcas009920,indianred4,11
Tcas009576,indianred4,11
Tcas009371,indianred4,11
Tcas009471,indianred4,11
Tcas010289,indianred4,11
Tcas010018,indianred4,11
Tcas009468,indianred4,11
Tcas009853,indianred4,11
Tcas010037,indianred4,11
Tcas010386,indianred4,11
Tcas010120,indianred4,11
Tcas010007,indianred4,11
Tcas010096,indianred4,11
Tcas009870,indianred4,11
Tcas009946,indianred4,11
Tcas009826,indianred4,11
Tcas009159,indianred4,11
Tcas010410,indianred4,11
Tcas009487,indianred4,11
Tcas009154,indianred4,11
Tcas009237,indianred4,11
Tcas010423,indianred4,11
Tcas009147,indianred4,11
Tcas009962,indianred4,11
Tcas009158,indianred4,11
Tcas009323,indianred4,11
Tcas009616,indianred4,11
Tcas009877,indianred4,11
Tcas009303,indianred4,11
Tcas010036,indianred4,11
Tcas010408,indianred4,11
Tcas009783,indianred4,11
Tcas010127,indianred4,11
Tcas009726,indianred4,11
Tcas010110,indianred4,11
Tcas009489,indianred4,11
Tcas009492,indianred4,11
Tcas009997,indianred4,11
Tcas009451,indianred4,11
Tcas010029,indianred4,11
Tcas009737,indianred4,11
Tcas009315,indianred4,11
Tcas009418,indianred4,11
Tcas009516,indianred4,11
Tcas010017,indianred4,11
Tcas009162,indianred4,11
Tcas010019,indianred4,11
Tcas009268,indianred4,11
Tcas009686,indianred4,11
Tcas009217,indianred4,11
Tcas009935,indianred4,11
Tcas009510,indianred4,11
Tcas010131,indianred4,11
Tcas010086,indianred4,11
Tcas010215,indianred4,11
Tcas010298,indianred4,11
Tcas010463,indianred4,11
Tcas010553,indianred4,11
Tcas010543,indianred4,11
Tcas010565,indianred4,11
Tcas010550,indianred4,11
Tcas010544,indianred4,11
Tcas010552,indianred4,11
Tcas010525,indianred4,11
Tcas010576,indianred4,11
Tcas010560,indianred4,11
Tcas010567,indianred4,11
Tcas010568,indianred4,11
Tcas010587,indianred4,11
Tcas010610,indianred4,11
Tcas010625,indianred4,11
Tcas010630,indianred4,11
Tcas010638,indianred4,11
Tcas010640,indianred4,11
Tcas011125,indianred4,11
Tcas010937,indianred4,11
Tcas010810,indianred4,11
Tcas010674,indianred4,11
Tcas010993,indianred4,11
Tcas010887,indianred4,11
Tcas010757,indianred4,11
Tcas011104,indianred4,11
Tcas010701,indianred4,11
Tcas010686,indianred4,11
Tcas010854,indianred4,11
Tcas010997,indianred4,11
Tcas010839,indianred4,11
Tcas010996,indianred4,11
Tcas010991,indianred4,11
Tcas010888,indianred4,11
Tcas010885,indianred4,11
Tcas010753,indianred4,11
Tcas010685,indianred4,11
Tcas010870,indianred4,11
Tcas010669,indianred4,11
Tcas010704,indianred4,11
Tcas010855,indianred4,11
Tcas011120,indianred4,11
Tcas010867,indianred4,11
Tcas011024,indianred4,11
Tcas011006,indianred4,11
Tcas010955,indianred4,11
Tcas010680,indianred4,11
Tcas011042,indianred4,11
Tcas010943,indianred4,11
Tcas010875,indianred4,11
Tcas010667,indianred4,11
Tcas011023,indianred4,11
Tcas010693,indianred4,11
Tcas010677,indianred4,11
Tcas010935,indianred4,11
Tcas010912,indianred4,11
Tcas010659,indianred4,11
Tcas010938,indianred4,11
Tcas011096,indianred4,11
Tcas010672,indianred4,11
Tcas011053,indianred4,11
Tcas010892,indianred4,11
Tcas010900,indianred4,11
Tcas010838,indianred4,11
Tcas010790,indianred4,11
Tcas011052,indianred4,11
Tcas010716,indianred4,11
Tcas010739,indianred4,11
Tcas011021,indianred4,11
Tcas010942,indianred4,11
Tcas010922,indianred4,11
Tcas010711,indianred4,11
Tcas011064,indianred4,11
Tcas010731,indianred4,11
Tcas010681,indianred4,11
Tcas010655,indianred4,11
Tcas011129,indianred4,11
Tcas010754,indianred4,11
Tcas010958,indianred4,11
Tcas011076,indianred4,11
Tcas010828,indianred4,11
Tcas010789,indianred4,11
Tcas010728,indianred4,11
Tcas010814,indianred4,11
Tcas011048,indianred4,11
Tcas010705,indianred4,11
Tcas011011,indianred4,11
Tcas011102,indianred4,11
Tcas010970,indianred4,11
Tcas010717,indianred4,11
Tcas011068,indianred4,11
Tcas011003,indianred4,11
Tcas011051,indianred4,11
Tcas010835,indianred4,11
Tcas010724,indianred4,11
Tcas010818,indianred4,11
Tcas010882,indianred4,11
Tcas010961,indianred4,11
Tcas010809,indianred4,11
Tcas010749,indianred4,11
Tcas010715,indianred4,11
Tcas011124,indianred4,11
Tcas010758,indianred4,11
Tcas010694,indianred4,11
Tcas011050,indianred4,11
Tcas010791,indianred4,11
Tcas010868,indianred4,11
Tcas010983,indianred4,11
Tcas010919,indianred4,11
Tcas010873,indianred4,11
Tcas010692,indianred4,11
Tcas010733,indianred4,11
Tcas010866,indianred4,11
Tcas011136,indianred4,11
Tcas011139,indianred4,11
Tcas011140,indianred4,11
Tcas011143,indianred4,11
Tcas011146,indianred4,11
Tcas011156,indianred4,11
Tcas011163,indianred4,11
Tcas011178,indianred4,11
Tcas011172,indianred4,11
Tcas011168,indianred4,11
Tcas011170,indianred4,11
Tcas011183,indianred4,11
Tcas011188,indianred4,11
Tcas011202,indianred4,11
Tcas011203,indianred4,11
Tcas011205,indianred4,11
Tcas011204,indianred4,11
Tcas011207,indianred4,11
Tcas011214,indianred4,11
Tcas011227,indianred4,11
Tcas011223,indianred4,11
Tcas011221,indianred4,11
Tcas011210,indianred4,11
Tcas011213,indianred4,11
Tcas011268,indianred4,11
Tcas011260,indianred4,11
Tcas011261,indianred4,11
Tcas011275,indianred4,11
Tcas011263,indianred4,11
Tcas011262,indianred4,11
Tcas011265,indianred4,11
Tcas011252,indianred4,11
Tcas011253,indianred4,11
Tcas011258,indianred4,11
Tcas011270,indianred4,11
Tcas011271,indianred4,11
Tcas011266,indianred4,11
Tcas011259,indianred4,11
Tcas011279,indianred4,11
Tcas011283,indianred4,11
Tcas011285,indianred4,11
Tcas011828,indianred4,11
Tcas011715,indianred4,11
Tcas012245,indianred4,11
Tcas012020,indianred4,11
Tcas012386,indianred4,11
Tcas012410,indianred4,11
Tcas011642,indianred4,11
Tcas012397,indianred4,11
Tcas011325,indianred4,11
Tcas011296,indianred4,11
Tcas011633,indianred4,11
Tcas011463,indianred4,11
Tcas011780,indianred4,11
Tcas011496,indianred4,11
Tcas011555,indianred4,11
Tcas012310,indianred4,11
Tcas012221,indianred4,11
Tcas012255,indianred4,11
Tcas012214,indianred4,11
Tcas011937,indianred4,11
Tcas012468,indianred4,11
Tcas011456,indianred4,11
Tcas012495,indianred4,11
Tcas012396,indianred4,11
Tcas011893,indianred4,11
Tcas011840,indianred4,11
Tcas012438,indianred4,11
Tcas012161,indianred4,11
Tcas012052,indianred4,11
Tcas011568,indianred4,11
Tcas012037,indianred4,11
Tcas011382,indianred4,11
Tcas011659,indianred4,11
Tcas012018,indianred4,11
Tcas011455,indianred4,11
Tcas012349,indianred4,11
Tcas011771,indianred4,11
Tcas012515,indianred4,11
Tcas011700,indianred4,11
Tcas012517,indianred4,11
Tcas012590,indianred4,11
Tcas011995,indianred4,11
Tcas011489,indianred4,11
Tcas012166,indianred4,11
Tcas012243,indianred4,11
Tcas011345,indianred4,11
Tcas011350,indianred4,11
Tcas012271,indianred4,11
Tcas011733,indianred4,11
Tcas012159,indianred4,11
Tcas012372,indianred4,11
Tcas011740,indianred4,11
Tcas011788,indianred4,11
Tcas011946,indianred4,11
Tcas011366,indianred4,11
Tcas012429,indianred4,11
Tcas011851,indianred4,11
Tcas011708,indianred4,11
Tcas011986,indianred4,11
Tcas011909,indianred4,11
Tcas011483,indianred4,11
Tcas011784,indianred4,11
Tcas012132,indianred4,11
Tcas011800,indianred4,11
Tcas012057,indianred4,11
Tcas012547,indianred4,11
Tcas012551,indianred4,11
Tcas011917,indianred4,11
Tcas011625,indianred4,11
Tcas012011,indianred4,11
Tcas012297,indianred4,11
Tcas012048,indianred4,11
Tcas011919,indianred4,11
Tcas011461,indianred4,11
Tcas012376,indianred4,11
Tcas012403,indianred4,11
Tcas011389,indianred4,11
Tcas012064,indianred4,11
Tcas011832,indianred4,11
Tcas011369,indianred4,11
Tcas012377,indianred4,11
Tcas012085,indianred4,11
Tcas012581,indianred4,11
Tcas012121,indianred4,11
Tcas011518,indianred4,11
Tcas012561,indianred4,11
Tcas011438,indianred4,11
Tcas012019,indianred4,11
Tcas011830,indianred4,11
Tcas011874,indianred4,11
Tcas011493,indianred4,11
Tcas012261,indianred4,11
Tcas011432,indianred4,11
Tcas012192,indianred4,11
Tcas011388,indianred4,11
Tcas011324,indianred4,11
Tcas011914,indianred4,11
Tcas011707,indianred4,11
Tcas012162,indianred4,11
Tcas012231,indianred4,11
Tcas011943,indianred4,11
Tcas011767,indianred4,11
Tcas011606,indianred4,11
Tcas011356,indianred4,11
Tcas011876,indianred4,11
Tcas011386,indianred4,11
Tcas011834,indianred4,11
Tcas012536,indianred4,11
Tcas011827,indianred4,11
Tcas012225,indianred4,11
Tcas011738,indianred4,11
Tcas011791,indianred4,11
Tcas011721,indianred4,11
Tcas011675,indianred4,11
Tcas011628,indianred4,11
Tcas011397,indianred4,11
Tcas011567,indianred4,11
Tcas012305,indianred4,11
Tcas011522,indianred4,11
Tcas011881,indianred4,11
Tcas011405,indianred4,11
Tcas012090,indianred4,11
Tcas012036,indianred4,11
Tcas011672,indianred4,11
Tcas012147,indianred4,11
Tcas011819,indianred4,11
Tcas012042,indianred4,11
Tcas011683,indianred4,11
Tcas011539,indianred4,11
Tcas011883,indianred4,11
Tcas011897,indianred4,11
Tcas012341,indianred4,11
Tcas011587,indianred4,11
Tcas012115,indianred4,11
Tcas011699,indianred4,11
Tcas012418,indianred4,11
Tcas012100,indianred4,11
Tcas012149,indianred4,11
Tcas011822,indianred4,11
Tcas011661,indianred4,11
Tcas011660,indianred4,11
Tcas011442,indianred4,11
Tcas012546,indianred4,11
Tcas011921,indianred4,11
Tcas011640,indianred4,11
Tcas011481,indianred4,11
Tcas012035,indianred4,11
Tcas011608,indianred4,11
Tcas011798,indianred4,11
Tcas011894,indianred4,11
Tcas011444,indianred4,11
Tcas011706,indianred4,11
Tcas011299,indianred4,11
Tcas011292,indianred4,11
Tcas012368,indianred4,11
Tcas012185,indianred4,11
Tcas011934,indianred4,11
Tcas012118,indianred4,11
Tcas011979,indianred4,11
Tcas011935,indianred4,11
Tcas012586,indianred4,11
Tcas011985,indianred4,11
Tcas012152,indianred4,11
Tcas011504,indianred4,11
Tcas012416,indianred4,11
Tcas012476,indianred4,11
Tcas011968,indianred4,11
Tcas012204,indianred4,11
Tcas011581,indianred4,11
Tcas012182,indianred4,11
Tcas011963,indianred4,11
Tcas011306,indianred4,11
Tcas011303,indianred4,11
Tcas011816,indianred4,11
Tcas011542,indianred4,11
Tcas012028,indianred4,11
Tcas011697,indianred4,11
Tcas012462,indianred4,11
Tcas011605,indianred4,11
Tcas012394,indianred4,11
Tcas012533,indianred4,11
Tcas012594,indianred4,11
Tcas011614,indianred4,11
Tcas012422,indianred4,11
Tcas012106,indianred4,11
Tcas011505,indianred4,11
Tcas011741,indianred4,11
Tcas012163,indianred4,11
Tcas011781,indianred4,11
Tcas011969,indianred4,11
Tcas011475,indianred4,11
Tcas012253,indianred4,11
Tcas011298,indianred4,11
Tcas012388,indianred4,11
Tcas011574,indianred4,11
Tcas012077,indianred4,11
Tcas012248,indianred4,11
Tcas012274,indianred4,11
Tcas012449,indianred4,11
Tcas012284,indianred4,11
Tcas011918,indianred4,11
Tcas011381,indianred4,11
Tcas011364,indianred4,11
Tcas011398,indianred4,11
Tcas012021,indianred4,11
Tcas011609,indianred4,11
Tcas012489,indianred4,11
Tcas012526,indianred4,11
Tcas011506,indianred4,11
Tcas012543,indianred4,11
Tcas011332,indianred4,11
Tcas011701,indianred4,11
Tcas012375,indianred4,11
Tcas012482,indianred4,11
Tcas012597,indianred4,11
Tcas011302,indianred4,11
Tcas012040,indianred4,11
Tcas011434,indianred4,11
Tcas012046,indianred4,11
Tcas012431,indianred4,11
Tcas012540,indianred4,11
Tcas011584,indianred4,11
Tcas012226,indianred4,11
Tcas012441,indianred4,11
Tcas011494,indianred4,11
Tcas011583,indianred4,11
Tcas011393,indianred4,11
Tcas011695,indianred4,11
Tcas012238,indianred4,11
Tcas012395,indianred4,11
Tcas011538,indianred4,11
Tcas000010,ivory,12
Tcas000041,ivory,12
Tcas000114,ivory,12
Tcas000116,ivory,12
Tcas000377,ivory,12
Tcas001413,ivory,12
Tcas001527,ivory,12
Tcas001344,ivory,12
Tcas001657,ivory,12
Tcas001638,ivory,12
Tcas001708,ivory,12
Tcas000960,ivory,12
Tcas000202,ivory,12
Tcas001475,ivory,12
Tcas000328,ivory,12
Tcas001731,ivory,12
Tcas001214,ivory,12
Tcas001494,ivory,12
Tcas000277,ivory,12
Tcas000792,ivory,12
Tcas001677,ivory,12
Tcas000613,ivory,12
Tcas000818,ivory,12
Tcas000524,ivory,12
Tcas000357,ivory,12
Tcas000748,ivory,12
Tcas000190,ivory,12
Tcas000488,ivory,12
Tcas001294,ivory,12
Tcas000288,ivory,12
Tcas000658,ivory,12
Tcas000143,ivory,12
Tcas001571,ivory,12
Tcas001452,ivory,12
Tcas000629,ivory,12
Tcas000454,ivory,12
Tcas000860,ivory,12
Tcas000721,ivory,12
Tcas001709,ivory,12
Tcas001503,ivory,12
Tcas000381,ivory,12
Tcas000434,ivory,12
Tcas001618,ivory,12
Tcas000700,ivory,12
Tcas000821,ivory,12
Tcas001066,ivory,12
Tcas000125,ivory,12
Tcas001109,ivory,12
Tcas001616,ivory,12
Tcas001545,ivory,12
Tcas000245,ivory,12
Tcas001593,ivory,12
Tcas001613,ivory,12
Tcas000808,ivory,12
Tcas000902,ivory,12
Tcas000715,ivory,12
Tcas001755,ivory,12
Tcas001757,ivory,12
Tcas001777,ivory,12
Tcas001949,ivory,12
Tcas002345,ivory,12
Tcas001788,ivory,12
Tcas002292,ivory,12
Tcas002087,ivory,12
Tcas002201,ivory,12
Tcas001900,ivory,12
Tcas002138,ivory,12
Tcas001925,ivory,12
Tcas001879,ivory,12
Tcas002124,ivory,12
Tcas002386,ivory,12
Tcas002296,ivory,12
Tcas002012,ivory,12
Tcas002348,ivory,12
Tcas002392,ivory,12
Tcas001872,ivory,12
Tcas002353,ivory,12
Tcas001902,ivory,12
Tcas001826,ivory,12
Tcas003021,ivory,12
Tcas003190,ivory,12
Tcas002505,ivory,12
Tcas003563,ivory,12
Tcas002635,ivory,12
Tcas002869,ivory,12
Tcas003474,ivory,12
Tcas003189,ivory,12
Tcas003010,ivory,12
Tcas002841,ivory,12
Tcas002945,ivory,12
Tcas003000,ivory,12
Tcas002454,ivory,12
Tcas003082,ivory,12
Tcas002468,ivory,12
Tcas002760,ivory,12
Tcas003336,ivory,12
Tcas002477,ivory,12
Tcas002543,ivory,12
Tcas002644,ivory,12
Tcas002680,ivory,12
Tcas002653,ivory,12
Tcas003550,ivory,12
Tcas002934,ivory,12
Tcas003464,ivory,12
Tcas003042,ivory,12
Tcas002852,ivory,12
Tcas003118,ivory,12
Tcas003334,ivory,12
Tcas003022,ivory,12
Tcas003600,ivory,12
Tcas003753,ivory,12
Tcas003841,ivory,12
Tcas003936,ivory,12
Tcas004197,ivory,12
Tcas004528,ivory,12
Tcas003992,ivory,12
Tcas004655,ivory,12
Tcas004872,ivory,12
Tcas004460,ivory,12
Tcas004699,ivory,12
Tcas004118,ivory,12
Tcas004859,ivory,12
Tcas004215,ivory,12
Tcas004041,ivory,12
Tcas004296,ivory,12
Tcas004061,ivory,12
Tcas004250,ivory,12
Tcas005019,ivory,12
Tcas005092,ivory,12
Tcas004684,ivory,12
Tcas004264,ivory,12
Tcas004181,ivory,12
Tcas003969,ivory,12
Tcas004335,ivory,12
Tcas004209,ivory,12
Tcas004232,ivory,12
Tcas004737,ivory,12
Tcas003850,ivory,12
Tcas004166,ivory,12
Tcas004167,ivory,12
Tcas004584,ivory,12
Tcas004529,ivory,12
Tcas004068,ivory,12
Tcas004090,ivory,12
Tcas005135,ivory,12
Tcas004811,ivory,12
Tcas004786,ivory,12
Tcas003878,ivory,12
Tcas004510,ivory,12
Tcas004985,ivory,12
Tcas003951,ivory,12
Tcas003804,ivory,12
Tcas003987,ivory,12
Tcas004205,ivory,12
Tcas005024,ivory,12
Tcas005110,ivory,12
Tcas003834,ivory,12
Tcas004387,ivory,12
Tcas004939,ivory,12
Tcas004743,ivory,12
Tcas004086,ivory,12
Tcas005266,ivory,12
Tcas004755,ivory,12
Tcas005289,ivory,12
Tcas004282,ivory,12
Tcas004410,ivory,12
Tcas005065,ivory,12
Tcas005306,ivory,12
Tcas005359,ivory,12
Tcas005361,ivory,12
Tcas005381,ivory,12
Tcas005532,ivory,12
Tcas006190,ivory,12
Tcas005592,ivory,12
Tcas006215,ivory,12
Tcas005946,ivory,12
Tcas005994,ivory,12
Tcas005499,ivory,12
Tcas005588,ivory,12
Tcas006201,ivory,12
Tcas006005,ivory,12
Tcas006179,ivory,12
Tcas005613,ivory,12
Tcas005506,ivory,12
Tcas006156,ivory,12
Tcas005914,ivory,12
Tcas005603,ivory,12
Tcas005658,ivory,12
Tcas006130,ivory,12
Tcas006266,ivory,12
Tcas006527,ivory,12
Tcas006473,ivory,12
Tcas007350,ivory,12
Tcas006484,ivory,12
Tcas006924,ivory,12
Tcas006880,ivory,12
Tcas007015,ivory,12
Tcas006922,ivory,12
Tcas007433,ivory,12
Tcas006882,ivory,12
Tcas006332,ivory,12
Tcas007079,ivory,12
Tcas007089,ivory,12
Tcas006811,ivory,12
Tcas007037,ivory,12
Tcas006445,ivory,12
Tcas006354,ivory,12
Tcas007293,ivory,12
Tcas006286,ivory,12
Tcas007426,ivory,12
Tcas007129,ivory,12
Tcas006771,ivory,12
Tcas006920,ivory,12
Tcas007187,ivory,12
Tcas006834,ivory,12
Tcas006330,ivory,12
Tcas007318,ivory,12
Tcas006549,ivory,12
Tcas006996,ivory,12
Tcas006456,ivory,12
Tcas006544,ivory,12
Tcas006755,ivory,12
Tcas006459,ivory,12
Tcas007348,ivory,12
Tcas007620,ivory,12
Tcas008638,ivory,12
Tcas007912,ivory,12
Tcas009038,ivory,12
Tcas007554,ivory,12
Tcas008398,ivory,12
Tcas007511,ivory,12
Tcas009044,ivory,12
Tcas008229,ivory,12
Tcas008425,ivory,12
Tcas008767,ivory,12
Tcas007583,ivory,12
Tcas008377,ivory,12
Tcas008838,ivory,12
Tcas008044,ivory,12
Tcas007649,ivory,12
Tcas007779,ivory,12
Tcas007618,ivory,12
Tcas007784,ivory,12
Tcas007738,ivory,12
Tcas008096,ivory,12
Tcas008958,ivory,12
Tcas007705,ivory,12
Tcas009042,ivory,12
Tcas008872,ivory,12
Tcas007985,ivory,12
Tcas008668,ivory,12
Tcas008625,ivory,12
Tcas008219,ivory,12
Tcas009087,ivory,12
Tcas008465,ivory,12
Tcas008722,ivory,12
Tcas007655,ivory,12
Tcas008684,ivory,12
Tcas008839,ivory,12
Tcas007752,ivory,12
Tcas008231,ivory,12
Tcas009040,ivory,12
Tcas007736,ivory,12
Tcas008100,ivory,12
Tcas008746,ivory,12
Tcas007810,ivory,12
Tcas008812,ivory,12
Tcas007739,ivory,12
Tcas007633,ivory,12
Tcas008903,ivory,12
Tcas007696,ivory,12
Tcas008379,ivory,12
Tcas009085,ivory,12
Tcas008804,ivory,12
Tcas008914,ivory,12
Tcas009202,ivory,12
Tcas009702,ivory,12
Tcas009759,ivory,12
Tcas010196,ivory,12
Tcas010360,ivory,12
Tcas009892,ivory,12
Tcas009206,ivory,12
Tcas009495,ivory,12
Tcas009262,ivory,12
Tcas009142,ivory,12
Tcas010255,ivory,12
Tcas009808,ivory,12
Tcas009722,ivory,12
Tcas009873,ivory,12
Tcas009593,ivory,12
Tcas010226,ivory,12
Tcas010269,ivory,12
Tcas009313,ivory,12
Tcas010288,ivory,12
Tcas009269,ivory,12
Tcas009498,ivory,12
Tcas010344,ivory,12
Tcas009663,ivory,12
Tcas010282,ivory,12
Tcas009530,ivory,12
Tcas009830,ivory,12
Tcas009741,ivory,12
Tcas009321,ivory,12
Tcas010230,ivory,12
Tcas009940,ivory,12
Tcas010274,ivory,12
Tcas009408,ivory,12
Tcas010133,ivory,12
Tcas009790,ivory,12
Tcas010192,ivory,12
Tcas009435,ivory,12
Tcas009172,ivory,12
Tcas009515,ivory,12
Tcas010592,ivory,12
Tcas010599,ivory,12
Tcas011078,ivory,12
Tcas011031,ivory,12
Tcas010878,ivory,12
Tcas010881,ivory,12
Tcas010688,ivory,12
Tcas011132,ivory,12
Tcas011013,ivory,12
Tcas011045,ivory,12
Tcas011057,ivory,12
Tcas011014,ivory,12
Tcas011154,ivory,12
Tcas011155,ivory,12
Tcas011269,ivory,12
Tcas011390,ivory,12
Tcas012580,ivory,12
Tcas011530,ivory,12
Tcas012208,ivory,12
Tcas012264,ivory,12
Tcas012572,ivory,12
Tcas012051,ivory,12
Tcas011344,ivory,12
Tcas011372,ivory,12
Tcas012365,ivory,12
Tcas012168,ivory,12
Tcas012402,ivory,12
Tcas012414,ivory,12
Tcas011646,ivory,12
Tcas011401,ivory,12
Tcas011552,ivory,12
Tcas012061,ivory,12
Tcas012456,ivory,12
Tcas012529,ivory,12
Tcas012355,ivory,12
Tcas011863,ivory,12
Tcas011291,ivory,12
Tcas011558,ivory,12
Tcas012093,ivory,12
Tcas011888,ivory,12
Tcas011593,ivory,12
Tcas012345,ivory,12
Tcas011403,ivory,12
Tcas012124,ivory,12
Tcas012069,ivory,12
Tcas011757,ivory,12
Tcas011346,ivory,12
Tcas012213,ivory,12
Tcas012554,ivory,12
Tcas011443,ivory,12
Tcas011999,ivory,12
Tcas011920,ivory,12
Tcas012148,ivory,12
Tcas011487,ivory,12
Tcas011294,ivory,12
Tcas012346,ivory,12
Tcas011537,ivory,12
Tcas012199,ivory,12
Tcas012492,ivory,12
Tcas012053,ivory,12
Tcas012391,ivory,12
Tcas011904,ivory,12
Tcas012290,ivory,12
Tcas012523,ivory,12
Tcas011966,ivory,12
Tcas012300,ivory,12
Tcas011916,ivory,12
Tcas011336,ivory,12
Tcas012123,ivory,12
Tcas011980,ivory,12
Tcas012401,ivory,12
Tcas011905,ivory,12
Tcas012447,ivory,12
Tcas000033,navajowhite1,13
Tcas001148,navajowhite1,13
Tcas000499,navajowhite1,13
Tcas001290,navajowhite1,13
Tcas001396,navajowhite1,13
Tcas000281,navajowhite1,13
Tcas001167,navajowhite1,13
Tcas002075,navajowhite1,13
Tcas002897,navajowhite1,13
Tcas002498,navajowhite1,13
Tcas002910,navajowhite1,13
Tcas002721,navajowhite1,13
Tcas003065,navajowhite1,13
Tcas003087,navajowhite1,13
Tcas003771,navajowhite1,13
Tcas004373,navajowhite1,13
Tcas004760,navajowhite1,13
Tcas004708,navajowhite1,13
Tcas004932,navajowhite1,13
Tcas004502,navajowhite1,13
Tcas004886,navajowhite1,13
Tcas005511,navajowhite1,13
Tcas006034,navajowhite1,13
Tcas005748,navajowhite1,13
Tcas006065,navajowhite1,13
Tcas005905,navajowhite1,13
Tcas006227,navajowhite1,13
Tcas006593,navajowhite1,13
Tcas007245,navajowhite1,13
Tcas007023,navajowhite1,13
Tcas006401,navajowhite1,13
Tcas007719,navajowhite1,13
Tcas007837,navajowhite1,13
Tcas008349,navajowhite1,13
Tcas007680,navajowhite1,13
Tcas008552,navajowhite1,13
Tcas008861,navajowhite1,13
Tcas008238,navajowhite1,13
Tcas008634,navajowhite1,13
Tcas009857,navajowhite1,13
Tcas009601,navajowhite1,13
Tcas010481,navajowhite1,13
Tcas009501,navajowhite1,13
Tcas009627,navajowhite1,13
Tcas009743,navajowhite1,13
Tcas011267,navajowhite1,13
Tcas011451,navajowhite1,13
Tcas000001,darkorange,14
Tcas000037,darkorange,14
Tcas000038,darkorange,14
Tcas000784,darkorange,14
Tcas000337,darkorange,14
Tcas000340,darkorange,14
Tcas001306,darkorange,14
Tcas001512,darkorange,14
Tcas001113,darkorange,14
Tcas000665,darkorange,14
Tcas000786,darkorange,14
Tcas001566,darkorange,14
Tcas000739,darkorange,14
Tcas000735,darkorange,14
Tcas000170,darkorange,14
Tcas000438,darkorange,14
Tcas000741,darkorange,14
Tcas000602,darkorange,14
Tcas001161,darkorange,14
Tcas001186,darkorange,14
Tcas000368,darkorange,14
Tcas000211,darkorange,14
Tcas001955,darkorange,14
Tcas002025,darkorange,14
Tcas001912,darkorange,14
Tcas002020,darkorange,14
Tcas002125,darkorange,14
Tcas002046,darkorange,14
Tcas002384,darkorange,14
Tcas001978,darkorange,14
Tcas002409,darkorange,14
Tcas002902,darkorange,14
Tcas002482,darkorange,14
Tcas003171,darkorange,14
Tcas003307,darkorange,14
Tcas003320,darkorange,14
Tcas002938,darkorange,14
Tcas003123,darkorange,14
Tcas003450,darkorange,14
Tcas002843,darkorange,14
Tcas003124,darkorange,14
Tcas002820,darkorange,14
Tcas003138,darkorange,14
Tcas003184,darkorange,14
Tcas003284,darkorange,14
Tcas003788,darkorange,14
Tcas003787,darkorange,14
Tcas004400,darkorange,14
Tcas004069,darkorange,14
Tcas004420,darkorange,14
Tcas004962,darkorange,14
Tcas004538,darkorange,14
Tcas004309,darkorange,14
Tcas004075,darkorange,14
Tcas004941,darkorange,14
Tcas004587,darkorange,14
Tcas004551,darkorange,14
Tcas004621,darkorange,14
Tcas004440,darkorange,14
Tcas003867,darkorange,14
Tcas004079,darkorange,14
Tcas003808,darkorange,14
Tcas004610,darkorange,14
Tcas004558,darkorange,14
Tcas003945,darkorange,14
Tcas004879,darkorange,14
Tcas004327,darkorange,14
Tcas004371,darkorange,14
Tcas005333,darkorange,14
Tcas005399,darkorange,14
Tcas005441,darkorange,14
Tcas006073,darkorange,14
Tcas005895,darkorange,14
Tcas006002,darkorange,14
Tcas005562,darkorange,14
Tcas005812,darkorange,14
Tcas005908,darkorange,14
Tcas005731,darkorange,14
Tcas006225,darkorange,14
Tcas006157,darkorange,14
Tcas005608,darkorange,14
Tcas006087,darkorange,14
Tcas005892,darkorange,14
Tcas006182,darkorange,14
Tcas005602,darkorange,14
Tcas006282,darkorange,14
Tcas007055,darkorange,14
Tcas006783,darkorange,14
Tcas007413,darkorange,14
Tcas006629,darkorange,14
Tcas006447,darkorange,14
Tcas006711,darkorange,14
Tcas007407,darkorange,14
Tcas006935,darkorange,14
Tcas006932,darkorange,14
Tcas006775,darkorange,14
Tcas006316,darkorange,14
Tcas006733,darkorange,14
Tcas007228,darkorange,14
Tcas007435,darkorange,14
Tcas006677,darkorange,14
Tcas006824,darkorange,14
Tcas007357,darkorange,14
Tcas007913,darkorange,14
Tcas008752,darkorange,14
Tcas007628,darkorange,14
Tcas008759,darkorange,14
Tcas007976,darkorange,14
Tcas008760,darkorange,14
Tcas007911,darkorange,14
Tcas008852,darkorange,14
Tcas008530,darkorange,14
Tcas008439,darkorange,14
Tcas008020,darkorange,14
Tcas008181,darkorange,14
Tcas008918,darkorange,14
Tcas008039,darkorange,14
Tcas008228,darkorange,14
Tcas009389,darkorange,14
Tcas010347,darkorange,14
Tcas010259,darkorange,14
Tcas009904,darkorange,14
Tcas009448,darkorange,14
Tcas009839,darkorange,14
Tcas009620,darkorange,14
Tcas009337,darkorange,14
Tcas010404,darkorange,14
Tcas009271,darkorange,14
Tcas009730,darkorange,14
Tcas009625,darkorange,14
Tcas009500,darkorange,14
Tcas009441,darkorange,14
Tcas009684,darkorange,14
Tcas009476,darkorange,14
Tcas010562,darkorange,14
Tcas010635,darkorange,14
Tcas011085,darkorange,14
Tcas011113,darkorange,14
Tcas010768,darkorange,14
Tcas010897,darkorange,14
Tcas011044,darkorange,14
Tcas011081,darkorange,14
Tcas011278,darkorange,14
Tcas011578,darkorange,14
Tcas011580,darkorange,14
Tcas012112,darkorange,14
Tcas011577,darkorange,14
Tcas012137,darkorange,14
Tcas011492,darkorange,14
Tcas012058,darkorange,14
Tcas011527,darkorange,14
Tcas012000,darkorange,14
Tcas011597,darkorange,14
Tcas000024,plum3,15
Tcas000122,plum3,15
Tcas000537,plum3,15
Tcas001580,plum3,15
Tcas000728,plum3,15
Tcas001124,plum3,15
Tcas000441,plum3,15
Tcas001043,plum3,15
Tcas001249,plum3,15
Tcas000636,plum3,15
Tcas000640,plum3,15
Tcas001204,plum3,15
Tcas000421,plum3,15
Tcas000933,plum3,15
Tcas001323,plum3,15
Tcas001373,plum3,15
Tcas000670,plum3,15
Tcas000926,plum3,15
Tcas001546,plum3,15
Tcas000192,plum3,15
Tcas000598,plum3,15
Tcas000984,plum3,15
Tcas001419,plum3,15
Tcas001573,plum3,15
Tcas002303,plum3,15
Tcas002102,plum3,15
Tcas002273,plum3,15
Tcas002419,plum3,15
Tcas002108,plum3,15
Tcas002312,plum3,15
Tcas003350,plum3,15
Tcas003494,plum3,15
Tcas003264,plum3,15
Tcas002556,plum3,15
Tcas003531,plum3,15
Tcas003576,plum3,15
Tcas002836,plum3,15
Tcas003305,plum3,15
Tcas002786,plum3,15
Tcas003454,plum3,15
Tcas002582,plum3,15
Tcas003294,plum3,15
Tcas002552,plum3,15
Tcas003009,plum3,15
Tcas003564,plum3,15
Tcas003327,plum3,15
Tcas003389,plum3,15
Tcas003704,plum3,15
Tcas003732,plum3,15
Tcas004703,plum3,15
Tcas005121,plum3,15
Tcas005043,plum3,15
Tcas004178,plum3,15
Tcas004040,plum3,15
Tcas004972,plum3,15
Tcas003879,plum3,15
Tcas004458,plum3,15
Tcas003983,plum3,15
Tcas003926,plum3,15
Tcas004500,plum3,15
Tcas004106,plum3,15
Tcas005011,plum3,15
Tcas004554,plum3,15
Tcas005053,plum3,15
Tcas004835,plum3,15
Tcas004826,plum3,15
Tcas004953,plum3,15
Tcas004800,plum3,15
Tcas004990,plum3,15
Tcas004526,plum3,15
Tcas004892,plum3,15
Tcas004971,plum3,15
Tcas004704,plum3,15
Tcas005278,plum3,15
Tcas005418,plum3,15
Tcas005416,plum3,15
Tcas006237,plum3,15
Tcas006007,plum3,15
Tcas005558,plum3,15
Tcas005496,plum3,15
Tcas006069,plum3,15
Tcas005799,plum3,15
Tcas005636,plum3,15
Tcas005865,plum3,15
Tcas006437,plum3,15
Tcas006590,plum3,15
Tcas006971,plum3,15
Tcas007237,plum3,15
Tcas006582,plum3,15
Tcas006625,plum3,15
Tcas006980,plum3,15
Tcas007331,plum3,15
Tcas006710,plum3,15
Tcas007725,plum3,15
Tcas007548,plum3,15
Tcas009005,plum3,15
Tcas008399,plum3,15
Tcas008774,plum3,15
Tcas008631,plum3,15
Tcas007857,plum3,15
Tcas007701,plum3,15
Tcas008834,plum3,15
Tcas008164,plum3,15
Tcas008528,plum3,15
Tcas008391,plum3,15
Tcas007990,plum3,15
Tcas007593,plum3,15
Tcas008468,plum3,15
Tcas008025,plum3,15
Tcas008849,plum3,15
Tcas008504,plum3,15
Tcas009903,plum3,15
Tcas009385,plum3,15
Tcas010296,plum3,15
Tcas009316,plum3,15
Tcas009694,plum3,15
Tcas009115,plum3,15
Tcas009430,plum3,15
Tcas010430,plum3,15
Tcas009944,plum3,15
Tcas010428,plum3,15
Tcas009882,plum3,15
Tcas010287,plum3,15
Tcas010180,plum3,15
Tcas010529,plum3,15
Tcas010530,plum3,15
Tcas010600,plum3,15
Tcas010797,plum3,15
Tcas010776,plum3,15
Tcas011018,plum3,15
Tcas011105,plum3,15
Tcas011082,plum3,15
Tcas011122,plum3,15
Tcas011030,plum3,15
Tcas011147,plum3,15
Tcas011167,plum3,15
Tcas011187,plum3,15
Tcas011333,plum3,15
Tcas012126,plum3,15
Tcas012113,plum3,15
Tcas011763,plum3,15
Tcas011716,plum3,15
Tcas012285,plum3,15
Tcas011404,plum3,15
Tcas011559,plum3,15
Tcas011651,plum3,15
Tcas012337,plum3,15
Tcas012160,plum3,15
Tcas011806,plum3,15
Tcas000035,orangered4,16
Tcas000054,orangered4,16
Tcas000110,orangered4,16
Tcas000604,orangered4,16
Tcas001678,orangered4,16
Tcas001112,orangered4,16
Tcas001199,orangered4,16
Tcas001467,orangered4,16
Tcas000341,orangered4,16
Tcas001122,orangered4,16
Tcas000135,orangered4,16
Tcas000240,orangered4,16
Tcas001407,orangered4,16
Tcas000766,orangered4,16
Tcas000315,orangered4,16
Tcas000471,orangered4,16
Tcas001605,orangered4,16
Tcas000879,orangered4,16
Tcas000247,orangered4,16
Tcas000375,orangered4,16
Tcas002399,orangered4,16
Tcas002341,orangered4,16
Tcas002086,orangered4,16
Tcas001861,orangered4,16
Tcas001863,orangered4,16
Tcas002094,orangered4,16
Tcas003195,orangered4,16
Tcas002536,orangered4,16
Tcas002596,orangered4,16
Tcas002628,orangered4,16
Tcas002689,orangered4,16
Tcas003540,orangered4,16
Tcas002789,orangered4,16
Tcas003194,orangered4,16
Tcas003448,orangered4,16
Tcas002560,orangered4,16
Tcas002579,orangered4,16
Tcas003469,orangered4,16
Tcas002462,orangered4,16
Tcas002737,orangered4,16
Tcas003573,orangered4,16
Tcas002489,orangered4,16
Tcas002476,orangered4,16
Tcas002778,orangered4,16
Tcas003607,orangered4,16
Tcas003655,orangered4,16
Tcas003708,orangered4,16
Tcas003784,orangered4,16
Tcas005025,orangered4,16
Tcas003838,orangered4,16
Tcas004449,orangered4,16
Tcas005103,orangered4,16
Tcas004123,orangered4,16
Tcas004304,orangered4,16
Tcas004905,orangered4,16
Tcas004052,orangered4,16
Tcas004049,orangered4,16
Tcas005007,orangered4,16
Tcas004851,orangered4,16
Tcas004913,orangered4,16
Tcas005276,orangered4,16
Tcas005056,orangered4,16
Tcas005069,orangered4,16
Tcas004184,orangered4,16
Tcas004603,orangered4,16
Tcas003866,orangered4,16
Tcas004550,orangered4,16
Tcas003913,orangered4,16
Tcas004165,orangered4,16
Tcas004397,orangered4,16
Tcas004920,orangered4,16
Tcas004725,orangered4,16
Tcas003944,orangered4,16
Tcas004664,orangered4,16
Tcas005027,orangered4,16
Tcas005313,orangered4,16
Tcas005322,orangered4,16
Tcas005830,orangered4,16
Tcas005862,orangered4,16
Tcas005833,orangered4,16
Tcas005509,orangered4,16
Tcas005987,orangered4,16
Tcas005739,orangered4,16
Tcas005769,orangered4,16
Tcas005676,orangered4,16
Tcas006619,orangered4,16
Tcas007109,orangered4,16
Tcas006550,orangered4,16
Tcas007463,orangered4,16
Tcas006500,orangered4,16
Tcas007107,orangered4,16
Tcas006452,orangered4,16
Tcas006654,orangered4,16
Tcas006515,orangered4,16
Tcas006560,orangered4,16
Tcas006817,orangered4,16
Tcas006697,orangered4,16
Tcas007175,orangered4,16
Tcas007006,orangered4,16
Tcas007142,orangered4,16
Tcas006657,orangered4,16
Tcas007207,orangered4,16
Tcas008285,orangered4,16
Tcas008199,orangered4,16
Tcas008353,orangered4,16
Tcas009036,orangered4,16
Tcas008564,orangered4,16
Tcas007741,orangered4,16
Tcas008058,orangered4,16
Tcas007654,orangered4,16
Tcas007861,orangered4,16
Tcas008267,orangered4,16
Tcas009062,orangered4,16
Tcas008263,orangered4,16
Tcas008720,orangered4,16
Tcas008513,orangered4,16
Tcas008641,orangered4,16
Tcas008487,orangered4,16
Tcas009250,orangered4,16
Tcas010253,orangered4,16
Tcas009344,orangered4,16
Tcas010303,orangered4,16
Tcas009963,orangered4,16
Tcas010501,orangered4,16
Tcas009809,orangered4,16
Tcas009240,orangered4,16
Tcas010464,orangered4,16
Tcas009320,orangered4,16
Tcas009457,orangered4,16
Tcas009542,orangered4,16
Tcas009392,orangered4,16
Tcas009863,orangered4,16
Tcas009691,orangered4,16
Tcas010475,orangered4,16
Tcas009585,orangered4,16
Tcas009910,orangered4,16
Tcas009890,orangered4,16
Tcas009794,orangered4,16
Tcas009991,orangered4,16
Tcas010093,orangered4,16
Tcas009629,orangered4,16
Tcas009786,orangered4,16
Tcas009188,orangered4,16
Tcas010330,orangered4,16
Tcas010549,orangered4,16
Tcas011067,orangered4,16
Tcas010783,orangered4,16
Tcas010812,orangered4,16
Tcas011004,orangered4,16
Tcas010709,orangered4,16
Tcas010767,orangered4,16
Tcas010901,orangered4,16
Tcas011215,orangered4,16
Tcas012481,orangered4,16
Tcas012155,orangered4,16
Tcas011658,orangered4,16
Tcas012210,orangered4,16
Tcas011670,orangered4,16
Tcas012012,orangered4,16
Tcas011838,orangered4,16
Tcas012034,orangered4,16
Tcas011754,orangered4,16
Tcas011758,orangered4,16
Tcas011544,orangered4,16
Tcas000036,green,17
Tcas000067,green,17
Tcas000078,green,17
Tcas000080,green,17
Tcas000091,green,17
Tcas000093,green,17
Tcas000138,green,17
Tcas001666,green,17
Tcas001624,green,17
Tcas001035,green,17
Tcas000587,green,17
Tcas001418,green,17
Tcas000567,green,17
Tcas001246,green,17
Tcas001717,green,17
Tcas001399,green,17
Tcas000653,green,17
Tcas000594,green,17
Tcas001724,green,17
Tcas001190,green,17
Tcas000484,green,17
Tcas001422,green,17
Tcas001544,green,17
Tcas000311,green,17
Tcas001531,green,17
Tcas000852,green,17
Tcas001159,green,17
Tcas001385,green,17
Tcas000481,green,17
Tcas001059,green,17
Tcas001181,green,17
Tcas000686,green,17
Tcas000532,green,17
Tcas000410,green,17
Tcas000896,green,17
Tcas001424,green,17
Tcas000861,green,17
Tcas000443,green,17
Tcas001505,green,17
Tcas000988,green,17
Tcas001529,green,17
Tcas000909,green,17
Tcas001339,green,17
Tcas000900,green,17
Tcas000123,green,17
Tcas001514,green,17
Tcas000949,green,17
Tcas001333,green,17
Tcas001445,green,17
Tcas001054,green,17
Tcas001213,green,17
Tcas000749,green,17
Tcas000152,green,17
Tcas001217,green,17
Tcas001307,green,17
Tcas000137,green,17
Tcas001353,green,17
Tcas000917,green,17
Tcas001173,green,17
Tcas001001,green,17
Tcas000651,green,17
Tcas001216,green,17
Tcas000444,green,17
Tcas000995,green,17
Tcas001451,green,17
Tcas000424,green,17
Tcas000420,green,17
Tcas000767,green,17
Tcas000627,green,17
Tcas000855,green,17
Tcas000262,green,17
Tcas000538,green,17
Tcas000903,green,17
Tcas001208,green,17
Tcas001050,green,17
Tcas000338,green,17
Tcas000405,green,17
Tcas000908,green,17
Tcas000209,green,17
Tcas001194,green,17
Tcas000788,green,17
Tcas000318,green,17
Tcas000355,green,17
Tcas000212,green,17
Tcas000936,green,17
Tcas001279,green,17
Tcas000756,green,17
Tcas001673,green,17
Tcas000497,green,17
Tcas000947,green,17
Tcas000782,green,17
Tcas001102,green,17
Tcas001746,green,17
Tcas001753,green,17
Tcas001752,green,17
Tcas001767,green,17
Tcas002274,green,17
Tcas001943,green,17
Tcas002003,green,17
Tcas001992,green,17
Tcas002204,green,17
Tcas002237,green,17
Tcas001845,green,17
Tcas002407,green,17
Tcas001975,green,17
Tcas002004,green,17
Tcas002323,green,17
Tcas001967,green,17
Tcas002105,green,17
Tcas001984,green,17
Tcas001780,green,17
Tcas002366,green,17
Tcas002088,green,17
Tcas001913,green,17
Tcas002337,green,17
Tcas002198,green,17
Tcas001802,green,17
Tcas002222,green,17
Tcas001974,green,17
Tcas001809,green,17
Tcas001794,green,17
Tcas002261,green,17
Tcas001977,green,17
Tcas001857,green,17
Tcas002196,green,17
Tcas001874,green,17
Tcas001795,green,17
Tcas002205,green,17
Tcas002267,green,17
Tcas002228,green,17
Tcas002327,green,17
Tcas001898,green,17
Tcas002146,green,17
Tcas002424,green,17
Tcas002984,green,17
Tcas003529,green,17
Tcas002759,green,17
Tcas003299,green,17
Tcas003422,green,17
Tcas003206,green,17
Tcas003267,green,17
Tcas003273,green,17
Tcas002959,green,17
Tcas002557,green,17
Tcas002809,green,17
Tcas002954,green,17
Tcas002813,green,17
Tcas003322,green,17
Tcas002492,green,17
Tcas002563,green,17
Tcas003432,green,17
Tcas002905,green,17
Tcas003103,green,17
Tcas002773,green,17
Tcas003108,green,17
Tcas002756,green,17
Tcas003309,green,17
Tcas003431,green,17
Tcas003185,green,17
Tcas003434,green,17
Tcas003543,green,17
Tcas002779,green,17
Tcas003238,green,17
Tcas003161,green,17
Tcas002901,green,17
Tcas003249,green,17
Tcas003426,green,17
Tcas002616,green,17
Tcas002943,green,17
Tcas002862,green,17
Tcas003101,green,17
Tcas003162,green,17
Tcas003135,green,17
Tcas002819,green,17
Tcas002594,green,17
Tcas003222,green,17
Tcas003330,green,17
Tcas002781,green,17
Tcas003578,green,17
Tcas002443,green,17
Tcas002980,green,17
Tcas003091,green,17
Tcas003260,green,17
Tcas003554,green,17
Tcas003302,green,17
Tcas003086,green,17
Tcas003445,green,17
Tcas002872,green,17
Tcas002709,green,17
Tcas002939,green,17
Tcas003472,green,17
Tcas003140,green,17
Tcas003214,green,17
Tcas003485,green,17
Tcas002925,green,17
Tcas002511,green,17
Tcas003303,green,17
Tcas002894,green,17
Tcas002974,green,17
Tcas002464,green,17
Tcas003397,green,17
Tcas002924,green,17
Tcas003250,green,17
Tcas003424,green,17
Tcas002488,green,17
Tcas003282,green,17
Tcas003263,green,17
Tcas002467,green,17
Tcas002755,green,17
Tcas003266,green,17
Tcas003636,green,17
Tcas003612,green,17
Tcas003619,green,17
Tcas003670,green,17
Tcas003672,green,17
Tcas003674,green,17
Tcas003686,green,17
Tcas003689,green,17
Tcas003691,green,17
Tcas003706,green,17
Tcas003729,green,17
Tcas003741,green,17
Tcas003755,green,17
Tcas003749,green,17
Tcas004894,green,17
Tcas003844,green,17
Tcas004565,green,17
Tcas004344,green,17
Tcas005162,green,17
Tcas004279,green,17
Tcas005083,green,17
Tcas004192,green,17
Tcas004968,green,17
Tcas005118,green,17
Tcas004147,green,17
Tcas003842,green,17
Tcas005214,green,17
Tcas005012,green,17
Tcas004319,green,17
Tcas004008,green,17
Tcas004269,green,17
Tcas003961,green,17
Tcas004441,green,17
Tcas004543,green,17
Tcas004456,green,17
Tcas004183,green,17
Tcas005159,green,17
Tcas004278,green,17
Tcas005259,green,17
Tcas004809,green,17
Tcas005048,green,17
Tcas004522,green,17
Tcas004247,green,17
Tcas004402,green,17
Tcas003816,green,17
Tcas004433,green,17
Tcas004017,green,17
Tcas005087,green,17
Tcas004599,green,17
Tcas004405,green,17
Tcas003893,green,17
Tcas004122,green,17
Tcas004893,green,17
Tcas004109,green,17
Tcas004115,green,17
Tcas004799,green,17
Tcas005061,green,17
Tcas005238,green,17
Tcas004605,green,17
Tcas004806,green,17
Tcas003869,green,17
Tcas004325,green,17
Tcas004803,green,17
Tcas004408,green,17
Tcas004612,green,17
Tcas004548,green,17
Tcas004670,green,17
Tcas003923,green,17
Tcas004678,green,17
Tcas004820,green,17
Tcas004459,green,17
Tcas004072,green,17
Tcas004398,green,17
Tcas004975,green,17
Tcas004388,green,17
Tcas004730,green,17
Tcas004963,green,17
Tcas004240,green,17
Tcas005030,green,17
Tcas004370,green,17
Tcas004556,green,17
Tcas004491,green,17
Tcas003959,green,17
Tcas004706,green,17
Tcas004363,green,17
Tcas004113,green,17
Tcas005288,green,17
Tcas005253,green,17
Tcas004179,green,17
Tcas005008,green,17
Tcas004295,green,17
Tcas004177,green,17
Tcas004738,green,17
Tcas004254,green,17
Tcas004964,green,17
Tcas004796,green,17
Tcas005208,green,17
Tcas004133,green,17
Tcas004414,green,17
Tcas005309,green,17
Tcas005318,green,17
Tcas005339,green,17
Tcas005353,green,17
Tcas005372,green,17
Tcas005375,green,17
Tcas005377,green,17
Tcas005386,green,17
Tcas005414,green,17
Tcas005776,green,17
Tcas005876,green,17
Tcas006159,green,17
Tcas006142,green,17
Tcas006080,green,17
Tcas005531,green,17
Tcas006231,green,17
Tcas006243,green,17
Tcas006059,green,17
Tcas005512,green,17
Tcas006114,green,17
Tcas005675,green,17
Tcas005699,green,17
Tcas006155,green,17
Tcas005859,green,17
Tcas005493,green,17
Tcas005904,green,17
Tcas006090,green,17
Tcas005668,green,17
Tcas005504,green,17
Tcas005596,green,17
Tcas005541,green,17
Tcas005764,green,17
Tcas005680,green,17
Tcas005749,green,17
Tcas005879,green,17
Tcas005872,green,17
Tcas005611,green,17
Tcas005696,green,17
Tcas005825,green,17
Tcas005881,green,17
Tcas006079,green,17
Tcas005885,green,17
Tcas005527,green,17
Tcas005891,green,17
Tcas006075,green,17
Tcas005870,green,17
Tcas005543,green,17
Tcas006195,green,17
Tcas005856,green,17
Tcas006199,green,17
Tcas005529,green,17
Tcas005804,green,17
Tcas005925,green,17
Tcas005487,green,17
Tcas005888,green,17
Tcas005466,green,17
Tcas005528,green,17
Tcas005743,green,17
Tcas006250,green,17
Tcas005481,green,17
Tcas006268,green,17
Tcas007094,green,17
Tcas006852,green,17
Tcas006439,green,17
Tcas006508,green,17
Tcas007005,green,17
Tcas007198,green,17
Tcas006393,green,17
Tcas006530,green,17
Tcas007214,green,17
Tcas007131,green,17
Tcas006387,green,17
Tcas007480,green,17
Tcas006430,green,17
Tcas006478,green,17
Tcas006543,green,17
Tcas007383,green,17
Tcas006610,green,17
Tcas007381,green,17
Tcas006572,green,17
Tcas006850,green,17
Tcas006479,green,17
Tcas006699,green,17
Tcas007439,green,17
Tcas007226,green,17
Tcas006961,green,17
Tcas006968,green,17
Tcas007447,green,17
Tcas006960,green,17
Tcas006955,green,17
Tcas007473,green,17
Tcas006786,green,17
Tcas006513,green,17
Tcas006776,green,17
Tcas007152,green,17
Tcas006569,green,17
Tcas007249,green,17
Tcas007475,green,17
Tcas006659,green,17
Tcas006928,green,17
Tcas007246,green,17
Tcas007077,green,17
Tcas007069,green,17
Tcas006630,green,17
Tcas006951,green,17
Tcas007405,green,17
Tcas007215,green,17
Tcas007189,green,17
Tcas007385,green,17
Tcas007125,green,17
Tcas007254,green,17
Tcas006521,green,17
Tcas007429,green,17
Tcas006712,green,17
Tcas006637,green,17
Tcas006495,green,17
Tcas006801,green,17
Tcas007229,green,17
Tcas006807,green,17
Tcas006905,green,17
Tcas006736,green,17
Tcas007276,green,17
Tcas007757,green,17
Tcas008683,green,17
Tcas007880,green,17
Tcas009079,green,17
Tcas008272,green,17
Tcas008369,green,17
Tcas008014,green,17
Tcas007834,green,17
Tcas008343,green,17
Tcas008295,green,17
Tcas008723,green,17
Tcas007545,green,17
Tcas008298,green,17
Tcas008898,green,17
Tcas007557,green,17
Tcas007699,green,17
Tcas008855,green,17
Tcas009015,green,17
Tcas008342,green,17
Tcas009056,green,17
Tcas007517,green,17
Tcas008930,green,17
Tcas008562,green,17
Tcas008924,green,17
Tcas008466,green,17
Tcas008733,green,17
Tcas008998,green,17
Tcas008681,green,17
Tcas008190,green,17
Tcas008278,green,17
Tcas007828,green,17
Tcas008660,green,17
Tcas008336,green,17
Tcas008986,green,17
Tcas008355,green,17
Tcas007643,green,17
Tcas008090,green,17
Tcas008370,green,17
Tcas008435,green,17
Tcas007867,green,17
Tcas007531,green,17
Tcas007629,green,17
Tcas008216,green,17
Tcas008560,green,17
Tcas008385,green,17
Tcas008112,green,17
Tcas008916,green,17
Tcas008415,green,17
Tcas009006,green,17
Tcas009029,green,17
Tcas007840,green,17
Tcas007799,green,17
Tcas008449,green,17
Tcas008139,green,17
Tcas008108,green,17
Tcas008242,green,17
Tcas007742,green,17
Tcas008143,green,17
Tcas007552,green,17
Tcas007786,green,17
Tcas008689,green,17
Tcas008750,green,17
Tcas008410,green,17
Tcas008157,green,17
Tcas008845,green,17
Tcas008389,green,17
Tcas008703,green,17
Tcas008394,green,17
Tcas008932,green,17
Tcas008311,green,17
Tcas007986,green,17
Tcas009090,green,17
Tcas008829,green,17
Tcas007743,green,17
Tcas007963,green,17
Tcas008806,green,17
Tcas007821,green,17
Tcas007909,green,17
Tcas007765,green,17
Tcas009020,green,17
Tcas008729,green,17
Tcas007941,green,17
Tcas008509,green,17
Tcas008778,green,17
Tcas007556,green,17
Tcas007581,green,17
Tcas008106,green,17
Tcas008676,green,17
Tcas008770,green,17
Tcas007606,green,17
Tcas008824,green,17
Tcas007660,green,17
Tcas007930,green,17
Tcas008185,green,17
Tcas008331,green,17
Tcas008256,green,17
Tcas007569,green,17
Tcas007950,green,17
Tcas008614,green,17
Tcas008888,green,17
Tcas009905,green,17
Tcas009431,green,17
Tcas010104,green,17
Tcas010240,green,17
Tcas009458,green,17
Tcas009550,green,17
Tcas009568,green,17
Tcas010494,green,17
Tcas010072,green,17
Tcas009886,green,17
Tcas010048,green,17
Tcas009833,green,17
Tcas009689,green,17
Tcas009538,green,17
Tcas010001,green,17
Tcas009193,green,17
Tcas009587,green,17
Tcas009169,green,17
Tcas009153,green,17
Tcas010307,green,17
Tcas010433,green,17
Tcas010346,green,17
Tcas009520,green,17
Tcas009302,green,17
Tcas009791,green,17
Tcas009401,green,17
Tcas010348,green,17
Tcas009281,green,17
Tcas010429,green,17
Tcas009611,green,17
Tcas010414,green,17
Tcas009291,green,17
Tcas009876,green,17
Tcas010365,green,17
Tcas009707,green,17
Tcas009678,green,17
Tcas009698,green,17
Tcas009586,green,17
Tcas009171,green,17
Tcas009930,green,17
Tcas010094,green,17
Tcas009789,green,17
Tcas010181,green,17
Tcas009580,green,17
Tcas009732,green,17
Tcas010084,green,17
Tcas009852,green,17
Tcas010061,green,17
Tcas009774,green,17
Tcas010412,green,17
Tcas010066,green,17
Tcas009776,green,17
Tcas010421,green,17
Tcas009956,green,17
Tcas009641,green,17
Tcas009287,green,17
Tcas010364,green,17
Tcas010265,green,17
Tcas009185,green,17
Tcas009341,green,17
Tcas009795,green,17
Tcas009807,green,17
Tcas009407,green,17
Tcas009384,green,17
Tcas009713,green,17
Tcas009325,green,17
Tcas010013,green,17
Tcas009292,green,17
Tcas009827,green,17
Tcas009610,green,17
Tcas010015,green,17
Tcas009279,green,17
Tcas010191,green,17
Tcas009266,green,17
Tcas009602,green,17
Tcas009176,green,17
Tcas009462,green,17
Tcas010570,green,17
Tcas010516,green,17
Tcas010527,green,17
Tcas010519,green,17
Tcas010555,green,17
Tcas010596,green,17
Tcas010623,green,17
Tcas010639,green,17
Tcas010647,green,17
Tcas010732,green,17
Tcas010889,green,17
Tcas010921,green,17
Tcas010741,green,17
Tcas010825,green,17
Tcas010786,green,17
Tcas010945,green,17
Tcas011047,green,17
Tcas010662,green,17
Tcas010851,green,17
Tcas010798,green,17
Tcas010675,green,17
Tcas011088,green,17
Tcas010916,green,17
Tcas010714,green,17
Tcas010793,green,17
Tcas011035,green,17
Tcas011061,green,17
Tcas010802,green,17
Tcas010803,green,17
Tcas010884,green,17
Tcas010773,green,17
Tcas010949,green,17
Tcas010750,green,17
Tcas010880,green,17
Tcas010872,green,17
Tcas011095,green,17
Tcas010973,green,17
Tcas010977,green,17
Tcas011000,green,17
Tcas010723,green,17
Tcas011041,green,17
Tcas011173,green,17
Tcas011193,green,17
Tcas011201,green,17
Tcas011241,green,17
Tcas011663,green,17
Tcas012067,green,17
Tcas011698,green,17
Tcas012216,green,17
Tcas012478,green,17
Tcas011363,green,17
Tcas012128,green,17
Tcas011551,green,17
Tcas012522,green,17
Tcas011930,green,17
Tcas011353,green,17
Tcas012117,green,17
Tcas011666,green,17
Tcas011500,green,17
Tcas012292,green,17
Tcas012234,green,17
Tcas012220,green,17
Tcas012119,green,17
Tcas011314,green,17
Tcas011795,green,17
Tcas011971,green,17
Tcas012562,green,17
Tcas011394,green,17
Tcas012504,green,17
Tcas012570,green,17
Tcas011445,green,17
Tcas012520,green,17
Tcas011402,green,17
Tcas011949,green,17
Tcas012541,green,17
Tcas011543,green,17
Tcas011728,green,17
Tcas011533,green,17
Tcas012230,green,17
Tcas011882,green,17
Tcas011440,green,17
Tcas011939,green,17
Tcas011458,green,17
Tcas011414,green,17
Tcas011563,green,17
Tcas012467,green,17
Tcas011482,green,17
Tcas011682,green,17
Tcas012140,green,17
Tcas012026,green,17
Tcas012558,green,17
Tcas012293,green,17
Tcas012078,green,17
Tcas011462,green,17
Tcas011990,green,17
Tcas011592,green,17
Tcas011892,green,17
Tcas012189,green,17
Tcas011411,green,17
Tcas011502,green,17
Tcas011412,green,17
Tcas012433,green,17
Tcas012256,green,17
Tcas011884,green,17
Tcas012302,green,17
Tcas011361,green,17
Tcas011373,green,17
Tcas012183,green,17
Tcas011857,green,17
Tcas012411,green,17
Tcas011932,green,17
Tcas011529,green,17
Tcas011630,green,17
Tcas012493,green,17
Tcas011421,green,17
Tcas011915,green,17
Tcas011450,green,17
Tcas012473,green,17
Tcas011938,green,17
Tcas012550,green,17
Tcas012143,green,17
Tcas011602,green,17
Tcas011415,green,17
Tcas011546,green,17
Tcas012445,green,17
Tcas011318,green,17
Tcas012194,green,17
Tcas000039,yellowgreen,18
Tcas000055,yellowgreen,18
Tcas000384,yellowgreen,18
Tcas001706,yellowgreen,18
Tcas000493,yellowgreen,18
Tcas000225,yellowgreen,18
Tcas001258,yellowgreen,18
Tcas000306,yellowgreen,18
Tcas000174,yellowgreen,18
Tcas000189,yellowgreen,18
Tcas001235,yellowgreen,18
Tcas001245,yellowgreen,18
Tcas000409,yellowgreen,18
Tcas000709,yellowgreen,18
Tcas000731,yellowgreen,18
Tcas001211,yellowgreen,18
Tcas000760,yellowgreen,18
Tcas001309,yellowgreen,18
Tcas000475,yellowgreen,18
Tcas001704,yellowgreen,18
Tcas000667,yellowgreen,18
Tcas001140,yellowgreen,18
Tcas001745,yellowgreen,18
Tcas001944,yellowgreen,18
Tcas002426,yellowgreen,18
Tcas002428,yellowgreen,18
Tcas003392,yellowgreen,18
Tcas002461,yellowgreen,18
Tcas003104,yellowgreen,18
Tcas003168,yellowgreen,18
Tcas003457,yellowgreen,18
Tcas002701,yellowgreen,18
Tcas002764,yellowgreen,18
Tcas002785,yellowgreen,18
Tcas003027,yellowgreen,18
Tcas003653,yellowgreen,18
Tcas003685,yellowgreen,18
Tcas003703,yellowgreen,18
Tcas003694,yellowgreen,18
Tcas003707,yellowgreen,18
Tcas003731,yellowgreen,18
Tcas003760,yellowgreen,18
Tcas003762,yellowgreen,18
Tcas005143,yellowgreen,18
Tcas004468,yellowgreen,18
Tcas004320,yellowgreen,18
Tcas005164,yellowgreen,18
Tcas004330,yellowgreen,18
Tcas004636,yellowgreen,18
Tcas004381,yellowgreen,18
Tcas003818,yellowgreen,18
Tcas004426,yellowgreen,18
Tcas005347,yellowgreen,18
Tcas005348,yellowgreen,18
Tcas005421,yellowgreen,18
Tcas005479,yellowgreen,18
Tcas006055,yellowgreen,18
Tcas006229,yellowgreen,18
Tcas006082,yellowgreen,18
Tcas006836,yellowgreen,18
Tcas007440,yellowgreen,18
Tcas007384,yellowgreen,18
Tcas006810,yellowgreen,18
Tcas007136,yellowgreen,18
Tcas007058,yellowgreen,18
Tcas006738,yellowgreen,18
Tcas006997,yellowgreen,18
Tcas006761,yellowgreen,18
Tcas008154,yellowgreen,18
Tcas007613,yellowgreen,18
Tcas008417,yellowgreen,18
Tcas007589,yellowgreen,18
Tcas008964,yellowgreen,18
Tcas007776,yellowgreen,18
Tcas008114,yellowgreen,18
Tcas008243,yellowgreen,18
Tcas008577,yellowgreen,18
Tcas009952,yellowgreen,18
Tcas010077,yellowgreen,18
Tcas009531,yellowgreen,18
Tcas009414,yellowgreen,18
Tcas010138,yellowgreen,18
Tcas010156,yellowgreen,18
Tcas009590,yellowgreen,18
Tcas009738,yellowgreen,18
Tcas009211,yellowgreen,18
Tcas009114,yellowgreen,18
Tcas009674,yellowgreen,18
Tcas009866,yellowgreen,18
Tcas010375,yellowgreen,18
Tcas009436,yellowgreen,18
Tcas010272,yellowgreen,18
Tcas009189,yellowgreen,18
Tcas010374,yellowgreen,18
Tcas010572,yellowgreen,18
Tcas010547,yellowgreen,18
Tcas010583,yellowgreen,18
Tcas010653,yellowgreen,18
Tcas011107,yellowgreen,18
Tcas010720,yellowgreen,18
Tcas010744,yellowgreen,18
Tcas011103,yellowgreen,18
Tcas011181,yellowgreen,18
Tcas011185,yellowgreen,18
Tcas011206,yellowgreen,18
Tcas011208,yellowgreen,18
Tcas011376,yellowgreen,18
Tcas011820,yellowgreen,18
Tcas012548,yellowgreen,18
Tcas011519,yellowgreen,18
Tcas011692,yellowgreen,18
Tcas012567,yellowgreen,18
Tcas012289,yellowgreen,18
Tcas012197,yellowgreen,18
Tcas012469,yellowgreen,18
Tcas012425,yellowgreen,18
Tcas012595,yellowgreen,18
Tcas011525,yellowgreen,18
Tcas011766,yellowgreen,18
Tcas011722,yellowgreen,18
Tcas000043,steelblue,19
Tcas000053,steelblue,19
Tcas000056,steelblue,19
Tcas001248,steelblue,19
Tcas000159,steelblue,19
Tcas000201,steelblue,19
Tcas000938,steelblue,19
Tcas001157,steelblue,19
Tcas000571,steelblue,19
Tcas001185,steelblue,19
Tcas001400,steelblue,19
Tcas001196,steelblue,19
Tcas000718,steelblue,19
Tcas001360,steelblue,19
Tcas000399,steelblue,19
Tcas001342,steelblue,19
Tcas001176,steelblue,19
Tcas000463,steelblue,19
Tcas000394,steelblue,19
Tcas000224,steelblue,19
Tcas000647,steelblue,19
Tcas000689,steelblue,19
Tcas000350,steelblue,19
Tcas002284,steelblue,19
Tcas002338,steelblue,19
Tcas002349,steelblue,19
Tcas002134,steelblue,19
Tcas002612,steelblue,19
Tcas003351,steelblue,19
Tcas003590,steelblue,19
Tcas003519,steelblue,19
Tcas003300,steelblue,19
Tcas003420,steelblue,19
Tcas003221,steelblue,19
Tcas002953,steelblue,19
Tcas003204,steelblue,19
Tcas002553,steelblue,19
Tcas002988,steelblue,19
Tcas003678,steelblue,19
Tcas005046,steelblue,19
Tcas004009,steelblue,19
Tcas004270,steelblue,19
Tcas005086,steelblue,19
Tcas005140,steelblue,19
Tcas003891,steelblue,19
Tcas004720,steelblue,19
Tcas004871,steelblue,19
Tcas005262,steelblue,19
Tcas004616,steelblue,19
Tcas004331,steelblue,19
Tcas005312,steelblue,19
Tcas005345,steelblue,19
Tcas005351,steelblue,19
Tcas005370,steelblue,19
Tcas005977,steelblue,19
Tcas005697,steelblue,19
Tcas005553,steelblue,19
Tcas005853,steelblue,19
Tcas005916,steelblue,19
Tcas005796,steelblue,19
Tcas006143,steelblue,19
Tcas006032,steelblue,19
Tcas006128,steelblue,19
Tcas007450,steelblue,19
Tcas006450,steelblue,19
Tcas006312,steelblue,19
Tcas006294,steelblue,19
Tcas007315,steelblue,19
Tcas007400,steelblue,19
Tcas006411,steelblue,19
Tcas006606,steelblue,19
Tcas006739,steelblue,19
Tcas006632,steelblue,19
Tcas007375,steelblue,19
Tcas007408,steelblue,19
Tcas007493,steelblue,19
Tcas007596,steelblue,19
Tcas008910,steelblue,19
Tcas008913,steelblue,19
Tcas007559,steelblue,19
Tcas008931,steelblue,19
Tcas008814,steelblue,19
Tcas007870,steelblue,19
Tcas008627,steelblue,19
Tcas007667,steelblue,19
Tcas007850,steelblue,19
Tcas008850,steelblue,19
Tcas007662,steelblue,19
Tcas009039,steelblue,19
Tcas007702,steelblue,19
Tcas008246,steelblue,19
Tcas008995,steelblue,19
Tcas008494,steelblue,19
Tcas008921,steelblue,19
Tcas007555,steelblue,19
Tcas008961,steelblue,19
Tcas008633,steelblue,19
Tcas009775,steelblue,19
Tcas010342,steelblue,19
Tcas009984,steelblue,19
Tcas009223,steelblue,19
Tcas010206,steelblue,19
Tcas009961,steelblue,19
Tcas009251,steelblue,19
Tcas010371,steelblue,19
Tcas010176,steelblue,19
Tcas010197,steelblue,19
Tcas009116,steelblue,19
Tcas009549,steelblue,19
Tcas009559,steelblue,19
Tcas009767,steelblue,19
Tcas010220,steelblue,19
Tcas010546,steelblue,19
Tcas010542,steelblue,19
Tcas010745,steelblue,19
Tcas010660,steelblue,19
Tcas010769,steelblue,19
Tcas010661,steelblue,19
Tcas010948,steelblue,19
Tcas010883,steelblue,19
Tcas010951,steelblue,19
Tcas010927,steelblue,19
Tcas011119,steelblue,19
Tcas010664,steelblue,19
Tcas010665,steelblue,19
Tcas010763,steelblue,19
Tcas010834,steelblue,19
Tcas011184,steelblue,19
Tcas011232,steelblue,19
Tcas012503,steelblue,19
Tcas011430,steelblue,19
Tcas011514,steelblue,19
Tcas011871,steelblue,19
Tcas011777,steelblue,19
Tcas011787,steelblue,19
Tcas011335,steelblue,19
Tcas011396,steelblue,19
Tcas011677,steelblue,19
Tcas011446,steelblue,19
Tcas011799,steelblue,19
Tcas000044,blue2,20
Tcas000843,blue2,20
Tcas001192,blue2,20
Tcas000494,blue2,20
Tcas001273,blue2,20
Tcas000286,blue2,20
Tcas001016,blue2,20
Tcas001714,blue2,20
Tcas001286,blue2,20
Tcas001722,blue2,20
Tcas001983,blue2,20
Tcas002101,blue2,20
Tcas001950,blue2,20
Tcas001806,blue2,20
Tcas002126,blue2,20
Tcas003506,blue2,20
Tcas003349,blue2,20
Tcas002936,blue2,20
Tcas003592,blue2,20
Tcas003493,blue2,20
Tcas003943,blue2,20
Tcas004694,blue2,20
Tcas005190,blue2,20
Tcas004583,blue2,20
Tcas004088,blue2,20
Tcas005429,blue2,20
Tcas005464,blue2,20
Tcas005750,blue2,20
Tcas006147,blue2,20
Tcas005685,blue2,20
Tcas006253,blue2,20
Tcas007151,blue2,20
Tcas007034,blue2,20
Tcas006976,blue2,20
Tcas007378,blue2,20
Tcas007533,blue2,20
Tcas008661,blue2,20
Tcas008221,blue2,20
Tcas008302,blue2,20
Tcas007608,blue2,20
Tcas009001,blue2,20
Tcas008205,blue2,20
Tcas009136,blue2,20
Tcas009226,blue2,20
Tcas010124,blue2,20
Tcas009123,blue2,20
Tcas009600,blue2,20
Tcas010049,blue2,20
Tcas010920,blue2,20
Tcas010978,blue2,20
Tcas010713,blue2,20
Tcas011166,blue2,20
Tcas012262,blue2,20
Tcas011997,blue2,20
Tcas012002,blue2,20
Tcas012156,blue2,20
Tcas011961,blue2,20
Tcas011910,blue2,20
Tcas011933,blue2,20
Tcas011792,blue2,20
Tcas000052,mediumpurple3,21
Tcas000051,mediumpurple3,21
Tcas000997,mediumpurple3,21
Tcas000238,mediumpurple3,21
Tcas001118,mediumpurple3,21
Tcas001383,mediumpurple3,21
Tcas000661,mediumpurple3,21
Tcas001007,mediumpurple3,21
Tcas001725,mediumpurple3,21
Tcas001136,mediumpurple3,21
Tcas000916,mediumpurple3,21
Tcas000785,mediumpurple3,21
Tcas001368,mediumpurple3,21
Tcas000254,mediumpurple3,21
Tcas001168,mediumpurple3,21
Tcas001261,mediumpurple3,21
Tcas000514,mediumpurple3,21
Tcas002311,mediumpurple3,21
Tcas002362,mediumpurple3,21
Tcas002373,mediumpurple3,21
Tcas002194,mediumpurple3,21
Tcas003515,mediumpurple3,21
Tcas003286,mediumpurple3,21
Tcas002928,mediumpurple3,21
Tcas002542,mediumpurple3,21
Tcas002957,mediumpurple3,21
Tcas003287,mediumpurple3,21
Tcas003231,mediumpurple3,21
Tcas003466,mediumpurple3,21
Tcas002636,mediumpurple3,21
Tcas003598,mediumpurple3,21
Tcas003676,mediumpurple3,21
Tcas005039,mediumpurple3,21
Tcas003979,mediumpurple3,21
Tcas005165,mediumpurple3,21
Tcas004576,mediumpurple3,21
Tcas004070,mediumpurple3,21
Tcas004996,mediumpurple3,21
Tcas003962,mediumpurple3,21
Tcas004499,mediumpurple3,21
Tcas005280,mediumpurple3,21
Tcas004906,mediumpurple3,21
Tcas004221,mediumpurple3,21
Tcas005291,mediumpurple3,21
Tcas004131,mediumpurple3,21
Tcas005093,mediumpurple3,21
Tcas003864,mediumpurple3,21
Tcas005334,mediumpurple3,21
Tcas005524,mediumpurple3,21
Tcas006169,mediumpurple3,21
Tcas005726,mediumpurple3,21
Tcas005838,mediumpurple3,21
Tcas005571,mediumpurple3,21
Tcas006089,mediumpurple3,21
Tcas005928,mediumpurple3,21
Tcas006216,mediumpurple3,21
Tcas005579,mediumpurple3,21
Tcas007273,mediumpurple3,21
Tcas006705,mediumpurple3,21
Tcas007370,mediumpurple3,21
Tcas007041,mediumpurple3,21
Tcas006747,mediumpurple3,21
Tcas007266,mediumpurple3,21
Tcas006685,mediumpurple3,21
Tcas006835,mediumpurple3,21
Tcas008896,mediumpurple3,21
Tcas008328,mediumpurple3,21
Tcas008965,mediumpurple3,21
Tcas008286,mediumpurple3,21
Tcas008245,mediumpurple3,21
Tcas008172,mediumpurple3,21
Tcas008222,mediumpurple3,21
Tcas008981,mediumpurple3,21
Tcas007964,mediumpurple3,21
Tcas008191,mediumpurple3,21
Tcas009700,mediumpurple3,21
Tcas009875,mediumpurple3,21
Tcas009399,mediumpurple3,21
Tcas009307,mediumpurple3,21
Tcas009626,mediumpurple3,21
Tcas010359,mediumpurple3,21
Tcas009680,mediumpurple3,21
Tcas010147,mediumpurple3,21
Tcas009113,mediumpurple3,21
Tcas010248,mediumpurple3,21
Tcas010514,mediumpurple3,21
Tcas010615,mediumpurple3,21
Tcas010622,mediumpurple3,21
Tcas010643,mediumpurple3,21
Tcas010871,mediumpurple3,21
Tcas011039,mediumpurple3,21
Tcas010954,mediumpurple3,21
Tcas010984,mediumpurple3,21
Tcas011157,mediumpurple3,21
Tcas011194,mediumpurple3,21
Tcas011211,mediumpurple3,21
Tcas012239,mediumpurple3,21
Tcas012480,mediumpurple3,21
Tcas012158,mediumpurple3,21
Tcas012275,mediumpurple3,21
Tcas011653,mediumpurple3,21
Tcas012095,mediumpurple3,21
Tcas011765,mediumpurple3,21
Tcas011954,mediumpurple3,21
Tcas012407,mediumpurple3,21
Tcas012389,mediumpurple3,21
Tcas012317,mediumpurple3,21
Tcas012098,mediumpurple3,21
Tcas000057,plum2,22
Tcas001002,plum2,22
Tcas000543,plum2,22
Tcas000273,plum2,22
Tcas001581,plum2,22
Tcas001324,plum2,22
Tcas001166,plum2,22
Tcas000358,plum2,22
Tcas000593,plum2,22
Tcas000566,plum2,22
Tcas000823,plum2,22
Tcas001968,plum2,22
Tcas002180,plum2,22
Tcas002351,plum2,22
Tcas002218,plum2,22
Tcas001805,plum2,22
Tcas002275,plum2,22
Tcas002268,plum2,22
Tcas002385,plum2,22
Tcas002380,plum2,22
Tcas002707,plum2,22
Tcas003176,plum2,22
Tcas003338,plum2,22
Tcas002440,plum2,22
Tcas003306,plum2,22
Tcas002879,plum2,22
Tcas003635,plum2,22
Tcas004060,plum2,22
Tcas005131,plum2,22
Tcas004828,plum2,22
Tcas004897,plum2,22
Tcas004437,plum2,22
Tcas004138,plum2,22
Tcas004257,plum2,22
Tcas004488,plum2,22
Tcas005174,plum2,22
Tcas003827,plum2,22
Tcas004832,plum2,22
Tcas005328,plum2,22
Tcas005382,plum2,22
Tcas005976,plum2,22
Tcas005899,plum2,22
Tcas005469,plum2,22
Tcas005755,plum2,22
Tcas006695,plum2,22
Tcas007312,plum2,22
Tcas007115,plum2,22
Tcas006933,plum2,22
Tcas006575,plum2,22
Tcas006565,plum2,22
Tcas007335,plum2,22
Tcas006765,plum2,22
Tcas006449,plum2,22
Tcas007192,plum2,22
Tcas006539,plum2,22
Tcas007070,plum2,22
Tcas006931,plum2,22
Tcas006808,plum2,22
Tcas007208,plum2,22
Tcas007796,plum2,22
Tcas007688,plum2,22
Tcas008201,plum2,22
Tcas007994,plum2,22
Tcas008688,plum2,22
Tcas008711,plum2,22
Tcas008570,plum2,22
Tcas008452,plum2,22
Tcas008206,plum2,22
Tcas007664,plum2,22
Tcas008335,plum2,22
Tcas007885,plum2,22
Tcas007838,plum2,22
Tcas008519,plum2,22
Tcas008635,plum2,22
Tcas010383,plum2,22
Tcas009815,plum2,22
Tcas010148,plum2,22
Tcas009878,plum2,22
Tcas010205,plum2,22
Tcas010624,plum2,22
Tcas010642,plum2,22
Tcas010830,plum2,22
Tcas011099,plum2,22
Tcas010721,plum2,22
Tcas011240,plum2,22
Tcas011449,plum2,22
Tcas011586,plum2,22
Tcas012281,plum2,22
Tcas012299,plum2,22
Tcas012592,plum2,22
Tcas011988,plum2,22
Tcas011762,plum2,22
Tcas012497,plum2,22
Tcas011689,plum2,22
Tcas011783,plum2,22
Tcas000059,grey60,23
Tcas000449,grey60,23
Tcas001242,grey60,23
Tcas000120,grey60,23
Tcas000888,grey60,23
Tcas000899,grey60,23
Tcas000630,grey60,23
Tcas000460,grey60,23
Tcas000743,grey60,23
Tcas000641,grey60,23
Tcas001655,grey60,23
Tcas001170,grey60,23
Tcas000533,grey60,23
Tcas000450,grey60,23
Tcas001195,grey60,23
Tcas001611,grey60,23
Tcas001604,grey60,23
Tcas001602,grey60,23
Tcas001502,grey60,23
Tcas000447,grey60,23
Tcas000742,grey60,23
Tcas001747,grey60,23
Tcas001897,grey60,23
Tcas002031,grey60,23
Tcas001937,grey60,23
Tcas001916,grey60,23
Tcas002355,grey60,23
Tcas001939,grey60,23
Tcas002206,grey60,23
Tcas002383,grey60,23
Tcas002748,grey60,23
Tcas002520,grey60,23
Tcas003387,grey60,23
Tcas003583,grey60,23
Tcas002652,grey60,23
Tcas002797,grey60,23
Tcas002457,grey60,23
Tcas003429,grey60,23
Tcas002547,grey60,23
Tcas003348,grey60,23
Tcas002445,grey60,23
Tcas003024,grey60,23
Tcas003579,grey60,23
Tcas003166,grey60,23
Tcas002981,grey60,23
Tcas002956,grey60,23
Tcas002522,grey60,23
Tcas003658,grey60,23
Tcas003695,grey60,23
Tcas003705,grey60,23
Tcas003742,grey60,23
Tcas003743,grey60,23
Tcas003796,grey60,23
Tcas004461,grey60,23
Tcas004346,grey60,23
Tcas003823,grey60,23
Tcas004162,grey60,23
Tcas004434,grey60,23
Tcas004490,grey60,23
Tcas003919,grey60,23
Tcas004987,grey60,23
Tcas004580,grey60,23
Tcas003852,grey60,23
Tcas004611,grey60,23
Tcas004226,grey60,23
Tcas005009,grey60,23
Tcas004445,grey60,23
Tcas004626,grey60,23
Tcas004569,grey60,23
Tcas003888,grey60,23
Tcas005234,grey60,23
Tcas005152,grey60,23
Tcas004365,grey60,23
Tcas005304,grey60,23
Tcas005327,grey60,23
Tcas005331,grey60,23
Tcas005355,grey60,23
Tcas005365,grey60,23
Tcas005395,grey60,23
Tcas005574,grey60,23
Tcas005505,grey60,23
Tcas006074,grey60,23
Tcas005525,grey60,23
Tcas005772,grey60,23
Tcas005474,grey60,23
Tcas006260,grey60,23
Tcas006276,grey60,23
Tcas006273,grey60,23
Tcas006504,grey60,23
Tcas006418,grey60,23
Tcas007111,grey60,23
Tcas006555,grey60,23
Tcas006721,grey60,23
Tcas006707,grey60,23
Tcas007104,grey60,23
Tcas006829,grey60,23
Tcas007305,grey60,23
Tcas006343,grey60,23
Tcas006398,grey60,23
Tcas006884,grey60,23
Tcas007234,grey60,23
Tcas006605,grey60,23
Tcas007191,grey60,23
Tcas007389,grey60,23
Tcas006556,grey60,23
Tcas007184,grey60,23
Tcas006634,grey60,23
Tcas006535,grey60,23
Tcas007128,grey60,23
Tcas006684,grey60,23
Tcas007296,grey60,23
Tcas006958,grey60,23
Tcas007472,grey60,23
Tcas006429,grey60,23
Tcas007298,grey60,23
Tcas008835,grey60,23
Tcas008575,grey60,23
Tcas008943,grey60,23
Tcas008489,grey60,23
Tcas008026,grey60,23
Tcas007844,grey60,23
Tcas008885,grey60,23
Tcas007574,grey60,23
Tcas008171,grey60,23
Tcas008188,grey60,23
Tcas007814,grey60,23
Tcas008758,grey60,23
Tcas008884,grey60,23
Tcas007952,grey60,23
Tcas008563,grey60,23
Tcas008851,grey60,23
Tcas007987,grey60,23
Tcas010068,grey60,23
Tcas009208,grey60,23
Tcas009721,grey60,23
Tcas009241,grey60,23
Tcas009660,grey60,23
Tcas010022,grey60,23
Tcas010102,grey60,23
Tcas009636,grey60,23
Tcas009314,grey60,23
Tcas010250,grey60,23
Tcas009329,grey60,23
Tcas009187,grey60,23
Tcas009452,grey60,23
Tcas010532,grey60,23
Tcas010648,grey60,23
Tcas010671,grey60,23
Tcas010894,grey60,23
Tcas011058,grey60,23
Tcas010751,grey60,23
Tcas011135,grey60,23
Tcas011134,grey60,23
Tcas011150,grey60,23
Tcas011233,grey60,23
Tcas011384,grey60,23
Tcas012017,grey60,23
Tcas012439,grey60,23
Tcas012524,grey60,23
Tcas012483,grey60,23
Tcas011355,grey60,23
Tcas012577,grey60,23
Tcas011896,grey60,23
Tcas012039,grey60,23
Tcas011490,grey60,23
Tcas011684,grey60,23
Tcas012589,grey60,23
Tcas012129,grey60,23
Tcas012534,grey60,23
Tcas012195,grey60,23
Tcas011315,grey60,23
Tcas011596,grey60,23
Tcas000069,lightsteelblue1,24
Tcas000086,lightsteelblue1,24
Tcas000345,lightsteelblue1,24
Tcas001330,lightsteelblue1,24
Tcas000637,lightsteelblue1,24
Tcas000248,lightsteelblue1,24
Tcas000556,lightsteelblue1,24
Tcas000239,lightsteelblue1,24
Tcas001495,lightsteelblue1,24
Tcas001120,lightsteelblue1,24
Tcas000910,lightsteelblue1,24
Tcas001553,lightsteelblue1,24
Tcas000574,lightsteelblue1,24
Tcas000295,lightsteelblue1,24
Tcas000723,lightsteelblue1,24
Tcas000426,lightsteelblue1,24
Tcas000588,lightsteelblue1,24
Tcas000683,lightsteelblue1,24
Tcas001957,lightsteelblue1,24
Tcas002328,lightsteelblue1,24
Tcas001846,lightsteelblue1,24
Tcas001819,lightsteelblue1,24
Tcas002251,lightsteelblue1,24
Tcas001837,lightsteelblue1,24
Tcas002074,lightsteelblue1,24
Tcas002247,lightsteelblue1,24
Tcas002243,lightsteelblue1,24
Tcas002080,lightsteelblue1,24
Tcas003382,lightsteelblue1,24
Tcas002499,lightsteelblue1,24
Tcas003089,lightsteelblue1,24
Tcas002541,lightsteelblue1,24
Tcas003004,lightsteelblue1,24
Tcas002743,lightsteelblue1,24
Tcas003793,lightsteelblue1,24
Tcas004573,lightsteelblue1,24
Tcas003940,lightsteelblue1,24
Tcas004180,lightsteelblue1,24
Tcas004934,lightsteelblue1,24
Tcas003806,lightsteelblue1,24
Tcas005100,lightsteelblue1,24
Tcas004949,lightsteelblue1,24
Tcas005787,lightsteelblue1,24
Tcas005719,lightsteelblue1,24
Tcas006045,lightsteelblue1,24
Tcas006198,lightsteelblue1,24
Tcas005572,lightsteelblue1,24
Tcas005789,lightsteelblue1,24
Tcas005730,lightsteelblue1,24
Tcas005700,lightsteelblue1,24
Tcas006458,lightsteelblue1,24
Tcas006723,lightsteelblue1,24
Tcas007064,lightsteelblue1,24
Tcas007452,lightsteelblue1,24
Tcas006487,lightsteelblue1,24
Tcas007411,lightsteelblue1,24
Tcas007386,lightsteelblue1,24
Tcas007074,lightsteelblue1,24
Tcas006397,lightsteelblue1,24
Tcas007108,lightsteelblue1,24
Tcas006655,lightsteelblue1,24
Tcas007499,lightsteelblue1,24
Tcas008176,lightsteelblue1,24
Tcas008054,lightsteelblue1,24
Tcas008305,lightsteelblue1,24
Tcas008576,lightsteelblue1,24
Tcas007767,lightsteelblue1,24
Tcas009058,lightsteelblue1,24
Tcas008354,lightsteelblue1,24
Tcas007619,lightsteelblue1,24
Tcas008103,lightsteelblue1,24
Tcas008749,lightsteelblue1,24
Tcas008937,lightsteelblue1,24
Tcas007789,lightsteelblue1,24
Tcas010384,lightsteelblue1,24
Tcas009993,lightsteelblue1,24
Tcas009367,lightsteelblue1,24
Tcas009149,lightsteelblue1,24
Tcas010063,lightsteelblue1,24
Tcas009243,lightsteelblue1,24
Tcas009960,lightsteelblue1,24
Tcas009101,lightsteelblue1,24
Tcas010434,lightsteelblue1,24
Tcas009207,lightsteelblue1,24
Tcas010397,lightsteelblue1,24
Tcas009522,lightsteelblue1,24
Tcas009906,lightsteelblue1,24
Tcas010593,lightsteelblue1,24
Tcas011032,lightsteelblue1,24
Tcas010899,lightsteelblue1,24
Tcas010697,lightsteelblue1,24
Tcas011212,lightsteelblue1,24
Tcas011467,lightsteelblue1,24
Tcas012179,lightsteelblue1,24
Tcas011579,lightsteelblue1,24
Tcas011643,lightsteelblue1,24
Tcas011621,lightsteelblue1,24
Tcas011957,lightsteelblue1,24
Tcas011704,lightsteelblue1,24
Tcas012434,lightsteelblue1,24
Tcas012564,lightsteelblue1,24
Tcas011308,lightsteelblue1,24
Tcas011679,lightsteelblue1,24
Tcas011459,lightsteelblue1,24
Tcas011385,lightsteelblue1,24
Tcas011711,lightsteelblue1,24
Tcas011498,lightsteelblue1,24
Tcas011573,lightsteelblue1,24
Tcas000075,paleturquoise,25
Tcas001659,paleturquoise,25
Tcas001414,paleturquoise,25
Tcas000826,paleturquoise,25
Tcas001684,paleturquoise,25
Tcas001316,paleturquoise,25
Tcas001623,paleturquoise,25
Tcas000959,paleturquoise,25
Tcas000509,paleturquoise,25
Tcas001500,paleturquoise,25
Tcas000221,paleturquoise,25
Tcas000440,paleturquoise,25
Tcas001455,paleturquoise,25
Tcas000430,paleturquoise,25
Tcas001065,paleturquoise,25
Tcas000376,paleturquoise,25
Tcas001632,paleturquoise,25
Tcas000688,paleturquoise,25
Tcas000632,paleturquoise,25
Tcas000703,paleturquoise,25
Tcas002015,paleturquoise,25
Tcas002145,paleturquoise,25
Tcas002130,paleturquoise,25
Tcas002154,paleturquoise,25
Tcas002858,paleturquoise,25
Tcas003051,paleturquoise,25
Tcas002463,paleturquoise,25
Tcas002465,paleturquoise,25
Tcas003242,paleturquoise,25
Tcas002758,paleturquoise,25
Tcas003019,paleturquoise,25
Tcas002921,paleturquoise,25
Tcas002960,paleturquoise,25
Tcas003631,paleturquoise,25
Tcas003677,paleturquoise,25
Tcas003681,paleturquoise,25
Tcas003725,paleturquoise,25
Tcas003724,paleturquoise,25
Tcas003795,paleturquoise,25
Tcas004417,paleturquoise,25
Tcas004438,paleturquoise,25
Tcas004575,paleturquoise,25
Tcas004372,paleturquoise,25
Tcas003863,paleturquoise,25
Tcas004592,paleturquoise,25
Tcas005115,paleturquoise,25
Tcas004604,paleturquoise,25
Tcas004154,paleturquoise,25
Tcas004557,paleturquoise,25
Tcas005137,paleturquoise,25
Tcas004213,paleturquoise,25
Tcas003883,paleturquoise,25
Tcas004010,paleturquoise,25
Tcas005435,paleturquoise,25
Tcas005442,paleturquoise,25
Tcas005640,paleturquoise,25
Tcas006244,paleturquoise,25
Tcas006092,paleturquoise,25
Tcas005813,paleturquoise,25
Tcas006084,paleturquoise,25
Tcas006226,paleturquoise,25
Tcas005995,paleturquoise,25
Tcas005459,paleturquoise,25
Tcas005935,paleturquoise,25
Tcas005880,paleturquoise,25
Tcas006277,paleturquoise,25
Tcas006480,paleturquoise,25
Tcas006364,paleturquoise,25
Tcas006816,paleturquoise,25
Tcas007145,paleturquoise,25
Tcas006340,paleturquoise,25
Tcas007003,paleturquoise,25
Tcas006485,paleturquoise,25
Tcas006471,paleturquoise,25
Tcas006925,paleturquoise,25
Tcas006441,paleturquoise,25
Tcas007951,paleturquoise,25
Tcas008616,paleturquoise,25
Tcas008082,paleturquoise,25
Tcas008192,paleturquoise,25
Tcas008646,paleturquoise,25
Tcas008551,paleturquoise,25
Tcas008863,paleturquoise,25
Tcas007811,paleturquoise,25
Tcas007782,paleturquoise,25
Tcas007853,paleturquoise,25
Tcas007791,paleturquoise,25
Tcas008671,paleturquoise,25
Tcas008149,paleturquoise,25
Tcas008356,paleturquoise,25
Tcas008664,paleturquoise,25
Tcas008167,paleturquoise,25
Tcas009049,paleturquoise,25
Tcas007967,paleturquoise,25
Tcas009811,paleturquoise,25
Tcas009615,paleturquoise,25
Tcas010115,paleturquoise,25
Tcas009705,paleturquoise,25
Tcas009561,paleturquoise,25
Tcas010033,paleturquoise,25
Tcas009343,paleturquoise,25
Tcas009849,paleturquoise,25
Tcas009200,paleturquoise,25
Tcas009288,paleturquoise,25
Tcas009596,paleturquoise,25
Tcas009265,paleturquoise,25
Tcas010426,paleturquoise,25
Tcas010479,paleturquoise,25
Tcas009380,paleturquoise,25
Tcas009264,paleturquoise,25
Tcas009272,paleturquoise,25
Tcas009481,paleturquoise,25
Tcas009688,paleturquoise,25
Tcas010654,paleturquoise,25
Tcas010703,paleturquoise,25
Tcas010746,paleturquoise,25
Tcas010976,paleturquoise,25
Tcas010974,paleturquoise,25
Tcas011110,paleturquoise,25
Tcas010787,paleturquoise,25
Tcas011022,paleturquoise,25
Tcas010792,paleturquoise,25
Tcas011015,paleturquoise,25
Tcas010817,paleturquoise,25
Tcas010710,paleturquoise,25
Tcas011123,paleturquoise,25
Tcas010971,paleturquoise,25
Tcas011245,paleturquoise,25
Tcas012587,paleturquoise,25
Tcas012079,paleturquoise,25
Tcas012417,paleturquoise,25
Tcas011913,paleturquoise,25
Tcas012459,paleturquoise,25
Tcas011550,paleturquoise,25
Tcas012598,paleturquoise,25
Tcas011424,paleturquoise,25
Tcas011601,paleturquoise,25
Tcas011327,paleturquoise,25
Tcas012150,paleturquoise,25
Tcas000079,white,26
Tcas000115,white,26
Tcas001588,white,26
Tcas000279,white,26
Tcas001374,white,26
Tcas001459,white,26
Tcas000890,white,26
Tcas001563,white,26
Tcas000678,white,26
Tcas001355,white,26
Tcas000327,white,26
Tcas001104,white,26
Tcas000204,white,26
Tcas001177,white,26
Tcas001426,white,26
Tcas000382,white,26
Tcas000717,white,26
Tcas000178,white,26
Tcas000813,white,26
Tcas000668,white,26
Tcas001393,white,26
Tcas001668,white,26
Tcas001758,white,26
Tcas001821,white,26
Tcas002054,white,26
Tcas001793,white,26
Tcas002077,white,26
Tcas001980,white,26
Tcas002231,white,26
Tcas001988,white,26
Tcas002587,white,26
Tcas002545,white,26
Tcas002846,white,26
Tcas002651,white,26
Tcas003044,white,26
Tcas002728,white,26
Tcas002995,white,26
Tcas003393,white,26
Tcas004547,white,26
Tcas004692,white,26
Tcas004861,white,26
Tcas004812,white,26
Tcas004553,white,26
Tcas004731,white,26
Tcas004688,white,26
Tcas004237,white,26
Tcas004899,white,26
Tcas004019,white,26
Tcas005290,white,26
Tcas004284,white,26
Tcas004235,white,26
Tcas004050,white,26
Tcas004051,white,26
Tcas004795,white,26
Tcas004600,white,26
Tcas004863,white,26
Tcas005398,white,26
Tcas005406,white,26
Tcas006102,white,26
Tcas005786,white,26
Tcas006107,white,26
Tcas005563,white,26
Tcas006103,white,26
Tcas006220,white,26
Tcas005781,white,26
Tcas005737,white,26
Tcas006154,white,26
Tcas006136,white,26
Tcas006207,white,26
Tcas005958,white,26
Tcas007488,white,26
Tcas006872,white,26
Tcas007239,white,26
Tcas006442,white,26
Tcas006501,white,26
Tcas007325,white,26
Tcas007351,white,26
Tcas007033,white,26
Tcas007050,white,26
Tcas006626,white,26
Tcas007087,white,26
Tcas006750,white,26
Tcas006918,white,26
Tcas007181,white,26
Tcas007242,white,26
Tcas007362,white,26
Tcas006287,white,26
Tcas006384,white,26
Tcas008819,white,26
Tcas008605,white,26
Tcas008948,white,26
Tcas007728,white,26
Tcas007803,white,26
Tcas008165,white,26
Tcas008895,white,26
Tcas008492,white,26
Tcas007648,white,26
Tcas008710,white,26
Tcas008493,white,26
Tcas007509,white,26
Tcas008195,white,26
Tcas008941,white,26
Tcas008687,white,26
Tcas008856,white,26
Tcas008390,white,26
Tcas008312,white,26
Tcas009023,white,26
Tcas009095,white,26
Tcas009724,white,26
Tcas009607,white,26
Tcas009513,white,26
Tcas009799,white,26
Tcas009654,white,26
Tcas009614,white,26
Tcas009895,white,26
Tcas009127,white,26
Tcas009456,white,26
Tcas010286,white,26
Tcas010322,white,26
Tcas009349,white,26
Tcas009891,white,26
Tcas009571,white,26
Tcas010551,white,26
Tcas010619,white,26
Tcas010649,white,26
Tcas010846,white,26
Tcas011010,white,26
Tcas010742,white,26
Tcas010831,white,26
Tcas011079,white,26
Tcas011160,white,26
Tcas011243,white,26
Tcas011257,white,26
Tcas012181,white,26
Tcas012041,white,26
Tcas011471,white,26
Tcas011287,white,26
Tcas011668,white,26
Tcas011340,white,26
Tcas011524,white,26
Tcas011570,white,26
Tcas011877,white,26
Tcas000100,grey,27
Tcas000562,grey,27
Tcas001229,grey,27
Tcas002085,grey,27
Tcas002271,grey,27
Tcas002675,grey,27
Tcas004865,grey,27
Tcas006093,grey,27
Tcas007377,grey,27
Tcas008866,grey,27
Tcas008408,grey,27
Tcas009263,grey,27
Tcas011357,grey,27
Tcas000113,darkturquoise,28
Tcas000549,darkturquoise,28
Tcas000351,darkturquoise,28
Tcas000539,darkturquoise,28
Tcas001686,darkturquoise,28
Tcas001729,darkturquoise,28
Tcas001231,darkturquoise,28
Tcas001252,darkturquoise,28
Tcas000680,darkturquoise,28
Tcas000480,darkturquoise,28
Tcas001359,darkturquoise,28
Tcas000526,darkturquoise,28
Tcas000496,darkturquoise,28
Tcas001038,darkturquoise,28
Tcas000156,darkturquoise,28
Tcas001687,darkturquoise,28
Tcas000520,darkturquoise,28
Tcas000521,darkturquoise,28
Tcas000941,darkturquoise,28
Tcas000771,darkturquoise,28
Tcas001287,darkturquoise,28
Tcas001489,darkturquoise,28
Tcas000591,darkturquoise,28
Tcas000840,darkturquoise,28
Tcas001558,darkturquoise,28
Tcas001151,darkturquoise,28
Tcas001749,darkturquoise,28
Tcas001798,darkturquoise,28
Tcas003144,darkturquoise,28
Tcas003098,darkturquoise,28
Tcas002447,darkturquoise,28
Tcas003441,darkturquoise,28
Tcas003347,darkturquoise,28
Tcas002923,darkturquoise,28
Tcas003040,darkturquoise,28
Tcas003340,darkturquoise,28
Tcas003228,darkturquoise,28
Tcas002559,darkturquoise,28
Tcas002863,darkturquoise,28
Tcas003175,darkturquoise,28
Tcas002996,darkturquoise,28
Tcas002604,darkturquoise,28
Tcas003599,darkturquoise,28
Tcas003693,darkturquoise,28
Tcas003720,darkturquoise,28
Tcas003730,darkturquoise,28
Tcas004422,darkturquoise,28
Tcas004994,darkturquoise,28
Tcas005147,darkturquoise,28
Tcas004472,darkturquoise,28
Tcas004571,darkturquoise,28
Tcas004128,darkturquoise,28
Tcas004097,darkturquoise,28
Tcas004256,darkturquoise,28
Tcas004763,darkturquoise,28
Tcas005245,darkturquoise,28
Tcas005196,darkturquoise,28
Tcas004878,darkturquoise,28
Tcas004190,darkturquoise,28
Tcas004992,darkturquoise,28
Tcas004198,darkturquoise,28
Tcas005173,darkturquoise,28
Tcas004982,darkturquoise,28
Tcas005427,darkturquoise,28
Tcas005982,darkturquoise,28
Tcas005589,darkturquoise,28
Tcas005949,darkturquoise,28
Tcas006041,darkturquoise,28
Tcas005839,darkturquoise,28
Tcas005847,darkturquoise,28
Tcas005712,darkturquoise,28
Tcas005476,darkturquoise,28
Tcas006224,darkturquoise,28
Tcas005960,darkturquoise,28
Tcas006131,darkturquoise,28
Tcas006009,darkturquoise,28
Tcas006894,darkturquoise,28
Tcas007483,darkturquoise,28
Tcas007132,darkturquoise,28
Tcas006903,darkturquoise,28
Tcas006563,darkturquoise,28
Tcas006532,darkturquoise,28
Tcas007163,darkturquoise,28
Tcas006400,darkturquoise,28
Tcas006845,darkturquoise,28
Tcas007007,darkturquoise,28
Tcas006864,darkturquoise,28
Tcas006523,darkturquoise,28
Tcas007060,darkturquoise,28
Tcas006773,darkturquoise,28
Tcas006988,darkturquoise,28
Tcas006333,darkturquoise,28
Tcas007863,darkturquoise,28
Tcas008928,darkturquoise,28
Tcas008314,darkturquoise,28
Tcas008008,darkturquoise,28
Tcas008013,darkturquoise,28
Tcas008775,darkturquoise,28
Tcas008987,darkturquoise,28
Tcas008325,darkturquoise,28
Tcas008240,darkturquoise,28
Tcas007751,darkturquoise,28
Tcas007668,darkturquoise,28
Tcas008233,darkturquoise,28
Tcas007969,darkturquoise,28
Tcas009074,darkturquoise,28
Tcas008787,darkturquoise,28
Tcas008347,darkturquoise,28
Tcas009595,darkturquoise,28
Tcas009955,darkturquoise,28
Tcas009998,darkturquoise,28
Tcas010071,darkturquoise,28
Tcas009514,darkturquoise,28
Tcas010161,darkturquoise,28
Tcas010345,darkturquoise,28
Tcas009377,darkturquoise,28
Tcas009178,darkturquoise,28
Tcas010244,darkturquoise,28
Tcas010441,darkturquoise,28
Tcas009812,darkturquoise,28
Tcas010409,darkturquoise,28
Tcas010284,darkturquoise,28
Tcas010402,darkturquoise,28
Tcas009225,darkturquoise,28
Tcas009970,darkturquoise,28
Tcas009403,darkturquoise,28
Tcas010009,darkturquoise,28
Tcas010228,darkturquoise,28
Tcas010366,darkturquoise,28
Tcas009928,darkturquoise,28
Tcas009175,darkturquoise,28
Tcas010391,darkturquoise,28
Tcas010535,darkturquoise,28
Tcas010581,darkturquoise,28
Tcas010590,darkturquoise,28
Tcas010612,darkturquoise,28
Tcas010852,darkturquoise,28
Tcas010718,darkturquoise,28
Tcas010941,darkturquoise,28
Tcas010994,darkturquoise,28
Tcas010734,darkturquoise,28
Tcas010698,darkturquoise,28
Tcas010869,darkturquoise,28
Tcas011070,darkturquoise,28
Tcas011075,darkturquoise,28
Tcas011219,darkturquoise,28
Tcas011281,darkturquoise,28
Tcas012344,darkturquoise,28
Tcas012458,darkturquoise,28
Tcas012130,darkturquoise,28
Tcas011782,darkturquoise,28
Tcas011889,darkturquoise,28
Tcas012175,darkturquoise,28
Tcas012252,darkturquoise,28
Tcas011829,darkturquoise,28
Tcas011748,darkturquoise,28
Tcas011674,darkturquoise,28
Tcas011616,darkturquoise,28
Tcas012505,darkturquoise,28
Tcas011521,darkturquoise,28
Tcas011464,darkturquoise,28
Tcas012001,darkturquoise,28
Tcas011801,darkturquoise,28
Tcas000776,maroon,29
Tcas001504,maroon,29
Tcas000349,maroon,29
Tcas001409,maroon,29
Tcas000305,maroon,29
Tcas000316,maroon,29
Tcas001703,maroon,29
Tcas001633,maroon,29
Tcas001032,maroon,29
Tcas000863,maroon,29
Tcas001942,maroon,29
Tcas002083,maroon,29
Tcas002089,maroon,29
Tcas002548,maroon,29
Tcas003403,maroon,29
Tcas002806,maroon,29
Tcas003568,maroon,29
Tcas002752,maroon,29
Tcas002665,maroon,29
Tcas003383,maroon,29
Tcas003586,maroon,29
Tcas003227,maroon,29
Tcas003438,maroon,29
Tcas003603,maroon,29
Tcas003632,maroon,29
Tcas003810,maroon,29
Tcas004979,maroon,29
Tcas004669,maroon,29
Tcas004628,maroon,29
Tcas005091,maroon,29
Tcas005204,maroon,29
Tcas004002,maroon,29
Tcas004171,maroon,29
Tcas005419,maroon,29
Tcas006184,maroon,29
Tcas006150,maroon,29
Tcas006085,maroon,29
Tcas005756,maroon,29
Tcas005472,maroon,29
Tcas005910,maroon,29
Tcas005457,maroon,29
Tcas005461,maroon,29
Tcas005720,maroon,29
Tcas007252,maroon,29
Tcas007238,maroon,29
Tcas006726,maroon,29
Tcas006381,maroon,29
Tcas006837,maroon,29
Tcas006492,maroon,29
Tcas006929,maroon,29
Tcas007138,maroon,29
Tcas007288,maroon,29
Tcas007412,maroon,29
Tcas007658,maroon,29
Tcas008320,maroon,29
Tcas007809,maroon,29
Tcas008179,maroon,29
Tcas008847,maroon,29
Tcas008935,maroon,29
Tcas008940,maroon,29
Tcas007563,maroon,29
Tcas008789,maroon,29
Tcas007871,maroon,29
Tcas007984,maroon,29
Tcas007936,maroon,29
Tcas008596,maroon,29
Tcas007924,maroon,29
Tcas008289,maroon,29
Tcas007998,maroon,29
Tcas008364,maroon,29
Tcas009974,maroon,29
Tcas010387,maroon,29
Tcas009409,maroon,29
Tcas009398,maroon,29
Tcas010054,maroon,29
Tcas009918,maroon,29
Tcas010211,maroon,29
Tcas010427,maroon,29
Tcas009635,maroon,29
Tcas009855,maroon,29
Tcas009317,maroon,29
Tcas010719,maroon,29
Tcas010837,maroon,29
Tcas010762,maroon,29
Tcas011175,maroon,29
Tcas012263,maroon,29
Tcas011472,maroon,29
Tcas011474,maroon,29
Tcas012177,maroon,29
Tcas011925,maroon,29
Tcas000169,lightcoral,30
Tcas001377,lightcoral,30
Tcas000332,lightcoral,30
Tcas001117,lightcoral,30
Tcas001009,lightcoral,30
Tcas000787,lightcoral,30
Tcas000645,lightcoral,30
Tcas001471,lightcoral,30
Tcas002165,lightcoral,30
Tcas003257,lightcoral,30
Tcas003003,lightcoral,30
Tcas003623,lightcoral,30
Tcas003638,lightcoral,30
Tcas005041,lightcoral,30
Tcas004915,lightcoral,30
Tcas003837,lightcoral,30
Tcas004176,lightcoral,30
Tcas004218,lightcoral,30
Tcas004058,lightcoral,30
Tcas004027,lightcoral,30
Tcas005907,lightcoral,30
Tcas005455,lightcoral,30
Tcas005898,lightcoral,30
Tcas006119,lightcoral,30
Tcas005836,lightcoral,30
Tcas005514,lightcoral,30
Tcas005460,lightcoral,30
Tcas005652,lightcoral,30
Tcas006210,lightcoral,30
Tcas006011,lightcoral,30
Tcas005864,lightcoral,30
Tcas006051,lightcoral,30
Tcas006068,lightcoral,30
Tcas005500,lightcoral,30
Tcas005502,lightcoral,30
Tcas006803,lightcoral,30
Tcas007333,lightcoral,30
Tcas006506,lightcoral,30
Tcas006686,lightcoral,30
Tcas006422,lightcoral,30
Tcas006983,lightcoral,30
Tcas007146,lightcoral,30
Tcas006954,lightcoral,30
Tcas006477,lightcoral,30
Tcas008362,lightcoral,30
Tcas008546,lightcoral,30
Tcas008248,lightcoral,30
Tcas008183,lightcoral,30
Tcas008400,lightcoral,30
Tcas008881,lightcoral,30
Tcas007905,lightcoral,30
Tcas008087,lightcoral,30
Tcas008446,lightcoral,30
Tcas008061,lightcoral,30
Tcas009034,lightcoral,30
Tcas007854,lightcoral,30
Tcas009779,lightcoral,30
Tcas009782,lightcoral,30
Tcas009912,lightcoral,30
Tcas010246,lightcoral,30
Tcas009198,lightcoral,30
Tcas010231,lightcoral,30
Tcas009712,lightcoral,30
Tcas009780,lightcoral,30
Tcas010056,lightcoral,30
Tcas010591,lightcoral,30
Tcas010907,lightcoral,30
Tcas011247,lightcoral,30
Tcas011250,lightcoral,30
Tcas011249,lightcoral,30
Tcas011634,lightcoral,30
