gene,logFC,logCPM,PValue,FDR
Tcas001445,4.65569608403792,10.1314957821948,8.11089824485589e-34,1.32126532408702e-30
Tcas000381,3.88793336556597,6.10710857840266,4.64238412637691e-19,3.781221870934e-16
Tcas001544,3.49619111561823,8.46179279958955,4.47269774410983e-16,2.42867487505164e-13
Tcas000125,3.10242307831467,7.38098388500331,6.83547786299263e-15,2.78374835970375e-12
Tcas000686,-1.5954713294837,9.09924222999983,1.28982612201396e-12,4.20225350552148e-10
Tcas002003,2.99120932164517,14.1202528409355,1.67860848664636e-12,4.55742204124488e-10
Tcas002204,3.12574635125654,5.29932316671697,8.66134349648085e-12,2.01561836510961e-09
Tcas001746,1.19417341090519,7.22040141179844,2.43728938476774e-11,4.9629305097333e-09
Tcas001054,1.07341168823524,7.81568287450444,8.26654234058637e-11,1.49624416364613e-08
Tcas000424,2.18534031112563,11.987244797444,1.79716549306536e-10,2.92758258820347e-08
Tcas000497,1.54201669113636,11.3949022378954,2.18145897790497e-10,3.23054243182473e-08
Tcas000861,1.49133178171593,7.57000227150701,4.59400330998709e-10,6.23635949330748e-08
Tcas000696,-3.94542018114116,5.63687143937102,6.69129061436141e-10,8.38470185445748e-08
Tcas000444,-2.26666252377453,5.8369524002646,1.73502558243563e-08,2.0188261955626e-06
Tcas001505,1.18472275186431,10.5166847872542,2.19230877001703e-08,2.3808473242385e-06
Tcas000564,-6.53699420270407,6.87282123586535,3.154800636455e-08,3.21198139799075e-06
Tcas000613,0.95645284025376,8.13263154550088,3.46202457854431e-08,3.31743414026393e-06
Tcas000936,1.02263616044319,8.40586577390448,7.69115534856968e-08,6.77603017675542e-06
Tcas001190,1.57800189575559,9.20488905837597,7.90328872672517e-08,6.77603017675542e-06
Tcas001050,-1.43448624147803,7.77266588514786,1.08079638100221e-07,8.80308652326297e-06
Tcas000934,-1.65725153534847,9.06602014133483,1.27086867071862e-07,9.85830983143161e-06
Tcas002379,0.951973746599372,8.48586513511541,4.01481023648749e-07,2.9727844887446e-05
Tcas001624,3.42713079313593,3.7218310096485,1.11726647034372e-06,7.88159591859717e-05
Tcas001333,1.08240715176174,8.91666318254272,1.16119276885409e-06,7.88159591859717e-05
Tcas000944,-1.80281952628244,7.55095105317112,1.69499670761235e-06,0.000110445985468021
Tcas001062,-1.45461402513566,11.7474341407214,1.97879798092056e-06,0.000123979304266138
Tcas000416,-0.882154415384787,9.21253386177999,2.36838710912288e-06,0.00014289268891708
Tcas001730,-2.03907387467056,9.24599530794529,3.49588302148886e-06,0.00020338548007162
Tcas001657,1.20920053366756,8.96327528797526,5.47995337716972e-06,0.000307822208669292
Tcas000131,0.826774612424858,8.01009989924281,7.91154071702798e-06,0.000429596660934619
Tcas000318,0.899756916232078,8.8531792973892,8.64863596427096e-06,0.000445264639413699
Tcas002156,2.90148305436989,5.78025563984526,8.74675780309292e-06,0.000445264639413699
Tcas000336,-1.6066885588179,6.17823837312989,9.31013223194409e-06,0.000459581981995058
Tcas001159,1.69499223640934,9.25068526865057,1.08238722291525e-05,0.00051840450791565
Tcas001666,0.991719160587447,10.5069881091354,1.11921114205321e-05,0.00051840450791565
Tcas001035,0.904212407390795,9.92904920734739,1.14564532136055e-05,0.00051840450791565
Tcas000379,-1.71422186650367,10.5554203918007,1.30966261121915e-05,0.000557930663146508
Tcas002004,-1.36829684490979,7.16804856446706,1.32055362505007e-05,0.000557930663146508
Tcas000139,1.34884780156637,8.48358551281087,1.34676066179166e-05,0.000557930663146508
Tcas000108,-6.70376940851482,10.7083138803315,1.36999548961696e-05,0.000557930663146508
Tcas000874,1.20320109750426,10.5214601402229,2.02660907131853e-05,0.000805206384677535
Tcas001208,1.20196435995044,10.3451376535287,2.17667567729004e-05,0.00084423920912035
Tcas000909,3.7798317796532,7.08714664746815,3.34380333583535e-05,0.00126675712420367
Tcas000567,0.777501495924345,9.21325845739861,6.00477321706756e-05,0.00222313081150069
Tcas000783,-4.74649964947085,4.1952607309742,6.52961712201139e-05,0.00236372139816812
Tcas000782,0.661412805904074,7.87855130026293,7.90012231184945e-05,0.00279767374913103
Tcas000592,-1.9753186295944,5.16725048648441,8.15916315209547e-05,0.00282793122867309
Tcas001399,-1.06114770882737,10.627085406409,8.97031792228984e-05,0.00304430164487711
Tcas000123,1.64982526228271,6.25040160365587,9.91485186695303e-05,0.00329618238597275
Tcas001531,0.793116426768294,8.49306029492254,0.000103760283459651,0.00338051003511544
Tcas000010,0.71736378784807,8.76414316858761,0.000119724287892107,0.00382413460737729
Tcas002334,-1.37944293653745,6.2049401343416,0.00014952443978117,0.00468414062314474
Tcas001710,0.653904401626625,7.61371300787836,0.000170018088980235,0.00522565031978874
Tcas000019,0.887949719072812,8.50237428406987,0.000174422225904193,0.00526173714810983
Tcas000658,-0.890788222869854,7.53039066031466,0.000187027463777041,0.00553941342714181
Tcas001635,3.26988727046003,4.82999619884514,0.000225776964324768,0.0065574840728277
Tcas000949,0.791385479846862,10.0301936366203,0.000229451560559349,0.0065574840728277
Tcas000637,-0.958279006484482,6.76657311112412,0.000277960819184252,0.0078068650767439
Tcas000175,-1.02014438405809,8.50427026841818,0.00029384821111073,0.00811319891354881
Tcas001272,-1.04759639468946,7.25876999667721,0.000341489272243571,0.00923094622826715
Tcas002138,0.821003217321432,10.6161226504544,0.000345664653114976,0.00923094622826715
Tcas000260,0.983659422409969,9.72935651747293,0.000370347708586849,0.00973058737561253
Tcas001511,1.02778545189855,7.0228171859715,0.000384311147503368,0.00993718824258709
Tcas000947,0.639756860000217,9.00455269888114,0.000394228165355742,0.0100343387713204
Tcas000748,0.710534254439074,8.31951752725994,0.000404948950019396,0.0100951191918085
Tcas000280,0.692920251843409,9.05931923969903,0.000409010353995923,0.0100951191918085
Tcas000587,1.15724372255166,9.51511859218962,0.000454490516546447,0.0110382167414908
Tcas000245,0.719278148845615,9.35234927342665,0.000460772706213243,0.0110382167414908
Tcas000361,-0.986091493281357,8.19529008892745,0.000484813648541915,0.0114458178764461
Tcas000978,-2.51847637140045,10.397732660123,0.000553441728942037,0.0128793796635225
Tcas000442,-0.788240691702952,7.84306250495019,0.000564181435904,0.0129443881561636
Tcas000114,0.820978660172118,9.98023729736795,0.000576346586019741,0.0130398415086966
Tcas000503,-0.958362318139312,8.29986538669028,0.000635557171243288,0.014027823452661
Tcas000846,-0.678252628461469,8.75136391890251,0.000637236915590491,0.014027823452661
Tcas000880,-2.91283932177158,10.9034837681566,0.000722119785019604,0.0156844417306258
Tcas000971,-0.787209403152128,7.30945744238598,0.000743241558184144,0.0159307960300259
Tcas000219,0.617977516087478,8.17912124373161,0.00078837132400566,0.0166473520312434
Tcas000895,-0.795450190664368,5.85507080386231,0.000797110778659906,0.0166473520312434
Tcas001213,-0.686336002629715,8.65245969393676,0.00100080107482647,0.0206367715302826
Tcas000305,-2.23032442552094,8.97746054923362,0.00102098400172012,0.020789786735026
Tcas000386,-1.07324519460897,4.8366244065517,0.0010359098307341,0.0208332977069858
Tcas001094,2.33824648654879,8.57996177178331,0.00110977223734592,0.0220465728614207
Tcas000848,-0.823151085177566,10.401922322564,0.00116846063545143,0.0229327997006069
Tcas000198,0.776439087456613,8.90109428764844,0.00127904582780818,0.0248043530178515
Tcas000554,-0.645503180381236,9.29072997230073,0.00130450912386344,0.0250005336796887
Tcas002092,3.44401138689819,4.56089549289154,0.00132148147404494,0.0250313176885954
Tcas001943,0.793467156846831,11.333697063901,0.00138645929842519,0.0258799234766193
Tcas002407,-1.40628072216717,4.35810932838177,0.00139805602574739,0.0258799234766193
Tcas000501,0.761164457898344,11.8903369781148,0.00144518257203087,0.0264083071148845
Tcas000594,0.645637128200758,6.47109763347017,0.0014668693105997,0.0264083071148845
Tcas000022,0.747167908197982,5.92606282360507,0.00147523385356322,0.0264083071148845
Tcas000852,0.593858081555874,9.33181972263828,0.00156905089085332,0.027492624988053
Tcas000116,1.23805813779098,6.05434767679727,0.00156956054259603,0.027492624988053
Tcas000574,-0.722719422842067,10.5775923014445,0.00161477152076841,0.0278029337286931
Tcas000009,1.26286908620453,5.74624437358364,0.0016282282121826,0.0278029337286931
Tcas001443,-6.09895899676968,7.3670639338447,0.00163847859911267,0.0278029337286931
Tcas001652,0.600698425973271,7.08168072337126,0.00167038830406688,0.0280521912095356
Tcas000338,1.0075247834014,4.93325996347466,0.00172444930264027,0.0286645705510305
Tcas000464,-0.874818129693271,10.3044026792183,0.00178054547299015,0.0290910178149557
Tcas000859,0.543631821778747,7.05200729662298,0.00178582061479163,0.0290910178149557
Tcas000420,0.556238155451122,8.40960520249723,0.00182397206102815,0.0292970866568633
Tcas001429,-0.60785089968448,9.12424799317899,0.00183444004849604,0.0292970866568633
Tcas002345,0.673081660809524,10.8109404767389,0.00195603353887472,0.0309357149012322
Tcas000937,-4.31783695876906,5.40043563885187,0.00205411183024505,0.0321745016487421
Tcas001264,-1.49789082560379,4.57927022287061,0.00217307644831886,0.033713728898204
Tcas000138,0.786748781866509,6.61029932919234,0.00236960095203936,0.0364158485931331
Tcas000016,0.730282646582131,8.22412627675695,0.00263148915675002,0.0400625779097736
Tcas001194,0.919634799386717,8.68980697103404,0.00269297837727105,0.0406190905238383
Tcas000162,-0.595207484931787,7.61251686547704,0.00283804972884494,0.0424145230118203
Tcas001609,-1.602352791491,4.66830117969468,0.00295440638038988,0.043752072669592
Tcas001175,-6.49488655571379,7.44791111924696,0.00302729982868497,0.0444276704588091
Tcas001639,0.951693543323214,6.35246595102813,0.00314460705434201,0.0457371865314566
Tcas002352,-3.31954711251859,5.94896346963248,0.00321260423743215,0.0463126752458139
Tcas000410,0.567848946017974,7.18024564714762,0.00331743322374391,0.0474043747498143
Tcas000605,-0.964712245330579,10.9036368906181,0.00336536823974189,0.0476711727177352
Tcas000995,0.964827841878531,4.9414524214859,0.00393768096808974,0.0552972611811913
Tcas000820,-1.9923909133703,9.55878719980561,0.00406567930113915,0.0564236073417068
Tcas002255,-0.618135781449076,8.467251992082,0.00411394094195022,0.0564236073417068
Tcas000436,-0.805216283960787,4.69568863068775,0.00412831403638767,0.0564236073417068
Tcas001723,0.719774669096022,7.36003278339927,0.00415643516329332,0.0564236073417068
Tcas001339,0.589228100828671,9.85331950527319,0.00444391479825481,0.0598275802178271
Tcas001241,-2.63083340775041,7.0712581544346,0.00456139994074687,0.0601471182007036
Tcas001695,-1.22502443444066,7.26746365683711,0.00456339465334848,0.0601471182007036
Tcas000078,0.580859161447658,9.33149342001214,0.00460832334496289,0.0601471182007036
Tcas000883,-0.593769437443729,10.1294220408807,0.00461534056174828,0.0601471182007036
Tcas000236,0.582942720928711,9.86424319980624,0.00480693343813061,0.06214678230726
Tcas000900,-1.14575465115625,4.4498828098323,0.00506529593228381,0.0649713942810262
Tcas001483,-3.75460425616109,5.66444868425248,0.00515758197464013,0.0656382893491311
Tcas000773,-0.572791705395191,7.55739145744684,0.00534755879561078,0.0675284750236431
Tcas000610,-0.883352029277746,5.15361868619417,0.0054956692904399,0.0688649636471277
Tcas001019,-1.29139016010416,10.6464268924181,0.00573214379610997,0.0712798644569705
Tcas001583,-4.38149791935548,7.61245453754571,0.00596292357968738,0.0734543059008504
Tcas000967,-4.32394247098512,6.87269688004429,0.00605361186262048,0.0734543059008504
Tcas001250,-0.705793326086706,7.28428857266466,0.00608578538077936,0.0734543059008504
Tcas000234,-4.13708624098597,9.7860869009422,0.00608737341719755,0.0734543059008504
Tcas000737,0.729113360486173,7.96208273811446,0.00618818380793041,0.073690252332794
Tcas001689,0.605939538605784,9.16162480030077,0.00619739998133382,0.073690252332794
Tcas000704,-0.840294069468222,5.14627550062306,0.00626983491958513,0.0740113122029288
Tcas000756,0.566371417238828,10.2467468960908,0.00668623961220445,0.0783588800595759
Tcas001380,0.716168542273295,8.86337468704317,0.00697422625444787,0.0807034764259952
Tcas002221,0.569980762667361,9.41853004413263,0.00698538377904563,0.0807034764259952
Tcas001961,0.789003913835955,5.23080715879397,0.00718447782937932,0.0824191153806966
Tcas002349,-3.27853659896087,6.67099751899998,0.00729099419326571,0.082623156386986
Tcas000159,-3.93172455728902,4.27560164001333,0.00733227202323257,0.082623156386986
Tcas001615,0.532058879875002,7.139230162444,0.00735442460166542,0.082623156386986
Tcas001550,-1.34879780806894,7.4976237695791,0.00743506402371259,0.0829569814700535
Tcas000109,-1.36376566492666,3.4717062033584,0.00758697563481292,0.0830817934642804
Tcas000568,-1.18176236305973,7.7964620422128,0.0076083281662062,0.0830817934642804
Tcas001270,1.13518882968196,7.1601919076239,0.0076381269918625,0.0830817934642804
Tcas001664,-0.747293544832229,7.53012426797929,0.00765025722507186,0.0830817934642804
Tcas000289,0.981106710508546,7.78559095862967,0.00779496798999145,0.0840927341436826
Tcas001246,0.645184573854064,9.0189342688483,0.00804263215203133,0.0861937353661779
Tcas000994,0.516872046343323,8.42166074504325,0.00875599208499179,0.0932255627872655
Tcas001222,-0.694848994626972,7.27527139114719,0.00886404566506377,0.0937631843401876
Tcas001419,0.565945509133162,7.44578353476757,0.00895522339716739,0.0941165091224882
Tcas001181,0.679753002243066,12.1547889598189,0.00910414637378601,0.0950682977108808
Tcas001752,1.63891683573412,6.90783189763737,0.00949332367722563,0.0983438818387669
Tcas000730,-0.726818434452398,11.0387664073976,0.0095385717191683,0.0983438818387669
Tcas002390,0.831489923669599,8.28559940401575,0.00983294693625008,0.100741324271392
Tcas000792,0.519257246400823,6.72119754321414,0.0100222894612723,0.102039434577579
Tcas001819,-0.727600874039401,8.97468990276714,0.0101573866098794,0.102772563897476
Tcas002144,-0.567153990759821,8.37643371250356,0.0107288316567158,0.107884362770309
Tcas000901,-2.52972220008949,5.95143336334391,0.0108655098948071,0.108588439378164
Tcas002087,0.535403820277168,7.75200766930203,0.0112174478509189,0.11142208871431
Tcas002106,3.03095443354038,9.0261857238665,0.0113467136407457,0.111823561823051
Tcas000682,-0.935920936740948,7.82659150041707,0.0113951573128462,0.111823561823051
Tcas000957,-0.49841390824733,8.28553130942609,0.0115826312961952,0.112105144254511
Tcas000601,0.666930213741365,10.6105123567353,0.0116159424935574,0.112105144254511
Tcas000903,0.41115507515335,8.33769477421623,0.0116303065555632,0.112105144254511
Tcas002401,0.86078559788746,10.7479417331031,0.0117426724708081,0.11252243208792
Tcas000370,-2.82713080230554,9.34565382960646,0.0119828670696298,0.113548701257433
Tcas001586,0.600511310853037,9.57613945298813,0.011989181471012,0.113548701257433
Tcas001975,0.992229995374804,7.24679687198667,0.0123121924064,0.115933881098414
Tcas000772,-1.24128513903486,7.66916613477955,0.0125552662957926,0.117543268941645
Tcas000445,-1.24514753025564,10.4843222862043,0.0127510804668957,0.118694343317561
Tcas000331,-1.65644903954643,3.41008088995226,0.0130823779079287,0.121086327340999
Tcas001900,0.639678518638715,10.5315523412745,0.0133794435980538,0.12313623514819
Tcas001216,-0.749049738064076,5.13199442915641,0.0134708824381718,0.12326796490549
Tcas001845,0.68939740683205,8.5275620894497,0.0136253609886774,0.12326796490549
Tcas000984,0.380428207952974,7.95800835399239,0.0136307135312616,0.12326796490549
Tcas000180,0.533590222659908,6.19053066523182,0.0136964405450544,0.12326796490549
Tcas002081,0.697205765074722,8.91255103166688,0.0139358568268212,0.124114166699067
Tcas002197,-0.62947072691019,8.0408270371674,0.0139428437728234,0.124114166699067
Tcas000171,1.61805913372369,3.94084362315156,0.0143340503444953,0.126435343657571
Tcas001518,-0.842201935938035,8.13230113481654,0.0143588327665136,0.126435343657571
Tcas000999,-1.71558454145561,7.30435000539051,0.014535150435217,0.127299785263272
Tcas001962,0.644445878828002,11.5670224315513,0.0147804189703107,0.128049808018288
Tcas001044,-4.06118245645609,4.50266775542034,0.0148316864734352,0.128049808018288
Tcas000231,0.446585753045255,9.1753619075471,0.0148686454674914,0.128049808018288
Tcas001732,-0.760119865924026,8.73955558630465,0.0149352139493399,0.128049808018288
Tcas001917,-1.0764937042933,4.62197826455165,0.0150722454544992,0.128548103902509
Tcas000917,0.383290023928511,8.59364064602341,0.0152901477274824,0.129430698227207
Tcas001525,0.743049709760103,9.90061570280803,0.0153346376659613,0.129430698227207
Tcas000021,-3.55343352752256,6.55008103919731,0.0154929964911086,0.129789715451747
Tcas001756,1.05793030019186,10.1148651311914,0.0155365221074835,0.129789715451747
Tcas001879,0.444318508465076,8.71153014544727,0.0156446847817638,0.130026487293333
Tcas000887,0.894606984952258,4.68217902329874,0.0158661491295022,0.13119775092365
Tcas001052,1.063014977639,12.2682109297395,0.0160506950739806,0.131741389424467
Tcas000477,0.501479609416539,9.83658683675826,0.0160936381187655,0.131741389424467
Tcas000063,-0.903669457088586,9.84199787516202,0.0163361670969687,0.133019452224908
Tcas000500,0.414831167002014,8.52116832391356,0.0164130815820788,0.133019452224908
Tcas000669,0.443560165060574,8.01525639515675,0.0170876109265566,0.137314155999196
Tcas001263,0.446396381063642,9.66275840949279,0.0172337960151505,0.137314155999196
Tcas001228,0.587257612021552,7.23075182956148,0.0173146561751685,0.137314155999196
Tcas002014,-1.5857656451206,8.66450492705086,0.0173165697411676,0.137314155999196
Tcas001430,0.512544994626021,10.2710312544418,0.017364466627277,0.137314155999196
Tcas000456,0.544858759535444,10.109667952077,0.0175507562345849,0.138116820802603
Tcas000726,0.666685700457768,12.5068279987847,0.0178231192127344,0.13958587114204
Tcas000836,-1.68083215070628,8.32774338483513,0.0179801328047137,0.139970592909172
Tcas001870,0.470995669386125,9.32746155969679,0.0180440911669283,0.139970592909172
Tcas002052,0.737885220883797,9.39861948161234,0.0185351260463003,0.14309820061338
Tcas001217,0.423148266678603,8.01343775889554,0.0188639240260485,0.144389176514023
Tcas000654,-0.534714016053413,9.58277970916394,0.0189603405037461,0.144389176514023
Tcas000600,0.493089989026788,8.34226108810828,0.0189682527771644,0.144389176514023
Tcas001412,1.44057801750819,4.8878733178632,0.0193315842929535,0.145871652077654
Tcas001319,-0.540249578094974,7.78389032783227,0.0193420975130591,0.145871652077654
Tcas001770,-2.4761368889612,2.94889462866495,0.019683098085389,0.147418687090932
Tcas001398,-1.2696340287584,9.18947568063142,0.0197765337521851,0.147418687090932
Tcas001665,-0.87387136919587,5.73536720372783,0.0198187185223536,0.147418687090932
Tcas000244,0.398088633267054,7.88114473130622,0.0203637396618597,0.15078423595077
Tcas000565,0.464683587598336,7.20277484314279,0.0210780916449795,0.155367471898967
Tcas001607,-0.697122506892523,10.690076300635,0.0223236884349674,0.163294248511713
Tcas000508,0.647841048620069,6.64567707840114,0.0223539701768644,0.163294248511713
Tcas001970,0.836048670012349,11.4873501302373,0.0224810706243065,0.163489571638372
Tcas001513,-1.42814669858043,8.43538368496056,0.0229233988169402,0.165965407434647
Tcas000469,0.481457980565019,8.81559032681479,0.0231713273207266,0.167018107103822
Tcas001582,-1.04948007946978,8.58669384565903,0.0235025662159036,0.168659384870956
Tcas001030,-2.72164669492225,10.1437593059317,0.0239791358063862,0.171314002772766
Tcas000262,0.620694662570388,5.42827188512151,0.0242356700387197,0.171314002772766
Tcas000573,-2.49069941705661,8.92845128522135,0.0242691346276647,0.171314002772766
Tcas000355,0.998960460544962,3.52481506769119,0.0244071104853561,0.171314002772766
Tcas001719,0.777941967016716,12.5164149307657,0.0244636778337788,0.171314002772766
Tcas000976,0.40166343444453,7.22359165313108,0.0245127443699158,0.171314002772766
Tcas001106,-1.12947176127888,7.90172191390075,0.0246086412822758,0.171314002772766
Tcas000719,0.44198941800598,8.64492431143707,0.0248558488061111,0.172298628532574
Tcas001018,-0.548420312511621,7.40454845617512,0.0252387368356836,0.173958338124151
Tcas000017,-2.62017161087383,6.28996390449132,0.0256417615635677,0.173958338124151
Tcas001389,0.429844161733388,8.73367335247794,0.025724136773694,0.173958338124151
Tcas000855,0.588396175025993,8.14886463620889,0.0257836160365286,0.173958338124151
Tcas000674,-0.832797239048048,4.52050987273199,0.0259613938659085,0.173958338124151
Tcas001763,-1.5702275801054,8.5685506030914,0.026437289899149,0.173958338124151
Tcas001253,0.461649597239779,7.42246909701567,0.0264738210121789,0.173958338124151
Tcas000283,-1.06917628948102,6.57077133195501,0.0264968992425287,0.173958338124151
Tcas001501,-1.0048537391621,6.8398269059962,0.0265753238157947,0.173958338124151
Tcas001680,-1.11023950234288,8.70578822508496,0.0266392704975816,0.173958338124151
Tcas001302,0.369611249070957,8.13622672502541,0.0266925656086317,0.173958338124151
Tcas000963,-0.427714766846695,9.59842680944226,0.0267200028394998,0.173958338124151
Tcas000800,-1.36782828953929,8.99412359921108,0.0268861387349184,0.173958338124151
Tcas000643,-0.905989155410246,6.96301186533054,0.0269095252040325,0.173958338124151
Tcas002160,-3.78576095435833,8.09583916043125,0.0270750374158719,0.173958338124151
Tcas002155,-0.395361263371832,7.18426680204291,0.0271006803620947,0.173958338124151
Tcas001767,-0.481612083400385,8.39750789724711,0.0271028160565202,0.173958338124151
Tcas002097,-1.46232570210717,6.76087480975352,0.0271061626080465,0.173958338124151
Tcas000426,-1.13019570951759,3.7298322190116,0.0271242589831395,0.173958338124151
Tcas001091,0.540261038782997,9.55332930974768,0.0285820951815228,0.182589149218434
Tcas000583,-0.53194808353306,11.5251928560172,0.0289757089630798,0.184380585550223
Tcas000677,0.630652481843662,8.78943198039053,0.0291363399245079,0.184681314151842
Tcas000926,0.500213302138442,8.60826350205228,0.0293188354579698,0.184689168306534
Tcas001247,-0.446780932659691,7.82376366181985,0.0295698463705466,0.184689168306534
Tcas001014,-0.919243223389306,4.79462057274823,0.0296752513269639,0.184689168306534
Tcas002333,0.540381631425236,9.56819862094197,0.0297020222250238,0.184689168306534
Tcas000518,-2.20127900919007,5.05391864592624,0.0297044580087857,0.184689168306534
Tcas000694,0.523193333153176,7.77428860813526,0.0303866989079069,0.188212671182435
Tcas001435,-0.385558856982391,7.88125786693316,0.030516908299828,0.188303195531893
Tcas000214,1.8086516505054,8.27902658820759,0.0306436144399424,0.188371501594966
Tcas001173,0.410939592405387,9.19252525751234,0.0309395304558835,0.188852456878284
Tcas000951,0.661344150520393,7.38551118718314,0.0309537176098845,0.188852456878284
Tcas000432,-3.53005698932772,4.52218508830356,0.0313225806456444,0.190389865193114
Tcas001293,0.466706048042222,6.61989770016909,0.0317735406302792,0.19241300255288
Tcas000842,0.375660282344964,8.69618126270272,0.0324057944548271,0.195514959877457
Tcas000226,0.350333667499269,8.93732384926004,0.0329543219278786,0.198090739559093
Tcas001251,-1.33801324284222,5.81650773004333,0.0337101160912904,0.201888893796735
Tcas001711,0.59194881961834,5.27365600207193,0.0346011454460683,0.206466175573792
Tcas001093,-0.400254407469512,7.63792374227623,0.0350194986429061,0.208199866019322
Tcas000329,-0.423056781598505,8.65386890396475,0.035266807700798,0.208907744525818
Tcas000627,0.406008492205904,8.85898560291836,0.0354116933484114,0.209005972697689
Tcas000821,-0.770601436807808,4.37529772001616,0.0356799156176613,0.20982881783816
Tcas001527,1.18074093287507,4.17484027373521,0.0358614238941467,0.210137624185486
Tcas001000,-1.51849011886492,10.6150731897981,0.0360197239269739,0.210308710670396
Tcas000251,0.753187379569806,6.00613009526299,0.0362947397035564,0.210524327217176
Tcas000804,0.789438092981783,9.01809269790804,0.0365691675156878,0.210524327217176
Tcas002328,-2.72853238301002,3.81923938301274,0.0366594107842715,0.210524327217176
Tcas000342,0.367510964483787,6.98769827265944,0.0366740373064518,0.210524327217176
Tcas002189,0.833331856774674,4.86874270448233,0.0367433266252301,0.210524327217176
Tcas001724,0.440356970541251,8.31859804556305,0.0368320646144231,0.210524327217176
Tcas001350,-0.645312794632209,4.59889017688759,0.0371484727432265,0.211590426918587
Tcas000495,0.450235775776456,6.92611625882323,0.0374425578789195,0.212435517666425
Tcas000975,0.635971199937307,8.1947442202903,0.0375576605819094,0.212435517666425
Tcas001626,-0.624509103825529,11.0306034306389,0.0378451224421523,0.213320776672201
Tcas001638,0.339239514822603,8.45386048159359,0.0380104763317997,0.213427582506498
Tcas000625,-2.75626715213046,7.9397031046571,0.0381261058989508,0.213427582506498
Tcas001503,0.396725490314513,8.8172982340206,0.0384169257360415,0.214319082274012
Tcas001187,-0.461352974080423,7.24820747609047,0.0390005879758006,0.215969111023751
Tcas001314,-1.59396300871283,8.5883946558549,0.0390433726621965,0.215969111023751
Tcas001553,-0.494826373893598,7.16654788363167,0.0391104283314958,0.215969111023751
Tcas000124,-0.460005123109459,6.75592262291461,0.0394287428664643,0.21699129097794
Tcas001197,0.468347699109924,9.94181250300915,0.039874269030901,0.218704324078578
Tcas000950,-0.65029449102335,5.85506145040479,0.0407522434190801,0.222714001316849
Tcas001307,-0.604121955784656,4.96838056662323,0.0408787516229207,0.222714001316849
Tcas001538,0.499038850013821,9.9075398186596,0.0411507050880785,0.223448328628266
Tcas000828,0.667330951936489,4.55160098028349,0.041288125605116,0.223449689736657
Tcas000899,-0.60091024140723,8.34353928145296,0.0429622964360601,0.231051134629623
Tcas000928,-0.987719001017484,8.60935856986261,0.0430775314099446,0.231051134629623
Tcas001219,-1.39382241600637,4.10102778042284,0.0431181982365901,0.231051134629623
Tcas001110,-1.26155491827517,8.65991809466793,0.043982429929563,0.234909437230355
Tcas001025,-0.915481442069217,7.55898250548699,0.0445286350257174,0.237049498225142
Tcas002236,-1.10114950519015,4.55097470343766,0.0448346584753137,0.237901168261518
Tcas001894,0.599004523009638,7.34881109519357,0.0455205302533528,0.24075631098283
Tcas001850,-0.411314618842509,6.69758420868514,0.0463966332628051,0.244595843317506
Tcas001601,-0.501044786657314,5.9739437940849,0.0467316198113763,0.245567124750749
Tcas002303,0.340355815846008,8.03526499030408,0.0480314356365629,0.251585879909843
Tcas000631,1.45390701142611,6.6916259714382,0.0483130339549275,0.252249783053131
Tcas000147,-1.27525034545956,7.91834554870276,0.0486113442973345,0.252996421279099
Tcas001681,-1.10240353512722,6.54992306863978,0.0489154341166106,0.253768287184582
Tcas000077,0.456470081594175,8.83744540894983,0.0494088521901738,0.254934231641052
Tcas000290,0.730013510875697,4.53368098408591,0.0494531720064901,0.254934231641052
Tcas000521,-0.640142093365624,4.95243173402532,0.0496227505820187,0.255001453306336
Tcas000746,0.481961215700391,5.76358752436622,0.0505515310542478,0.25895737134393
Tcas001461,0.449141182078975,9.36228902888342,0.0512270982644793,0.261595432830209
Tcas000983,-0.609348006192929,11.3792680171415,0.0515007767919272,0.262171141856404
Tcas000924,0.374824322634562,8.03177008610003,0.0516644595035553,0.262185060845145
Tcas001098,0.379825739637555,9.01819698243881,0.0519421470579432,0.262775644588166
Tcas001226,0.889631520658273,4.30159367758409,0.0521672198535595,0.262864214818846
Tcas000618,-1.85425369951285,10.6276115743227,0.052328923015282,0.262864214818846
Tcas000407,0.427576128339627,9.50551474379156,0.0525050033020083,0.262864214818846
Tcas001357,0.414203295402576,7.47527518240679,0.0526051160410951,0.262864214818846
Tcas000005,-1.03345651338904,5.7918678504553,0.0532952415839684,0.265498313578852
Tcas001968,-0.450403768773031,6.36535977961264,0.0534836386919773,0.265624534845216
Tcas000517,-0.634646340731653,9.91895047545433,0.0543584737700567,0.269148795657819
Tcas002225,-0.452016019333599,9.17313684246815,0.0552327685188236,0.272649030052011
Tcas000309,0.587765020507615,6.64072809128603,0.0559532355938667,0.274176127342402
Tcas001037,-1.12982240144343,10.0511666753536,0.0560044462266918,0.274176127342402
Tcas000546,-0.7970443698153,11.1994250267244,0.056089114114949,0.274176127342402
Tcas001663,-1.01918176256756,8.87651946713278,0.0562153631260664,0.274176127342402
Tcas000790,-0.678671446761013,5.34244333696333,0.0569605120926192,0.276981117011572
Tcas000253,0.427332089795341,8.53537990401113,0.0574380143689639,0.278471801806673
Tcas001141,-0.633753047289039,5.80438321087373,0.0581177231576395,0.280931071287225
Tcas000529,-0.406810116537943,9.32845073932961,0.0588255727790099,0.283491986028378
Tcas002342,0.336832389517214,8.38781052705199,0.0589955698364765,0.283491986028378
Tcas001828,-0.837277977853556,5.51904925284338,0.0596769763792367,0.285922925064049
Tcas000683,-0.366834597909352,7.22331890579876,0.0599949713854059,0.286603543656382
Tcas002201,0.340599282876765,7.92350789862753,0.0608044753241412,0.289621316675515
Tcas000185,0.678934774524749,11.2305006096989,0.0615122244568051,0.291684487123327
Tcas000484,-0.744066169519693,5.22370433531997,0.0615957419094073,0.291684487123327
Tcas002068,0.398530720012736,8.55287057613139,0.0620086464655267,0.292367653971073
Tcas001387,-0.387578840531912,6.91956610573121,0.0620989614941628,0.292367653971073
Tcas000933,0.419292372531365,7.09292660107315,0.0625491043987186,0.293638302782457
Tcas001406,-0.35474356264756,7.46694714965288,0.0629081093041509,0.294475028897879
Tcas000920,-0.399501136189094,7.25895711424393,0.0633212136244193,0.295434189818926
Tcas001294,0.390939950675796,6.53049168870665,0.0634757313914205,0.295434189818926
Tcas000896,0.450316856446459,12.2988785207505,0.0646407914528184,0.299721447344117
Tcas000825,0.98631902646031,8.32305979744369,0.0650179909694786,0.299721447344117
Tcas000243,0.360244996192165,9.45852511824387,0.0651148088863505,0.299721447344117
Tcas000902,-0.496821518998315,5.97829814764927,0.0652455601532232,0.299721447344117
Tcas000294,-0.378801930453209,8.18265870161322,0.0653168286109034,0.299721447344117
Tcas000406,-2.21478363705237,3.72408427439088,0.0659073928041646,0.301228407724912
Tcas001274,-1.18048741836758,5.12667062461313,0.0664825570803509,0.301228407724912
Tcas001374,-0.440133169771852,6.14161602352032,0.0665038133418284,0.301228407724912
Tcas001422,0.311863116906417,8.44062326389797,0.0665047896690682,0.301228407724912
Tcas001428,0.56589197097792,10.6346906104746,0.066569813861859,0.301228407724912
Tcas000322,0.550002467486732,11.6267495885736,0.067855126691063,0.306193909639173
Tcas000660,-1.0816935763273,4.26074689945528,0.0684286698098429,0.307929014144293
Tcas001115,0.365761120531043,8.64702156765814,0.0686581850403244,0.308110698156166
Tcas000293,0.521306089452512,10.5903031610298,0.0690780028038354,0.308147262495185
Tcas002274,-0.368733329783443,10.3938675215117,0.0690857247692558,0.308147262495185
Tcas001540,-0.424083720302879,7.6601300010554,0.0694300215920005,0.308147262495185
Tcas000193,0.42370988405425,9.42524261170726,0.0694370862925569,0.308147262495185
Tcas001598,-0.714296107957379,11.526945008556,0.0696121501523807,0.308147262495185
Tcas001925,-0.71787128154863,4.0504181870153,0.0701022839539648,0.309475936479698
Tcas002129,-0.484525200140371,7.46860352240548,0.0709064595647111,0.312180061164633
Tcas001323,0.300028122896766,8.38315985457849,0.0719482466515242,0.314497614338659
Tcas002063,0.283574221519534,7.84020986217092,0.0719897416298354,0.314497614338659
Tcas000165,-1.22638610841446,4.04459589138361,0.0720120381512091,0.314497614338659
Tcas000454,-0.357945052299535,6.13816717459601,0.0722188568958535,0.314557534447448
Tcas000890,-0.456224141654413,5.67790102224141,0.072849723788379,0.316459200136719
Tcas001728,-0.671182651253085,5.69087547813609,0.0731460323100619,0.316901294236944
Tcas000516,0.410736072651809,7.84916278569601,0.0734034135638942,0.317091571529949
Tcas001327,-0.441126110795053,8.79018409151742,0.0735968760405425,0.317091571529949
Tcas001530,0.336689789849802,7.45917537980634,0.0737739138182019,0.317091571529949
Tcas000671,-0.300322397658475,7.30428615933465,0.0741454528939253,0.317849849379485
Tcas000091,0.505523946264605,6.24960584501313,0.0744314320040903,0.318238327387567
Tcas000396,-1.05903913770281,4.42478432364947,0.0761590094782022,0.323421293585184
Tcas000673,0.360786636937746,9.10107401978046,0.0765143197358841,0.323421293585184
Tcas000522,0.417057099306311,7.18422302430245,0.0765425266800586,0.323421293585184
Tcas002323,0.615557596827184,5.77738432027004,0.0765975921734255,0.323421293585184
Tcas000881,0.416594693975449,8.25278463555088,0.0766363531761088,0.323421293585184
Tcas001705,0.600127123043158,5.07686342558242,0.0774597276099454,0.32460335247588
Tcas000952,-0.465038977326595,6.40344674441454,0.077503872461849,0.32460335247588
Tcas001651,0.869524493709314,7.92156304166998,0.0775142443911096,0.32460335247588
Tcas001147,0.482794384270146,7.38616478733073,0.0794481256515812,0.331113250803895
Tcas001537,-0.6998399578861,4.33356743079398,0.0794753106594985,0.331113250803895
Tcas000496,-0.602298577260412,6.07863773658112,0.0803124991322894,0.333255062646732
Tcas000458,0.366264941728892,9.57347882655484,0.0803985510252705,0.333255062646732
Tcas000763,-0.497777581929063,11.0185563715389,0.0815220106400938,0.336483432378976
Tcas001225,-0.341188224495975,7.85870213677749,0.0815905192079162,0.336483432378976
Tcas001345,-0.585177319114257,6.70483352964913,0.0827153610408847,0.339408219950765
Tcas000013,-2.57935820882597,9.68942271850451,0.0827279006378832,0.339408219950765
Tcas001696,-0.673340737789376,11.9242704851646,0.0829247830205061,0.339408219950765
Tcas001151,-0.375021364161094,7.51222134287512,0.0833245757998774,0.339998505945464
Tcas001437,-0.479266555146941,10.4097797224749,0.0834864348546258,0.339998505945464
Tcas001713,-1.35150950456175,8.27072366665358,0.0838952815886618,0.340477414860799
Tcas001028,0.618717851065348,10.7885143497354,0.0840220508127938,0.340477414860799
Tcas000282,0.385117824952675,8.70759581225033,0.0846931306963842,0.341937165690183
Tcas001683,-0.521714302391769,8.62231707307334,0.0849795693936522,0.341937165690183
Tcas001906,-0.488756041804223,6.28893027067429,0.0852168066036316,0.341937165690183
Tcas002091,-0.405430719363093,7.53240013250504,0.0852219086987195,0.341937165690183
Tcas000513,0.377333668064675,8.2423334880583,0.085919166653944,0.343887770219348
Tcas000002,-1.61728345765252,4.11246372731989,0.0882906649747429,0.352035447438166
Tcas000308,0.617611639023632,4.94020191241791,0.0885783415378089,0.352035447438166
Tcas001460,0.476130374555552,6.43835662667226,0.0887929206917398,0.352035447438166
Tcas000333,0.326835295401204,8.95844162968409,0.0888192565359646,0.352035447438166
Tcas000616,-0.481671008971488,11.9056209250955,0.090247169790895,0.356826795119825
Tcas001910,-0.429896399170622,10.5710340853131,0.0915091872600163,0.360409538327137
Tcas000319,-0.351670754510866,9.26679220893815,0.0916561121657914,0.360409538327137
Tcas000271,-1.05040967590119,3.34355286121833,0.0918170401508666,0.360409538327137
Tcas001402,-0.716173367353084,5.22328008334522,0.0923855904026623,0.360944858419351
Tcas000429,-0.451926198750949,9.75943919379933,0.0923965659673845,0.360944858419351
Tcas001596,0.427041060688823,9.4305297265812,0.093401629152802,0.362941793453229
Tcas002159,-0.836215439123516,3.49287841390302,0.0935727040902689,0.362941793453229
Tcas001271,-0.333908363615029,8.86020277587975,0.0935761530081989,0.362941793453229
Tcas000359,-0.385964746293067,5.9382786274073,0.0943717670046403,0.36421273317409
Tcas000556,-0.644817395207181,5.00511669186806,0.094373882850359,0.36421273317409
Tcas001617,0.35836089913655,7.7235054760949,0.0947946322289636,0.36421273317409
Tcas001444,-3.16952848658594,12.244439802127,0.094825600260993,0.36421273317409
Tcas001588,-0.355640242278634,8.25252551289117,0.0950217382437007,0.36421273317409
Tcas000014,0.335954310673471,7.42572818874018,0.0960056101638007,0.366543099094731
Tcas001128,0.833598824716716,8.22483347370205,0.0960797442071517,0.366543099094731
Tcas000217,-0.81832379493278,9.18852378129586,0.096768394376566,0.366700069862055
Tcas000332,0.738554312267115,7.23964106778326,0.0970686735580546,0.366700069862055
Tcas000229,0.381344599965718,8.11926091056133,0.0973301125761121,0.366700069862055
Tcas001411,-0.617989039393694,8.01417927634274,0.0974655182607641,0.366700069862055
Tcas001494,0.355427428513607,11.1665430135,0.0974795366992526,0.366700069862055
Tcas000089,-0.934090428442622,7.98449300145856,0.0975794625950609,0.366700069862055
Tcas001103,-2.46655560780682,7.59181222432752,0.0976966423082454,0.366700069862055
Tcas001552,-2.67242270074382,7.44193857708291,0.0979263392012103,0.366717256456946
Tcas001606,0.579851698344331,5.08579011091303,0.0985464793786134,0.36761860392737
Tcas000913,0.392063653650337,11.9119762036095,0.0992411936790652,0.36761860392737
Tcas001646,-0.507983739625768,6.67931086129641,0.0995157464972674,0.36761860392737
Tcas001612,-0.355589120366994,8.40372091510282,0.0997339187463775,0.36761860392737
Tcas000467,0.272261306613395,8.98817094812766,0.0999459101040874,0.36761860392737
Tcas000538,-0.452339836705631,5.05684836981002,0.100173005868756,0.36761860392737
Tcas001338,-0.335785903559176,8.95396231472904,0.100303220178743,0.36761860392737
Tcas001595,-0.463417928001282,6.20683006127821,0.100440971631333,0.36761860392737
Tcas000212,-0.59764795657012,4.3058366427569,0.100487777194443,0.36761860392737
Tcas000555,-0.288273171508069,8.47631493910508,0.100674701161364,0.36761860392737
Tcas001015,-0.422455072483129,6.62332887794819,0.100905430163244,0.36761860392737
Tcas000774,-0.599805546848045,11.835096350052,0.101029188829482,0.36761860392737
Tcas000714,0.433193593640395,9.78288854923723,0.10110075786339,0.36761860392737
Tcas000860,-0.383905712220383,6.39194532920711,0.102659974284515,0.37186399371774
Tcas000241,-2.14433722147901,8.64673626326149,0.102724860143022,0.37186399371774
Tcas002050,0.379166217013565,11.8257627212712,0.104014616123052,0.374962263781444
Tcas001554,-1.34156827305242,9.12449705495234,0.104041094677233,0.374962263781444
Tcas002260,0.259134288634698,8.42657345531356,0.104487103065138,0.375738390492516
Tcas002217,0.35098758934636,9.94990206956576,0.105228290821906,0.37757023292706
Tcas000261,0.327139751145116,6.79551671109746,0.105653937509915,0.378264316931104
Tcas000584,-0.261500139358881,8.719215048008,0.106163096074377,0.379253691897282
Tcas001613,0.391796697811207,8.74868494669856,0.106672712849035,0.380240370308705
Tcas001496,-0.385799601099352,9.2424326723882,0.106983017299849,0.380513832273918
Tcas000706,0.465350089312227,9.59279528912352,0.107419848180995,0.381235147465885
Tcas000392,-0.490235354515586,10.5934014367867,0.108360859447994,0.383738782697353
Tcas000117,0.451766501996802,6.33564609320027,0.108616936728353,0.383811257983702
Tcas000067,0.300787138509377,7.57481229251107,0.109398349983599,0.385735740526586
Tcas002288,0.385332992680672,9.68905732990882,0.110311020931389,0.387038381461635
Tcas000527,0.328139938581679,10.0887150590478,0.110334556426139,0.387038381461635
Tcas000179,-1.06903657782296,3.63873603266671,0.110480569293837,0.387038381461635
Tcas001073,0.274057401460523,8.44744119235651,0.111118250880618,0.388436975717869
Tcas000628,-0.538862213241888,8.94580943120459,0.111393559106963,0.388565541296023
Tcas000693,-0.319947624853923,8.88860282485157,0.111955514856451,0.389691311327263
Tcas000457,-1.08944624415278,5.37360560019887,0.112490736482488,0.390719423731286
Tcas000638,-0.323910088214984,7.19491459196859,0.113064568796972,0.39187698419206
Tcas001244,-0.507848114037537,8.34878811505143,0.113584212938987,0.39272061979141
Tcas000552,0.401721312261985,6.65922909665574,0.113942617736905,0.39272061979141
Tcas000277,0.257220404516082,7.74022451100563,0.114031217410274,0.39272061979141
Tcas001731,0.25576832916077,7.52841183701747,0.115064520507416,0.394979029284292
Tcas000145,0.356543977490884,8.74427993504805,0.115171908477617,0.394979029284292
Tcas000502,-0.293908501185514,8.45606425020756,0.115941747622963,0.396783837978584
Tcas001449,0.530084089959106,9.20035376626814,0.118517338675547,0.404747892457999
Tcas001487,-0.787545749100178,3.94843046298479,0.119463337281769,0.407125055297074
Tcas000757,-0.637427597243186,5.63395003249456,0.120011068216943,0.408137849948642
Tcas000996,-1.00642387658444,7.03900552773675,0.12044531032642,0.40819330558847
Tcas000443,0.368042440170084,7.68182624708224,0.120735077555399,0.40819330558847
Tcas000156,-0.913653447142658,3.46613443533274,0.120975813930834,0.40819330558847
Tcas000246,0.367843783203645,8.33642055862123,0.121245720241321,0.40819330558847
Tcas001481,-0.748408892194084,8.54169602251154,0.12153082348942,0.40819330558847
Tcas001386,-0.513017027785962,8.71868534020692,0.121530849116273,0.40819330558847
Tcas000239,-0.329162385156121,7.62734004109671,0.122352251738208,0.409608341383732
Tcas001276,0.760104728226752,6.31353695659107,0.122926236787257,0.409608341383732
Tcas002292,0.320528770668504,10.0911551637472,0.123094236507367,0.409608341383732
Tcas001956,-0.575190842906128,5.32460027212308,0.123202272641547,0.409608341383732
Tcas000356,-0.967203836060755,9.51120992374233,0.123209384455512,0.409608341383732
Tcas000733,-0.332327497552787,6.48490890353045,0.124128231585101,0.411315642347233
Tcas000228,0.415859805233144,9.11492341030337,0.124227928812056,0.411315642347233
Tcas000345,-0.720641266607747,3.91496452502111,0.125468286758465,0.414579795394603
Tcas000734,0.381098787943335,6.69356565043916,0.125779662113778,0.414767347334704
Tcas000925,-0.616289901825494,7.53218950021165,0.126235278191483,0.41542882459379
Tcas001084,-0.500112525686204,5.46729006936801,0.126703819544777,0.416130084754923
Tcas000974,-0.638302519296743,9.06230842932425,0.127966660902548,0.419431973058853
Tcas000474,0.297860889600885,9.55890031096235,0.128548551756818,0.420493154240676
Tcas000754,-0.387667065963485,11.8881870056562,0.129013815818652,0.421169350638446
Tcas001472,-0.925796628271121,7.2514562800966,0.130149489046047,0.424027035312023
Tcas000803,-0.327146788757066,8.16540442702627,0.131008175189825,0.425972689389669
Tcas001275,0.324332802187942,9.51949896862273,0.131538091016165,0.426843725628154
Tcas001413,0.536767699488983,5.10479266365883,0.13181481818718,0.426891329675777
Tcas000348,-0.480298135819608,8.75622903667925,0.132675317268225,0.428114030704061
Tcas001628,0.264498331413043,7.91690809869862,0.132747506652589,0.428114030704061
Tcas001405,0.333512635195473,9.78450433624241,0.133029636440423,0.428114030704061
Tcas002182,-0.609976314172925,8.26321073716996,0.133429789699039,0.428114030704061
Tcas001163,0.669545230879168,4.79969070857012,0.133880231517945,0.428114030704061
Tcas000168,-3.20923326966022,10.7462435121402,0.133971728038322,0.428114030704061
Tcas001360,-0.391190972532563,5.1769522870764,0.134032016979172,0.428114030704061
Tcas000127,-2.17403325967283,3.95338874860362,0.134661979776125,0.428517269227816
Tcas001145,-1.01003865041084,4.47509247470505,0.134887645273887,0.428517269227816
Tcas000035,0.521078738292909,4.38711020838088,0.135043710886901,0.428517269227816
Tcas000137,-0.25879639849816,8.89254802107535,0.135210482739777,0.428517269227816
Tcas000023,-0.619928706568493,5.83732607941543,0.136478720110839,0.431005758730651
Tcas001769,-1.89383525726845,10.0523913758094,0.136524844386136,0.431005758730651
Tcas000867,-0.308482579065607,8.77606508639058,0.137519159313453,0.433305049364826
Tcas001371,0.362209701981627,9.50879494245626,0.137876531615077,0.433537901952277
Tcas001674,-0.349654930340573,9.50261877514248,0.138307072748347,0.433537901952277
Tcas001708,0.267882899632928,8.32302919592559,0.138391472691948,0.433537901952277
Tcas000030,-0.359901500788812,5.67809210671831,0.13980042826365,0.437111127910721
Tcas000547,-0.897061438358418,5.05211696106248,0.140344993099058,0.437973168119474
Tcas001351,-0.310254745405043,10.1649590371935,0.141335243998138,0.438175148603315
Tcas000670,0.330727302539423,6.72746567882533,0.141474252103498,0.438175148603315
Tcas000382,-0.992888660276306,3.86791928973776,0.141490660443126,0.438175148603315
Tcas001911,-0.412762333625451,7.69780972354491,0.141776324131494,0.438175148603315
Tcas000722,-2.50277145032563,5.9699561817577,0.141855849717786,0.438175148603315
Tcas000007,-0.520514958850381,4.80923244125393,0.142097053120863,0.438175148603315
Tcas000946,1.16881598748181,6.4819684812093,0.142644628206037,0.438175148603315
Tcas000188,0.453117757194704,7.82398673867707,0.143126625166991,0.438175148603315
Tcas000560,0.303241135911974,7.69989723339924,0.143496265735678,0.438175148603315
Tcas001778,-1.47398094574155,5.41325541109376,0.143671222236914,0.438175148603315
Tcas001590,0.571531392660252,8.92899903179293,0.143817692953326,0.438175148603315
Tcas001034,-0.358747352343416,6.80390564093502,0.143897576449211,0.438175148603315
Tcas001436,-0.322355007773039,7.54944496395293,0.143906509823679,0.438175148603315
Tcas000388,0.400718509828265,10.9739495713136,0.144288641580452,0.438519024504771
Tcas002391,-0.5667610995502,10.6260771967064,0.144956545645192,0.439017634620842
Tcas001074,-0.268998378799392,7.40222975419802,0.144991704988344,0.439017634620842
Tcas000292,-2.02799876650104,4.63669398320893,0.145708633319319,0.440369876952079
Tcas001439,-0.242535158831069,7.49372769948541,0.146793147242988,0.442825994183013
Tcas000227,0.290110137431261,9.60356775284813,0.147765457302202,0.44470296702266
Tcas000970,-0.53884653845654,4.6199215208771,0.14796133095536,0.44470296702266
Tcas001734,0.490031783329412,5.12033549077279,0.148263521647124,0.444790564941372
Tcas000799,-1.61688820012422,7.49320335263857,0.149820772725847,0.44863610068089
Tcas001579,0.299271156897923,7.23104464472454,0.150472655371265,0.449761386421634
Tcas001654,0.775937466990131,3.90837086647453,0.151393503726159,0.451561168633839
Tcas000478,-0.600573032877594,3.99204577989646,0.15162919536078,0.451561168633839
Tcas000163,1.53050776610273,5.64922178540469,0.153546234606493,0.455812880462755
Tcas000218,-2.49184380533649,10.1152637653437,0.153616495625569,0.455812880462755
Tcas001232,0.566220274093571,8.55201066749433,0.154676924160304,0.4581249262857
Tcas000210,-0.28280564823864,7.62869591638378,0.156945764841591,0.46400118135563
Tcas000791,-0.712000699320457,4.99175698460646,0.158077847544567,0.466501474003805
Tcas000959,-0.412280495758539,5.80331751217071,0.158435359125392,0.466542781015333
Tcas000699,0.305147020228526,8.99901503507784,0.158664641302943,0.466542781015333
Tcas001282,-0.336966145152825,6.78548308536002,0.159162326177895,0.467162935754579
Tcas000192,0.226728578329649,8.44790435057787,0.159871865415622,0.468401562521669
Tcas001482,-1.99318955510484,8.78820782657026,0.161404173579666,0.471203245146931
Tcas000097,-0.370711578546163,8.64858574835383,0.16140663645917,0.471203245146931
Tcas001957,-1.99077163432948,5.369249377286,0.161885992005581,0.471481634447406
Tcas001146,1.00851267822116,8.11355075622521,0.16208085653195,0.471481634447406
Tcas000979,0.294909055106041,8.36756679264035,0.162400797637379,0.47157023057271
Tcas000993,0.305202177857158,7.54873873895463,0.16422259672542,0.475933080098281
Tcas000506,-0.484025803213012,7.22564584781662,0.164487614545938,0.475933080098281
Tcas000770,0.275051791244097,8.72582358171037,0.164809102939079,0.476017781361276
Tcas002251,-0.438984180735461,6.08360318303088,0.167980673305257,0.48423051374944
Tcas001603,-0.515483678512633,4.77389911657015,0.168550190835529,0.48423051374944
Tcas000721,-0.350218463582538,5.95608900876583,0.168770318079508,0.48423051374944
Tcas000954,-0.484043655328838,5.19292804777828,0.168841578765919,0.48423051374944
Tcas001171,-1.23645031961787,13.0380010911256,0.169311476561311,0.484724772088533
Tcas000794,-0.943649958951862,9.7287163399225,0.170345761611475,0.485753492638414
Tcas002237,0.243518398040761,8.63534427543431,0.170463079215066,0.485753492638414
Tcas000619,-0.257187017763024,9.58050876652314,0.17056537617506,0.485753492638414
Tcas002223,-0.605579702778504,9.53053968579792,0.171242816297209,0.486831671462746
Tcas000504,-0.635323173184356,3.91349823620367,0.171885938848703,0.487808701018358
Tcas001735,-0.551461131779199,4.37481007339997,0.17359813619621,0.490653863391347
Tcas000739,0.300179182724052,7.50233338801567,0.173704108134481,0.490653863391347
Tcas000523,0.222590278378259,7.49321182303523,0.1737920682485,0.490653863391347
Tcas001637,-0.336282879113438,7.46024062575272,0.175056000172483,0.493367170036289
Tcas002142,-0.330163927061029,9.37793973278615,0.175737984796912,0.493746614436649
Tcas000922,0.310207628653141,6.7630864134375,0.175796830186161,0.493746614436649
Tcas000408,0.289942810680145,6.80087271222117,0.176361196672356,0.49447915555812
Tcas002293,0.299779418083339,7.99328132733057,0.176674170654341,0.494505539511892
Tcas002016,-0.295658739728668,9.99463949413083,0.177016598033029,0.494614130696063
Tcas001571,0.472036307586723,6.14745675840406,0.177671127222613,0.495052888638389
Tcas000505,-2.76888820425168,12.866467305724,0.177950504821709,0.495052888638389
Tcas001468,-0.401160495218379,8.89885673499096,0.17808532396691,0.495052888638389
Tcas001059,0.251622518335553,9.35109703796637,0.178592364058007,0.495616628706121
Tcas001081,-1.18838109506281,10.3101130665471,0.179013201001921,0.495939633387975
Tcas000793,-1.73986624091954,9.11887894807719,0.179679885334636,0.496941482529918
Tcas000810,-0.249753287097051,9.24711614041465,0.180227457423606,0.497611064649244
Tcas001610,-1.32401519246187,6.29928659931427,0.180583510193563,0.497750487487841
Tcas001591,-0.255412238157201,8.57033226760557,0.18103083866054,0.498140601652061
Tcas000668,-0.654198570934415,3.86810562390743,0.181441447052224,0.498428528242956
Tcas000989,-1.14809876563141,6.93616863810693,0.181979549768085,0.498926346731723
Tcas000287,-0.480421300965605,5.88095716500089,0.182459748637733,0.498926346731723
Tcas000765,-0.419617256869735,9.72325114041426,0.182541499479501,0.498926346731723
Tcas000164,0.277328339551461,8.03261888893299,0.182946218089916,0.499194956898614
Tcas002316,-0.469730971221512,7.34122806462562,0.183914508326229,0.50099788304921
Tcas001748,0.384770982141654,8.29757276853076,0.184329495470692,0.501290063642334
Tcas001488,-0.597321354389051,6.34676140010056,0.185729459034412,0.504255481278427
Tcas001157,0.567906551898047,4.42654885397065,0.187153267757767,0.505830861500419
Tcas001539,0.328241777361488,10.2238850260981,0.187372009679601,0.505830861500419
Tcas000910,-0.318824117421655,8.69483042375928,0.187486275265033,0.505830861500419
Tcas001097,0.908120351248968,4.8488997623419,0.187551774307092,0.505830861500419
Tcas000921,-0.437037993201489,4.58699526442865,0.189212959085126,0.5092586059282
Tcas000684,0.266129781073888,6.87134058631214,0.189447952849901,0.5092586059282
Tcas001133,-1.05313001941432,10.299039778095,0.190090811644104,0.510089724155628
Tcas000369,0.316358022754373,9.3910960521252,0.190416813219429,0.510089724155628
Tcas001432,0.392746037468319,7.63195304178981,0.190945675544797,0.510089724155628
Tcas000296,-0.680439795670765,4.7934881431114,0.191292083100229,0.510089724155628
Tcas001782,0.308192450798384,7.73980100226739,0.191322787881577,0.510089724155628
Tcas000980,-0.504260440577069,5.9496793369738,0.192410734917061,0.511423382416135
Tcas000838,-0.350217136181546,10.4271684325428,0.192450910632959,0.511423382416135
Tcas000129,-0.257732812937918,8.6074757930726,0.194024782188342,0.514766075219558
Tcas000395,-0.608020701132596,7.91794878963381,0.197611127003401,0.522508983230478
Tcas001366,0.267274265066022,9.44790764263232,0.19782166678364,0.522508983230478
Tcas001477,-0.310057897139711,7.70287046254199,0.197905489658198,0.522508983230478
Tcas000441,0.230896815287562,7.59380692415757,0.19914287557108,0.524925152597554
Tcas001262,-0.367625836672718,9.67794630732685,0.199690925792584,0.525519415373374
Tcas002240,-0.465028977979759,5.62700670842573,0.200535567457396,0.526343692976466
Tcas001452,-0.433011235471609,9.52171592963609,0.200650358096001,0.526343692976466
Tcas000184,-0.344050815142028,10.6914392538343,0.201565743145949,0.527894848206995
Tcas001066,-0.280374378475748,9.42026499699717,0.202318511938425,0.528518749548074
Tcas001236,0.245431769569609,6.39330363939125,0.202672034330684,0.528518749548074
Tcas001862,-0.307361892353082,10.4487996622368,0.202851220054472,0.528518749548074
Tcas000425,-0.338824499383119,12.0375303327819,0.203668019859509,0.528518749548074
Tcas000535,-0.800444215700595,5.91867485080937,0.203720654469933,0.528518749548074
Tcas000886,-0.571017655905097,4.90352273087387,0.203750629046158,0.528518749548074
Tcas001026,0.233152103918297,8.66615928991648,0.205644765856215,0.532583980254013
Tcas001134,-0.579007738197205,8.32203518905067,0.206442810740223,0.533802124914005
Tcas000485,-0.349202072568756,5.67381371267267,0.208682088289522,0.538737118579447
Tcas000146,0.223214660149182,6.94554824692678,0.209105181172305,0.538975221724185
Tcas000845,-0.314150948229158,8.59158524822421,0.20948239657531,0.539094508722244
Tcas001507,-0.407355930099619,5.96723631967248,0.212850552527847,0.54689834395562
Tcas001580,0.260291705549521,7.93652463183925,0.214632810330568,0.550609209493694
Tcas000132,-0.297410804976064,7.38718251061687,0.215456084932578,0.551852142067877
Tcas001322,0.493458937440248,11.1851348693796,0.216262660154164,0.55304846686206
Tcas000307,-2.8504592113139,11.027839667589,0.218349479499198,0.555980758233623
Tcas000929,0.352722299291075,9.16678691067845,0.218391345413435,0.555980758233623
Tcas000325,-0.246590764721111,9.11625556639611,0.218433201515972,0.555980758233623
Tcas000273,0.290042340650574,8.01432966073625,0.219724649384617,0.558395403818316
Tcas000566,-0.312802767222888,5.87955415849642,0.22134709231492,0.561642388443932
Tcas000181,-1.15503000841305,8.59792760546037,0.221737882175837,0.561758958109545
Tcas001641,0.327094565228466,10.1733764669974,0.223253063671189,0.563944841360019
Tcas000960,0.250740994667578,8.35814586191326,0.223293077149915,0.563944841360019
Tcas000776,-1.87294251049143,3.93092919596546,0.223765567401274,0.564263327084636
Tcas000621,0.233411522992274,7.46621383574396,0.224356021373509,0.564877834339175
Tcas001820,0.319758236049314,11.7600903131701,0.225483205511997,0.566839724967659
Tcas001395,-0.504681749155227,4.7507321978197,0.22601326065767,0.567296766735507
Tcas002149,-0.483497863680935,6.57532296735809,0.226463068717365,0.567551290677827
Tcas000759,-0.274705625288728,6.82282501603718,0.229673133712029,0.573703149217107
Tcas002370,0.281077139611293,7.87845170178351,0.229687305561937,0.573703149217107
Tcas000805,0.316948499662305,10.7701261271704,0.230018092089167,0.573703149217107
Tcas001131,0.26237273063098,10.4467744070817,0.230326494529152,0.573703149217107
Tcas000232,-0.369587542621787,5.68312793169004,0.231501431435368,0.575635582939807
Tcas001768,-0.220874428235406,7.26917434025149,0.231809049974533,0.575635582939807
Tcas000835,-0.205694399479207,7.62894677654409,0.234366552006815,0.581100628948405
Tcas000599,-0.312398438550765,5.66045988587496,0.235123204314541,0.582090729222474
Tcas000141,-0.350144910271658,7.27812353950591,0.235528362330685,0.582208956353089
Tcas002300,-0.539831397361013,8.31685646205694,0.23643289931724,0.583555188779946
Tcas000483,-0.294085738492372,7.07903613015463,0.23678942896473,0.583555188779946
Tcas002363,-0.437472198847049,8.32587364707995,0.237441488716525,0.583593844081724
Tcas000403,-1.69855926853395,4.32099630404704,0.237521619782801,0.583593844081724
Tcas000636,0.270342638623476,6.1964333208026,0.239649271136204,0.585189276506266
Tcas000882,0.27992997507309,8.20343928972466,0.239778059236677,0.585189276506266
Tcas000059,-0.225660230681,8.48219354624206,0.239804240824801,0.585189276506266
Tcas001788,0.280320391069302,7.70312487084696,0.240109117135619,0.585189276506266
Tcas000620,-1.70762545141906,7.88763893092033,0.240164374681959,0.585189276506266
Tcas000087,-0.220713400815851,7.88553064680396,0.240442100297113,0.585189276506266
Tcas001308,-0.849215003437457,4.10237885487304,0.24068558333898,0.585189276506266
Tcas001656,-0.701858533855974,4.62690526490838,0.241305506189327,0.585822160331466
Tcas001160,-0.515249263348239,4.75574512268341,0.242448395857058,0.586663834718528
Tcas000366,-0.584234272389908,5.37485722611152,0.243205347338804,0.586663834718528
Tcas000199,-1.06375125056773,6.46533877487534,0.24386287991309,0.586663834718528
Tcas001813,0.243150409823073,8.63172150945519,0.243890366413916,0.586663834718528
Tcas001311,0.317963818845477,6.37898976089563,0.244189825379583,0.586663834718528
Tcas001528,-0.432149029212076,6.47817315846469,0.244258810010399,0.586663834718528
Tcas000780,-0.375757171197846,7.63080871563295,0.2443196361815,0.586663834718528
Tcas000470,0.685199742093118,3.8398265627278,0.244655356871654,0.586663834718528
Tcas000914,-0.212672145156343,7.15609760788062,0.244893436223818,0.586663834718528
Tcas001067,0.368769247322022,14.4040150915449,0.246241914297024,0.589028015256757
Tcas000390,0.196756783634837,7.45407195882107,0.247338643433612,0.590783944506385
Tcas001434,0.263920551251382,9.72867100754297,0.251366760508528,0.598822853982575
Tcas002136,-0.34315394190659,6.09086753314256,0.251514207146363,0.598822853982575
Tcas001630,-0.606171248291323,8.11588409450668,0.251807031907958,0.598822853982575
Tcas001466,0.664331186292273,10.2074174228293,0.252224141901389,0.598940418596738
Tcas001987,-0.363786047785665,5.13624128247191,0.25523879079831,0.604684642805632
Tcas001585,-0.237765904625266,7.88899118172712,0.255457656668265,0.604684642805632
Tcas000066,-0.241895878733957,7.38733401560952,0.255929601320148,0.604684642805632
Tcas000626,-0.450558279263661,6.1147673481082,0.25612793341675,0.604684642805632
Tcas001618,-0.342038244611852,5.57223655912794,0.25786248939242,0.607353011404302
Tcas000317,0.390196532080117,8.43271219441114,0.258003857514903,0.607353011404302
Tcas000404,-0.221455834073212,8.09837301572219,0.259711437448238,0.610490521793911
Tcas001365,-0.526690286861971,5.22553653129014,0.260377272519664,0.611173741980595
Tcas001557,0.409284557441598,4.97367431150363,0.26141043996863,0.611400901711917
Tcas001330,-0.225784505350832,8.02465733233132,0.261567587729712,0.611400901711917
Tcas001199,-0.295373508851223,5.50879584965775,0.261824863771634,0.611400901711917
Tcas001589,0.441134167627841,7.32917319713617,0.261975340328372,0.611400901711917
Tcas000691,0.253413341097689,10.286385758145,0.26254516713679,0.611854187790887
Tcas001604,-0.648189896275246,10.9023633980344,0.263653514145627,0.612765501626633
Tcas000679,0.236105883325727,10.1256783604381,0.263700988464754,0.612765501626633
Tcas001645,-0.262259163410693,7.95077491956499,0.264064691308715,0.612765501626633
Tcas001450,0.249494110828649,10.7291624405727,0.265984079648136,0.616341487548809
Tcas002220,0.20283093412809,8.78272491984707,0.266391483604331,0.616408702828771
Tcas001142,0.380827684132664,8.80655181912282,0.266899768497121,0.616708826782709
Tcas000685,0.636699444899914,7.05228025577863,0.269212304928117,0.621171168169834
Tcas000373,-0.2205728915266,9.65256567324995,0.272047915779558,0.626826102977228
Tcas001329,0.238954263672678,7.21465732935902,0.273820779262992,0.630019843812732
Tcas000985,0.238530093746,7.66926412992308,0.274592745681738,0.630590532703188
Tcas002161,-0.296030228606543,13.8167386463736,0.27484301916468,0.630590532703188
Tcas000313,0.241873953451031,6.83386428706342,0.277872782674982,0.636645236255339
Tcas001189,0.320014007032735,7.55358458881185,0.27835289259297,0.636849525328579
Tcas000197,-0.467925401562054,4.88947326989757,0.279170483117909,0.637824287516233
Tcas001077,-0.556534179594777,9.32607586359244,0.280049650400525,0.638242856534795
Tcas001321,0.207654837132089,9.82543517431082,0.280327705042705,0.638242856534795
Tcas000752,-1.05476292171835,10.1224831717853,0.280529088569008,0.638242856534795
Tcas000750,0.218746971943023,6.74544512227254,0.281292755626781,0.638815678008703
Tcas001534,-0.391113272875411,8.09490916047156,0.281911159902959,0.638815678008703
Tcas000940,-0.60289653815887,7.21554059621968,0.282814754238414,0.638815678008703
Tcas001409,-0.181899378892871,7.05499125394537,0.28299913117549,0.638815678008703
Tcas000844,0.304516338113633,7.60043659184495,0.283052885081232,0.638815678008703
Tcas001658,0.370846191526406,6.09838132546009,0.283386029255261,0.638815678008703
Tcas001064,-0.210729188043309,8.06583616783264,0.283853610724346,0.638815678008703
Tcas000762,-0.399723669210535,10.5701733460217,0.28503401877242,0.638815678008703
Tcas002107,-0.579043540710943,3.66731997795902,0.285254985562993,0.638815678008703
Tcas001691,0.22977232831146,9.23915507901222,0.285780627675917,0.638815678008703
Tcas001144,-0.812372678935586,10.9812813866093,0.286093831778275,0.638815678008703
Tcas001427,-0.264227200076822,8.21818956310225,0.286312503484739,0.638815678008703
Tcas002055,-0.238971982500244,8.42766473493259,0.287837403584198,0.638815678008703
Tcas000530,-1.14732239448247,6.12155439813566,0.288352763341746,0.638815678008703
Tcas002141,0.201740908843008,8.25638423833279,0.28835939315329,0.638815678008703
Tcas000240,0.207051456998573,7.50489871280827,0.288652509751998,0.638815678008703
Tcas000511,0.243018413081541,9.84990028985943,0.288672905183961,0.638815678008703
Tcas000344,-0.24860233120777,6.3624673658911,0.288809832629976,0.638815678008703
Tcas000265,0.208976266961057,9.66413099248502,0.289077066980874,0.638815678008703
Tcas002103,-0.262427389111642,6.88529924857174,0.289143150356698,0.638815678008703
Tcas000267,-0.200867004048465,8.63244711000146,0.289351593209923,0.638815678008703
Tcas001633,-0.25641792978934,6.51382126107249,0.28940820771665,0.638815678008703
Tcas000233,-0.353596047328114,4.37735416275387,0.290900379057839,0.641240483741839
Tcas001709,-0.317698223821851,5.44538176931311,0.292297018567995,0.643448436820627
Tcas000749,0.181761747985112,8.90809298393666,0.293143365036988,0.644440676984147
Tcas001123,-0.214942986522889,6.67215861452285,0.294249088216893,0.645999682891265
Tcas000853,0.251653212095986,10.2762952487192,0.295445252090746,0.647752780155888
Tcas000104,-0.200311124113392,8.81313813935689,0.296041963988103,0.647755425527175
Tcas002166,-0.175945098047653,8.10410774243,0.296296800256618,0.647755425527175
Tcas000088,0.72092392034568,10.001809719809,0.296967955619064,0.647755425527175
Tcas001300,0.218543217603808,8.44306346190032,0.297503410532995,0.647755425527175
Tcas001111,0.195678126468315,6.84570553608142,0.297712308555363,0.647755425527175
Tcas000553,0.356285283508737,4.57781209049187,0.297832298170567,0.647755425527175
Tcas001454,0.267958291503184,9.33922595644006,0.29890997390044,0.648105520651762
Tcas001153,0.405226544701635,10.8950330044784,0.299254528698936,0.648105520651762
Tcas001207,0.185331745620225,9.12029896499655,0.299257163320302,0.648105520651762
Tcas001296,-0.239552737801349,9.41842688970616,0.29994264529431,0.648105520651762
Tcas002187,-0.187491887163633,7.66166295625674,0.299982543014996,0.648105520651762
Tcas000086,0.978858100620807,4.08271159195748,0.300788013158249,0.648150213518296
Tcas001649,-0.405924381328287,5.00282898449472,0.300798994118988,0.648150213518296
Tcas000570,-0.169650068069491,7.85362864563187,0.301226247890894,0.648213418512902
Tcas001200,-0.23545069292026,9.42450237808768,0.304709573243089,0.653876804220601
Tcas001118,-0.533007679148239,3.54432000039109,0.304753986938467,0.653876804220601
Tcas001950,-0.294594688114189,4.81938374441825,0.305062229102306,0.653876804220601
Tcas001021,-0.213422466556337,6.74665669404596,0.306349911390976,0.654679979553012
Tcas000891,-1.37420191423087,3.34559784787748,0.306466789176,0.654679979553012
Tcas000339,0.23635117634742,6.11252954887308,0.306994291794202,0.654679979553012
Tcas000663,-0.901974209358384,6.6305395060393,0.307044508519644,0.654679979553012
Tcas001662,0.337668247063629,5.26991292773927,0.307526602601902,0.654850765540521
Tcas000346,-0.179801154379143,7.92682519094056,0.308283253416698,0.655604986704702
Tcas000912,0.295374513686862,11.1596481731797,0.308904563690482,0.656069796938456
Tcas001750,-0.623433787850504,4.08152170303419,0.309621735244545,0.656736727491358
Tcas000153,0.246152749808736,12.2332363107622,0.311888700984286,0.659874389393845
Tcas000520,0.378504786804558,4.674695217144,0.312064648022773,0.659874389393845
Tcas002019,-0.302614799112877,7.8041410687672,0.312316239547363,0.659874389393845
Tcas001486,0.169717435632968,8.44907018516613,0.312739456897272,0.659912662287119
Tcas000295,-0.251699049017604,6.63648770262292,0.31367397674424,0.661028341677059
Tcas001198,0.273469695118792,6.17260165753401,0.31546366844014,0.66352890572532
Tcas000446,0.198601387153982,9.20202708388912,0.31567520069805,0.66352890572532
Tcas000764,0.320585682420748,6.97529825796606,0.317149146107839,0.665470937197798
Tcas001354,-0.328560341766419,6.85391218209167,0.317713165779841,0.665470937197798
Tcas002310,0.220850315090795,10.7015459223703,0.317824671049654,0.665470937197798
Tcas000558,-0.526972817484526,3.96362376601233,0.320202848558445,0.669320644636257
Tcas001038,-0.346131968439231,5.64752036892725,0.320485023214414,0.669320644636257
Tcas000798,-0.331695019907579,7.89197304987269,0.322019820281128,0.670644047581555
Tcas000639,-0.21335813274164,7.8187817271829,0.322188627113387,0.670644047581555
Tcas000576,-0.253508555514286,6.23342336896053,0.322801880007646,0.670644047581555
Tcas000525,-0.615046683700289,10.5708629737305,0.322874509207619,0.670644047581555
Tcas001774,-0.323534628493527,5.22092311777331,0.323785644603707,0.670644047581555
Tcas000743,-0.746404053185614,3.81685285423229,0.324307130046205,0.670644047581555
Tcas001693,-0.836678192461383,3.94665436339323,0.324400332714753,0.670644047581555
Tcas001184,0.237364742700455,6.9317133008651,0.324729253391675,0.670644047581555
Tcas001942,0.511584520907561,8.34744884545411,0.324823912548709,0.670644047581555
Tcas001292,0.26851511640029,8.98207270525863,0.326084369015211,0.671635983322343
Tcas002102,0.168081487120545,8.18263709090308,0.326128951999984,0.671635983322343
Tcas001295,0.172596961995568,7.97201488529012,0.327007206180802,0.67259436725824
Tcas000191,0.186574468636126,8.75965866606322,0.328818022611765,0.674644047669672
Tcas000608,-0.290122075686529,9.48162587486729,0.329198383549305,0.674644047669672
Tcas000450,-0.255261464509628,5.83613130644632,0.329246174277096,0.674644047669672
Tcas000182,-0.508351806526604,4.39059948140216,0.331108880908977,0.676845325302075
Tcas001433,-0.457742019805408,4.35053807571087,0.331151457498928,0.676845325302075
Tcas001727,0.296328244465254,7.46063952600282,0.332516534114582,0.678783751970745
Tcas000868,-0.215482925700866,6.78975604188035,0.333650646030135,0.678905572441014
Tcas001036,-1.84725919099001,9.22514099082015,0.333766053156361,0.678905572441014
Tcas001471,-0.321661990604472,5.3429855834948,0.333964479793183,0.678905572441014
Tcas002343,-0.248028232254479,8.10050659664268,0.334243259114606,0.678905572441014
Tcas000412,-0.772016945308784,4.7703184689105,0.335789704832028,0.679046237049115
Tcas002226,0.274961821003104,7.00974441668724,0.336117821905627,0.679046237049115
Tcas001453,-0.25214042907995,6.87972941406465,0.336175044037994,0.679046237049115
Tcas000498,0.264081528008335,6.20182620507611,0.336306199197249,0.679046237049115
Tcas000740,0.508184443750412,8.07433990242593,0.336396754633908,0.679046237049115
Tcas001642,-0.259897505367701,8.16779220208128,0.337445264122478,0.680319721850887
Tcas000758,0.231948311102715,7.83359103015741,0.339470503151298,0.681875239985857
Tcas000297,0.17727770235155,8.15813703972985,0.339505978240926,0.681875239985857
Tcas000889,1.60839370205014,11.2888609029429,0.340403719388155,0.681875239985857
Tcas000473,-0.232916000000333,6.89048111573433,0.340570611460245,0.681875239985857
Tcas001935,-0.197904264079714,6.74316305992098,0.340626762246926,0.681875239985857
Tcas000707,-0.401612107660915,11.2703325558311,0.341132597695419,0.681875239985857
Tcas001348,-0.245101527811988,5.91221562245924,0.341429933712424,0.681875239985857
Tcas001510,-1.06097615911019,11.2735173618465,0.341565497746138,0.681875239985857
Tcas000248,-0.22552331734256,10.7404834688723,0.342633596147404,0.683170291461592
Tcas000427,0.157992960983242,8.67954321270857,0.344941096990119,0.685349746343204
Tcas000383,0.78937446525372,8.85337024046218,0.345602895475369,0.685349746343204
Tcas001766,-0.698421253584303,9.02301220675009,0.346172063825164,0.685349746343204
Tcas000135,0.181461901646776,7.18121343692915,0.346213604205743,0.685349746343204
Tcas000808,0.404591950446684,4.64545312922098,0.346497670319117,0.685349746343204
Tcas001349,0.205098365757949,8.82017359274521,0.346692399326721,0.685349746343204
Tcas000375,-0.180081869118151,8.77336989708529,0.346794907482216,0.685349746343204
Tcas001301,0.246752129087993,5.98372984615234,0.347092412973078,0.685349746343204
Tcas001179,0.221237278699829,6.64736188276612,0.347671307523239,0.685661694861206
Tcas001846,-0.192365264565295,8.75599855558178,0.351121550479567,0.691628785648386
Tcas000666,0.204450930571267,8.7533726369773,0.352069222990859,0.692657927840711
Tcas000268,-0.215697138817622,10.3695078428543,0.35285097544663,0.693358551269675
Tcas002364,0.279127530368749,10.2117376326448,0.354505537821489,0.695770507362898
Tcas001543,-0.279501935547798,7.21811118582896,0.355719542332866,0.69731303785829
Tcas000378,0.209439579802605,10.2873429059881,0.356987946288255,0.698169248493974
Tcas000778,-0.199517979543167,7.66765793865782,0.358290820001459,0.698169248493974
Tcas000439,0.166653982406904,7.68860930477355,0.358417150143029,0.698169248493974
Tcas000811,0.222195434537657,7.2545834994563,0.35903649192543,0.698169248493974
Tcas000595,-0.327729582041412,8.96035437719113,0.359063617357788,0.698169248493974
Tcas001698,-0.220839578758291,11.9476593766886,0.359131945433686,0.698169248493974
Tcas000107,0.167935736194312,8.31917235621317,0.359466608570561,0.698169248493974
Tcas001634,-0.714881991200722,7.42478283818304,0.359923978390881,0.698169248493974
Tcas000050,0.420709694558401,5.856839949746,0.360443341450878,0.698169248493974
Tcas000998,-0.18693709190677,6.59949816867975,0.360827357361333,0.698169248493974
Tcas002131,0.766457106711695,4.05592592027314,0.361107126979264,0.698169248493974
Tcas002238,0.170607248604558,7.01392606167228,0.36129937168841,0.698169248493974
Tcas000649,-0.286969361187876,8.30684837022667,0.362153185803853,0.698989975917627
Tcas001121,-0.550982902802662,5.21186249293157,0.365804536052266,0.705201880744546
Tcas001514,0.331144599131005,4.39282674125607,0.366873782179009,0.70642717632341
Tcas000962,-0.25583950487939,11.225327561369,0.367430948284977,0.706664716359182
Tcas000084,0.178399774925514,6.39825360938427,0.368360257292391,0.706729693230966
Tcas001283,-0.219352033876717,7.10739933990285,0.368421032975147,0.706729693230966
Tcas001519,-0.782626114120487,6.25840047699045,0.369582789651203,0.706729693230966
Tcas001016,-0.206599481884632,8.21554940160775,0.369726077682172,0.706729693230966
Tcas000223,-0.241933524269382,8.27120178648417,0.370064333361689,0.706729693230966
Tcas001373,0.153001899579193,8.13925458010515,0.370148999752782,0.706729693230966
Tcas000311,0.226314081087545,10.1825308030363,0.370501631687689,0.706729693230966
Tcas000651,0.244565474636732,5.95043997583073,0.371221056607176,0.70727380258841
Tcas001370,-0.320270940280947,6.9639347622421,0.371807916461412,0.707564364387429
Tcas001717,0.193764899963442,6.54470490130515,0.373108437636711,0.708203231637703
Tcas001267,0.20868876629903,8.50728205780406,0.373348918962486,0.708203231637703
Tcas001722,-0.21322060932638,6.43986341186649,0.373553680484312,0.708203231637703
Tcas000795,0.6075923033774,3.69022262502482,0.374746651672421,0.708203231637703
Tcas000986,0.203964907249962,7.4588885881754,0.374961138603663,0.708203231637703
Tcas001269,-0.242578955608704,6.67246166469739,0.375335762082515,0.708203231637703
Tcas001324,0.381492972756757,5.56689304814933,0.375511579518247,0.708203231637703
Tcas002024,0.245813692558658,9.97426210352362,0.375843823108557,0.708203231637703
Tcas000862,-0.400826687833037,9.28893062307722,0.376056350746847,0.708203231637703
Tcas000579,-0.181060425612796,8.94009695893354,0.377603881292085,0.710296446448967
Tcas001243,0.25886308197217,5.10353637900845,0.378742526081432,0.711616580146082
Tcas001733,0.203918833905839,9.25381920290937,0.3800476593628,0.712815559077187
Tcas000061,0.172536465783003,9.48540468213877,0.380255813896916,0.712815559077187
Tcas000252,-0.207907050571975,6.88672902682383,0.381555724350699,0.713827137033809
Tcas000301,0.415389817046956,3.85925568215995,0.38186226228988,0.713827137033809
Tcas000526,-0.29026414617239,6.87924991546031,0.382110045115704,0.713827137033809
Tcas001070,0.589224183103245,8.10836907172957,0.3841475683756,0.715906983460328
Tcas001627,0.186807618056863,7.51303293815538,0.384496230316938,0.715906983460328
Tcas001346,0.778539454825275,9.47761870943632,0.384541811250943,0.715906983460328
Tcas000270,0.155914254150519,9.3214794247383,0.387870380863308,0.720248127809625
Tcas002376,0.142895155530774,8.65820907018253,0.388147554630833,0.720248127809625
Tcas000728,0.15777209796697,9.61866735115133,0.388200034510037,0.720248127809625
Tcas000510,0.182716639624584,8.00874217764267,0.389453143014688,0.721751046610837
Tcas000779,-0.737504653318736,4.24905373977775,0.390612307646487,0.723076646768327
Tcas001431,0.73126962724009,7.46893408685862,0.391196135475725,0.723335419625376
Tcas001959,-0.189281180021788,7.37673225267614,0.392779758039531,0.724100091467523
Tcas001053,0.27417857089474,10.2600449029474,0.392817503720654,0.724100091467523
Tcas001532,-0.404410183721221,11.360468169557,0.393223173263233,0.724100091467523
Tcas000453,-0.226229763612236,5.473193415008,0.393769979354542,0.724100091467523
Tcas001170,-0.338835973878843,4.8240637315853,0.393832216722054,0.724100091467523
Tcas000961,-0.279605377509189,5.07999871372801,0.394392501935744,0.724312723397212
Tcas000405,0.14180417328688,7.94604987813927,0.395818704964977,0.726113367553994
Tcas001562,-0.141160578904415,8.410817999991,0.397698043691271,0.728579711057387
Tcas000324,0.136824686851669,8.54969862163414,0.3980576690246,0.728579711057387
Tcas002394,0.397078355420304,6.5016265954673,0.400527776379981,0.732278055805824
Tcas001359,-0.285825343745642,4.950907912778,0.401228350858351,0.73273652864154
Tcas001998,-0.43894635991165,4.57480586850589,0.405117866083238,0.738393420100482
Tcas001082,0.377394087664656,5.51997788236391,0.405232484696029,0.738393420100482
Tcas001266,0.307497521330147,8.50811111783535,0.407290215053224,0.741313698683466
Tcas000315,0.133298093286546,7.7525251085819,0.408167161133363,0.742080698087331
Tcas002212,-0.161616759192688,7.04537924745245,0.41031794318998,0.743869802750622
Tcas000393,0.206346371912078,11.6016958418833,0.410468772247054,0.743869802750622
Tcas000812,-0.448098911564796,5.51179790380956,0.410544195507487,0.743869802750622
Tcas000818,0.15145114498527,9.52676988666942,0.41097779157493,0.743869802750622
Tcas000353,0.188088150684964,11.3951455926156,0.412255389149482,0.744430788769455
Tcas000612,-0.904610456332529,9.38111169979004,0.41261771714698,0.744430788769455
Tcas001027,0.262897600969311,6.21953146488488,0.413216468483007,0.744430788769455
Tcas002256,-0.143704858293035,7.87922010770432,0.414092668791904,0.744430788769455
Tcas001285,-1.8017322689992,14.7460878478538,0.414099515306266,0.744430788769455
Tcas002280,0.181934885758178,9.99371309023675,0.41429613285567,0.744430788769455
Tcas000753,-0.301206826765212,4.63092543098606,0.414751921694902,0.744430788769455
Tcas001057,-0.520039561186788,8.48548789526467,0.414943619522815,0.744430788769455
Tcas001376,-0.257928744154958,7.57214574092347,0.415507951343226,0.744623160327959
Tcas001287,-0.142303099000472,7.43007160609472,0.416832387563579,0.746175779495682
Tcas000751,0.184485007190609,8.24703108536878,0.418124978362857,0.747668045832156
Tcas002029,0.296537138361732,5.38144325313212,0.419225287161089,0.748813588580498
Tcas000708,-1.73276113363261,14.6082291411245,0.42098475562493,0.751132712938676
Tcas000781,0.181727311192823,7.17378457332427,0.423212542173487,0.75329062800553
Tcas000981,0.141270639692461,8.02399539574496,0.423370793358244,0.75329062800553
Tcas001075,-0.202720477044057,7.22738856326532,0.423791401175298,0.75329062800553
Tcas000536,0.232698647021761,7.96897526989795,0.424043895568491,0.75329062800553
Tcas000177,0.215020483388198,9.71385484944481,0.424592886355051,0.753444239512395
Tcas001336,-0.167209226280371,8.78078446545002,0.425625603893323,0.754454960546488
Tcas000250,0.49086154437457,3.57877493756326,0.428564543878566,0.758838741280635
Tcas001578,0.149724210377892,6.82616173425192,0.42985875088146,0.759623568665078
Tcas000142,-0.186359097904251,6.65009113266249,0.430375913097977,0.759623568665078
Tcas001647,-0.221098933776066,5.60184853831831,0.431000360471779,0.759623568665078
Tcas001856,-0.181327777368765,7.39894887232957,0.431218540275816,0.759623568665078
Tcas001367,0.182837432479988,9.17078286076038,0.431339349917248,0.759623568665078
Tcas001071,-0.28199658332722,6.12286462912936,0.432219568060605,0.760351702344196
Tcas001842,-0.212184997569453,7.53625186102006,0.4332634712391,0.76136590576968
Tcas000589,0.417804146551296,5.3184167376526,0.434380054693351,0.762505505490806
Tcas000256,-0.210095622445915,11.3277330106001,0.4353320685317,0.762883030244445
Tcas001759,0.637005908814166,7.84633034762349,0.435531748390014,0.762883030244445
Tcas000343,-0.206098153706067,6.41394383641913,0.43771479363722,0.765653326818771
Tcas001305,-0.305591549659121,9.43276420666027,0.438053345976117,0.765653326818771
Tcas001465,0.239207634284006,6.01265169824494,0.438710182193945,0.765979514248592
Tcas001684,0.350500516795173,6.42216754424984,0.440138627563837,0.76756057748859
Tcas001679,-0.275724220372347,7.60901222411485,0.44055809696245,0.76756057748859
Tcas001661,-0.98203380922722,6.56891460544388,0.441508364354965,0.768258609263208
Tcas001206,0.149511146201066,7.91818327805696,0.44301077187692,0.768258609263208
Tcas001755,0.132351358107041,7.95144210638768,0.44349068650444,0.768258609263208
Tcas001545,0.329272272590735,4.19279187041562,0.443619765489997,0.768258609263208
Tcas001005,0.259184140788725,5.8535838301644,0.443726224731592,0.768258609263208
Tcas000990,0.234490584438689,6.28042350040791,0.443788429292006,0.768258609263208
Tcas001592,-0.137602910930117,7.52629243327107,0.444566593641569,0.76878872722093
Tcas001753,0.31155593428168,4.25272016621805,0.44571415313513,0.768986255649532
Tcas001375,-0.322162720416732,5.76062556686816,0.446182669413135,0.768986255649532
Tcas001183,-0.204328840668741,10.9916893601746,0.446839467880848,0.768986255649532
Tcas001492,0.451180756670252,3.5111627839373,0.446972134406137,0.768986255649532
Tcas000006,0.17317039491913,9.78380374200929,0.447041119766794,0.768986255649532
Tcas001024,-0.345873138881755,9.73750777434941,0.44997592090461,0.773218117250642
Tcas000302,-0.517146458631775,3.98597934753051,0.451758564953211,0.774769840895887
Tcas000202,-0.158452554444025,7.18699035415361,0.452264662685665,0.774769840895887
Tcas001317,0.211832128649323,7.02472063891344,0.453135660000165,0.774769840895887
Tcas000698,0.284260517435846,9.65138694878606,0.453256306079626,0.774769840895887
Tcas001410,-0.271862344530948,9.34601560117839,0.453257003298822,0.774769840895887
Tcas000802,0.458084242747444,3.83678984740191,0.454251162077752,0.77565528618937
Tcas000166,-0.139396295535562,8.12975040644514,0.454772986489651,0.775733188472923
Tcas000718,-0.180224118631677,6.34988992159295,0.455559805385982,0.775833920333583
Tcas000635,-0.308036705202499,4.03749982218213,0.455784568299103,0.775833920333583
Tcas001332,0.203058398886988,8.64640160615385,0.456686344910867,0.776557469582257
Tcas001785,0.185691524228395,10.9706975354223,0.458715802220481,0.777818358936474
Tcas001045,0.190721893286836,5.93897959310968,0.458929298472205,0.777818358936474
Tcas000449,-0.139412911668098,8.37761284619802,0.458951304194557,0.777818358936474
Tcas000230,0.216000385090009,7.05535113830504,0.459766144641514,0.777818358936474
Tcas000421,0.162372089552336,6.95030837791995,0.459815272962446,0.777818358936474
Tcas000968,-0.123690443933312,8.75675003378294,0.461508851304971,0.779873359725931
Tcas002101,-0.170253339976283,8.25702727471327,0.462159374243497,0.78016333745353
Tcas001191,-0.41163518026451,5.70898962747217,0.463488095028966,0.781100929347128
Tcas000906,-0.117948058837447,8.06693348622318,0.463673786788626,0.781100929347128
Tcas002090,0.20828147491212,15.2398738666665,0.464445747286269,0.781593101579889
Tcas000482,0.353688794317249,11.1200059769364,0.466098619421265,0.782906985212843
Tcas000543,-0.145720035204781,6.76460717515431,0.466187707585302,0.782906985212843
Tcas001446,-0.187789077676399,5.7697743170368,0.466977463070433,0.783425630630006
Tcas001315,0.161014142868654,9.15114990100152,0.467710118261968,0.783847513013113
Tcas000656,0.21173982612061,5.98081503118243,0.469446585429989,0.785949113736333
Tcas000475,-0.117633264353975,8.45294162241075,0.470909529616941,0.786416690134897
Tcas000597,-0.205963232488003,10.3900636536447,0.471025756432443,0.786416690134897
Tcas002295,-0.373404141451984,3.71307302916991,0.471174149522197,0.786416690134897
Tcas001182,0.261067403967328,6.06121565624317,0.472241069291099,0.78718207313601
Tcas000249,0.166397887802589,5.9432901914332,0.472643688065298,0.78718207313601
Tcas000194,0.11672172452851,7.91996834409786,0.47349512229677,0.78718207313601
Tcas000865,-0.35194288049541,5.37823849292058,0.473655867598922,0.78718207313601
Tcas000824,0.205580469766609,6.59312489708023,0.474738014593271,0.78718207313601
Tcas000100,-0.288445798134918,6.88661332221003,0.474952107265482,0.78718207313601
Tcas001017,-0.180076569611912,7.05577205449379,0.47554641725645,0.78718207313601
Tcas000875,0.173347783775041,10.7548708762765,0.475766435608767,0.78718207313601
Tcas001745,0.286395555241262,4.91217401968373,0.475981793762412,0.78718207313601
Tcas000363,0.247970438612348,8.48830543761918,0.477228149840637,0.788442856075454
Tcas001087,-0.140687619872953,9.46904545848888,0.477860357241619,0.78868745891246
Tcas001990,-0.14442310883042,7.39585728711585,0.479581755123542,0.790052317355992
Tcas001421,-0.683375695412105,7.73427697894544,0.479864176322809,0.790052317355992
Tcas001048,-0.947044069714309,10.0580863908574,0.48052010728581,0.790052317355992
Tcas000391,0.192079355152661,6.47711801764031,0.480627284530257,0.790052317355992
Tcas000462,-0.193920391142215,8.27032681190273,0.482693391620527,0.79264872474782
Tcas000839,0.138909896149398,6.69301037623273,0.486121330042818,0.7969003108369
Tcas000879,0.278994278202617,5.87520318024049,0.486678210391455,0.7969003108369
Tcas000423,-0.159623197809139,10.9731991232313,0.48675003639209,0.7969003108369
Tcas000247,0.114050646266098,8.13250564281667,0.487345750494748,0.797074525658579
Tcas000858,-0.371444153796468,3.69658020651471,0.488550857367666,0.797708596258365
Tcas000736,0.134000054704041,8.27911827599112,0.488712817106107,0.797708596258365
Tcas001517,0.152758275583089,7.97519422453854,0.49021557251042,0.798631842262055
Tcas001150,-0.128290709785256,9.43111510516114,0.490345923721324,0.798631842262055
Tcas000641,-0.445546008855812,4.43964940557604,0.491398302138303,0.798631842262055
Tcas000455,-0.156553052386887,7.15523643412632,0.491571768754718,0.798631842262055
Tcas000712,-0.120362881861494,8.59922546589485,0.491729734677005,0.798631842262055
Tcas000611,-0.408629055422095,5.61605486784798,0.493211530414879,0.799708864155285
Tcas001996,-0.133220596407071,8.2115428187639,0.493374713613297,0.799708864155285
Tcas001568,-0.135026327416184,8.84971716645996,0.49394483631832,0.799837115668531
Tcas001288,0.324176687279789,7.82031111175698,0.49598979483007,0.8020943476308
Tcas002147,0.128142205384181,8.72305299482794,0.496323574224583,0.8020943476308
Tcas001280,-0.167439712444178,8.4478226449642,0.497940333706079,0.803909617053719
Tcas000796,0.215116437509408,9.78605782947184,0.499485523956594,0.804275864383443
Tcas000047,0.130600869560111,9.06651416907912,0.499522870543971,0.804275864383443
Tcas000334,-0.422857620060477,3.47336079786033,0.499648357738517,0.804275864383443
Tcas001564,-0.221529639833075,6.4993992361754,0.500319292835706,0.804560837146461
Tcas000274,0.344383056474648,7.58465563732585,0.501191420652706,0.805168465723134
Tcas000562,-0.300497971485735,5.19048013080665,0.503354842174425,0.806638114713644
Tcas000742,-0.122141003765594,8.52961753728607,0.50357321151104,0.806638114713644
Tcas000288,0.110328411094452,8.74738480060712,0.503591751174816,0.806638114713644
Tcas001209,0.12677069216808,8.29951596896336,0.504159082026885,0.806753580178581
Tcas001619,-0.211577883513165,5.86815154822162,0.506769859828125,0.808254712399398
Tcas001506,-0.431535809187234,3.26413717127612,0.507084483334922,0.808254712399398
Tcas001166,-0.14599346293448,9.00838314577189,0.507333057055692,0.808254712399398
Tcas000509,-0.186812584071155,6.11256990078625,0.507567124387278,0.808254712399398
Tcas002111,-0.550681783935078,9.96133832821454,0.507578005392624,0.808254712399398
Tcas001965,0.137430905716393,9.70323942824998,0.508304755474474,0.808621529949139
Tcas000948,-0.176276181288933,6.43810460792305,0.509049232839665,0.809015805166649
Tcas001223,0.167414511297064,5.8993011565761,0.510309347481775,0.809772945552173
Tcas001260,-0.131741466232078,10.6993012552023,0.510519837373899,0.809772945552173
Tcas000413,-0.147037889142401,10.2167675882583,0.512252594153889,0.811731007662145
Tcas000489,-0.18124083445502,8.45762092519608,0.514273667939016,0.813044716105087
Tcas001176,0.283968859473409,4.04860487404571,0.514411933196575,0.813044716105087
Tcas001751,0.167930857840047,6.09882785432702,0.514578945552084,0.813044716105087
Tcas000173,0.155787643762858,8.30306683172164,0.516010458693225,0.813747963287535
Tcas000121,-0.139194099870625,10.7721171805099,0.516023109930033,0.813747963287535
Tcas001100,0.123253742926387,9.05317489694785,0.51729443936755,0.814519782636368
Tcas000652,0.138542976884718,10.3381554952002,0.517512569078356,0.814519782636368
Tcas000609,0.131926494688693,9.54917421056043,0.519384525435293,0.816677019241402
Tcas001404,0.231793521270064,13.4657789990055,0.521410904014741,0.819072673712646
Tcas001061,-0.425637112735262,6.50092185005933,0.524393686935695,0.82077058348803
Tcas001090,-0.145896099318369,7.91747428225166,0.524726887919678,0.82077058348803
Tcas000551,0.105156345595352,7.85587444380799,0.524756040689602,0.82077058348803
Tcas001715,0.257072159700577,10.092690306819,0.524757080115538,0.82077058348803
Tcas001599,-0.207276249453205,4.94524670385703,0.525011017798973,0.82077058348803
Tcas000029,-0.250692591189225,5.20267530839937,0.527603002195154,0.824031918097704
Tcas001256,0.153745934163809,8.22865840004483,0.528885714818756,0.825138700862119
Tcas000150,-0.668006029233912,9.19711681197163,0.529502975248115,0.825138700862119
Tcas001860,0.182919110172684,10.6882482735868,0.529831234562171,0.825138700862119
Tcas001154,-0.124484274319525,8.70148560201251,0.531043277019967,0.826224718629971
Tcas000081,0.140050948739045,8.11246227431178,0.531651968254971,0.826224718629971
Tcas001515,0.151283757722031,8.07330954379002,0.532050171788115,0.826224718629971
Tcas001423,-0.441888413898565,6.8549111251005,0.533202336546342,0.827225339270467
Tcas001006,-0.147941834784811,10.0913891498045,0.533943648658105,0.827587253724123
Tcas002318,-0.18301861670712,10.2188835171449,0.535753125326073,0.828984601103649
Tcas000642,-0.176819852717881,5.53725546734098,0.535862974194071,0.828984601103649
Tcas001994,-0.135486678732868,11.6231410413473,0.538106505006068,0.830205559176107
Tcas001107,-0.143120529281513,7.78525781987812,0.538810782100976,0.830205559176107
Tcas001548,0.182109613087211,10.0332059362371,0.538837134369157,0.830205559176107
Tcas001101,-0.173635769400545,6.29176008756144,0.539036523075198,0.830205559176107
Tcas000833,-0.126506893276953,9.15860960037893,0.539639163632055,0.830205559176107
Tcas000724,0.160020802907918,8.4971142197657,0.540447009908684,0.830205559176107
Tcas000662,-1.07216935412157,7.44944540416623,0.540546602675576,0.830205559176107
Tcas001257,-0.209407417023128,8.58668703706828,0.540729342103039,0.830205559176107
Tcas000557,0.106143680415529,8.37407423628511,0.541612602827372,0.830778653489443
Tcas000786,0.153934200207504,6.37709790409099,0.542542999691482,0.831422903572365
Tcas000276,-0.27660441586771,7.32544469207273,0.543764297707237,0.832511316696512
Tcas001039,0.136333954304989,5.89590707962578,0.544528423449477,0.832898405445256
Tcas001092,0.182124690077798,7.46021925725193,0.546067835961306,0.834469516680082
Tcas001383,-0.105754687762526,7.72831170928229,0.54693675511948,0.834727925691662
Tcas001172,0.57582059463414,5.32283097140309,0.547261770803373,0.834727925691662
Tcas001738,-0.145951014416943,11.0508493629931,0.548102450612279,0.835228149716935
Tcas000817,0.102911985753396,8.43419314953881,0.549095684157541,0.83553010516345
Tcas000767,0.346373453704131,3.48323095330582,0.549671254443858,0.83553010516345
Tcas001905,0.148607116343288,8.62950568991832,0.549839332556917,0.83553010516345
Tcas001498,-0.546734381095902,6.23382741440542,0.550550787813937,0.835831531546043
Tcas001055,0.356131942176958,5.79855380082346,0.552415451487586,0.837881536753518
Tcas000003,0.108291855999483,8.59680380892162,0.553079888719779,0.838108966255367
Tcas001551,-0.123909667457636,9.84606819159474,0.554410598613625,0.839344670205944
Tcas000266,-0.157010959129631,9.4442609293195,0.555177500150673,0.839725299670796
Tcas001415,-0.54294773903562,11.1032562505253,0.556968576896047,0.840927075154123
Tcas001388,-0.167710602514098,7.91360068918121,0.557566184268052,0.840927075154123
Tcas001220,-0.300971436539157,7.55403432106414,0.558081781100646,0.840927075154123
Tcas001484,0.386944973267032,3.89761164073111,0.55840345138716,0.840927075154123
Tcas002324,0.111212438943351,9.4551152948358,0.558553158573825,0.840927075154123
Tcas001875,-0.107096048140111,9.20849259301788,0.559731364936151,0.841922800998144
Tcas000678,0.140587665505562,11.5123712277992,0.561248989638641,0.842802962454542
Tcas001440,0.169797211731218,6.29813217649428,0.561351267196549,0.842802962454542
Tcas001221,0.180630927930987,7.54621617062327,0.56265174561358,0.84397761842037
Tcas000036,0.129949061351481,6.55634147289502,0.563881352486767,0.844027544598767
Tcas000195,0.129025459180999,9.22001535843338,0.564434001850003,0.844027544598767
Tcas001320,0.190727616671521,5.8580868494896,0.565641477633052,0.844027544598767
Tcas001237,0.148851131786933,6.82939583920684,0.565696098980047,0.844027544598767
Tcas000461,0.16145398410548,6.29401522810645,0.566122433737223,0.844027544598767
Tcas000255,-0.128959688647221,7.4592000172762,0.566305561286984,0.844027544598767
Tcas000377,0.112027098240115,10.1954048890131,0.566460663104646,0.844027544598767
Tcas000304,0.102252559408343,8.10874237745258,0.567119722197543,0.844027544598767
Tcas000715,-0.175996249381766,6.67300343943044,0.56734816533803,0.844027544598767
Tcas000357,0.208912863816294,7.72907218260551,0.569594449627726,0.846300934063939
Tcas001312,-0.21940806312585,5.41050520079892,0.56991536198167,0.846300934063939
Tcas001341,0.11075386624462,7.39037686695465,0.570578192165946,0.846405346449206
Tcas001384,-0.962196597114337,9.30611620549623,0.571213702439085,0.846405346449206
Tcas000360,0.171286143907667,5.4529982423704,0.571544432838629,0.846405346449206
Tcas001022,0.115714117655803,8.74670842403076,0.57208211194902,0.846432116589421
Tcas001736,0.539876033090971,13.7110759372054,0.57316212901177,0.846713678896463
Tcas000885,-0.479515819011375,11.3939128188951,0.573820643698945,0.846713678896463
Tcas002399,-0.121005341033181,6.38762664052884,0.573831738183975,0.846713678896463
Tcas000062,-0.14747913625741,6.26977399175958,0.574580235671242,0.847050863265568
Tcas001029,0.389474563107459,3.42277992082934,0.576417652872886,0.84765910022374
Tcas001757,0.133047382582062,11.1392495283243,0.577345538463956,0.84765910022374
Tcas000208,0.239725944496949,8.90782062313136,0.577373180729837,0.84765910022374
Tcas001700,-0.132538522205887,10.6253863670236,0.577539480400057,0.84765910022374
Tcas000850,0.12906676592687,9.28965644277108,0.57759459867916,0.84765910022374
Tcas001512,0.149923329579348,5.66471677478551,0.58033628320946,0.850039330750461
Tcas000942,-0.150198873718114,10.7135997193736,0.580581814522403,0.850039330750461
Tcas000676,0.21135808189601,10.7626939600572,0.580781936847921,0.850039330750461
Tcas000476,0.258875316903889,4.99269771376018,0.582279212951767,0.851465743176328
Tcas001192,0.10369387839288,7.89099459165692,0.584385615056888,0.852305754887528
Tcas001547,-0.353066207347752,3.97563514544981,0.584682347570952,0.852305754887528
Tcas002033,0.182078513522613,10.1563475662816,0.584921730005856,0.852305754887528
Tcas001559,-0.11057522176648,8.21185823188395,0.584966220346266,0.852305754887528
Tcas001203,-0.12224077920619,7.0748178084169,0.585469699029554,0.852305754887528
Tcas001701,0.201092569239622,5.24315656022527,0.586050983935989,0.852390225742612
Tcas001721,-0.150065287602304,5.07769426901146,0.587888442637895,0.853072781994678
Tcas001337,0.175152175242155,6.50944175775943,0.5880030406609,0.853072781994678
Tcas001255,0.119072488780334,7.7357406965768,0.588091303977915,0.853072781994678
Tcas000045,0.377810018037593,3.38016334975146,0.589352409898459,0.854141526445365
Tcas001716,0.518844698849495,3.40987683653248,0.590015066956974,0.854341816953698
Tcas000263,0.100081618845635,9.63179570218242,0.590889371936511,0.854443918924947
Tcas000931,0.107476149708673,9.18271365278364,0.591134620398045,0.854443918924947
Tcas001509,-0.103225206029076,8.65733898602137,0.592536845733106,0.855339964483767
Tcas000374,0.492853003208399,3.60843654114457,0.594805103280466,0.855339964483767
Tcas000213,-0.168078912771705,10.6477047684564,0.594859705707303,0.855339964483767
Tcas000415,-0.357659614159165,8.41914854731097,0.595262280530163,0.855339964483767
Tcas000876,0.238460780255602,7.11508368219367,0.595510747120688,0.855339964483767
Tcas000563,-0.0830818138904634,8.44028774626195,0.59612401220919,0.855339964483767
Tcas001298,0.0990291874518848,9.30513776472424,0.59654362641804,0.855339964483767
Tcas000977,0.163699280930331,7.12408726035099,0.596668345252215,0.855339964483767
Tcas000665,0.134538614313224,10.1142692757085,0.598649518277414,0.855339964483767
Tcas002188,-0.146087046262553,9.07917167906933,0.598690871929811,0.855339964483767
Tcas000687,0.0959592199517659,8.94045047830357,0.599004749410724,0.855339964483767
Tcas000209,0.105163133998393,6.94008992058882,0.599024627256079,0.855339964483767
Tcas002060,0.102480263095082,8.89561933788005,0.600026995907902,0.855339964483767
Tcas001997,-0.503506155055654,9.52911924985141,0.600451954036088,0.855339964483767
Tcas001490,0.0972730704270234,7.00440183403103,0.60171443249188,0.855339964483767
Tcas001143,0.0920809228457234,9.13675096547523,0.601951862381642,0.855339964483767
Tcas002420,0.0975622933998466,7.65289692277139,0.602266727002115,0.855339964483767
Tcas000807,0.12063073162025,9.90924784941596,0.602407481568157,0.855339964483767
Tcas002229,0.138447948309254,6.31041653083542,0.60241184214945,0.855339964483767
Tcas002041,-0.628508494994346,11.1726249231823,0.60249341288471,0.855339964483767
Tcas001114,0.108135814607802,6.82691300449761,0.603024605090873,0.855339964483767
Tcas001249,0.0884752185501421,8.63832192581749,0.603490116331424,0.855339964483767
Tcas000144,-0.17684976483188,9.21366150838525,0.60394695517977,0.855339964483767
Tcas001608,-0.109023530177894,7.92117585754894,0.604356230276744,0.855339964483767
Tcas002357,-0.171555530424333,8.82453468593905,0.605076314247473,0.855615725615567
Tcas000806,-0.212475527521479,5.93264957054861,0.605764603296234,0.855846087397715
Tcas001004,0.185426560341854,6.33850531151189,0.606878383518378,0.856352983016675
Tcas000689,0.202169571774145,4.73660419100721,0.607174766963941,0.856352983016675
Tcas000152,0.11256639496707,7.2505131699481,0.607874217951075,0.85641012021351
Tcas001306,-0.10724495789676,9.69417857504614,0.60894434381135,0.85641012021351
Tcas000591,-0.0959025687367255,7.64865490836874,0.609407382393864,0.85641012021351
Tcas000702,0.209289348774931,4.65956034702411,0.609713570089745,0.85641012021351
Tcas000809,-0.103046021570524,6.74508475564863,0.610700050522711,0.85641012021351
Tcas001699,-0.126638891919781,6.33705251787923,0.610933445535582,0.85641012021351
Tcas001343,0.101346764813669,8.02021871103868,0.61182276396367,0.85641012021351
Tcas000888,0.0944748831970206,8.20336073514513,0.61231620513264,0.85641012021351
Tcas000575,0.151650086239556,12.1906340850615,0.612333760653944,0.85641012021351
Tcas000064,0.140105688765251,11.7225688706445,0.612472553743855,0.85641012021351
Tcas000966,-0.185377645537916,4.91562106217434,0.614093067582457,0.85793371205718
Tcas000321,0.102187738312204,6.51589937006683,0.61461549537798,0.85793371205718
Tcas000918,0.104966772841954,7.72444559510762,0.615441570285732,0.858351299653645
Tcas001676,0.144048233935459,5.90117282688061,0.616689455849597,0.85865730858586
Tcas001120,-0.136349158087474,9.0149185162929,0.616715194011944,0.85865730858586
Tcas000434,-0.232399779162776,6.46758084293948,0.617382949134852,0.858852966815264
Tcas002398,0.679700507672971,8.4387365396216,0.619552412390211,0.861135562955336
Tcas000438,-0.138129280661748,7.24075494923329,0.622838937236697,0.862325645530079
Tcas001013,0.163420638382768,7.64376207294818,0.623085093933286,0.862325645530079
Tcas001204,0.0913707898566403,9.15849974606217,0.623646843488017,0.862325645530079
Tcas001671,-0.296675763740829,6.33569495832131,0.623735164997051,0.862325645530079
Tcas002414,0.142135044963397,6.52137790951651,0.624211979697929,0.862325645530079
Tcas001489,-0.0848436715489086,8.2011163000549,0.624280116114643,0.862325645530079
Tcas000312,0.120541528347251,8.9776464538834,0.624359224311142,0.862325645530079
Tcas002270,-0.0936716588021587,7.35979794568552,0.624643500138424,0.862325645530079
Tcas000540,0.0919438692579961,9.7319901312311,0.625569964878432,0.862873389320039
Tcas001526,-0.186249780880223,5.5384447840992,0.627249422432015,0.863146861334527
Tcas001178,-0.118970761746967,6.31660104093121,0.627686114845817,0.863146861334527
Tcas001325,0.115315210716614,7.68924965593777,0.628072230296441,0.863146861334527
Tcas000303,0.106147146879116,8.4751399832808,0.628438580865541,0.863146861334527
Tcas001625,0.109730287797664,7.57649257901762,0.628491027971322,0.863146861334527
Tcas001570,0.593944505893185,6.4638421997405,0.628947406018467,0.863146861334527
Tcas001047,-0.344970919243662,4.67177070024083,0.630548824486125,0.864616191151429
Tcas000190,0.193912874464273,4.01876591926319,0.631275072335239,0.864884014158204
Tcas000603,0.0896782256653395,7.33290994210405,0.634342678457846,0.866230603457699
Tcas001456,-0.127094591628109,10.0073189115194,0.634793834105681,0.866230603457699
Tcas001210,0.113390712517493,11.6992685121062,0.634883267030157,0.866230603457699
Tcas000285,-0.131667558176895,5.0771354729845,0.63517259667717,0.866230603457699
Tcas001304,0.14199824829659,5.65218554336383,0.635178149278804,0.866230603457699
Tcas000569,-0.0893085737320749,7.95601966998031,0.63544847828849,0.866230603457699
Tcas001347,0.0775067200138258,8.42062315376743,0.637629006892472,0.868476297849362
Tcas000935,0.103378444416376,9.69004791765954,0.639155964715812,0.868530533102435
Tcas000700,0.189314795452593,5.1933371764333,0.639277917666827,0.868530533102435
Tcas002180,0.187632448554814,5.64036344860802,0.639873014333377,0.868530533102435
Tcas000705,0.160108102091155,8.5962543858601,0.640094465809089,0.868530533102435
Tcas002338,-0.134995399796642,8.55672038199341,0.640846162772919,0.868530533102435
Tcas001524,-0.147941263392083,5.31727831874015,0.641194928868747,0.868530533102435
Tcas001086,0.159565811237035,5.22205566805757,0.641847389452346,0.868530533102435
Tcas001463,-0.395936189481937,4.52008711286663,0.642228782197566,0.868530533102435
Tcas001915,-0.113636705681693,8.53801538415851,0.642500844295535,0.868530533102435
Tcas000365,0.125860724380467,5.64870437317468,0.643000505169758,0.868530533102435
Tcas000027,0.101053566222545,6.94549141690446,0.644087182292357,0.869277564170877
Tcas001078,0.0870676326029331,7.28287124298241,0.645658107977426,0.870547057381037
Tcas002124,0.0871647038566066,9.65326079991911,0.646238459578953,0.870547057381037
Tcas001703,0.0977417269605929,7.2567870012019,0.646631024819555,0.870547057381037
Tcas000964,-0.155553826557036,5.90139432857411,0.647474490683358,0.870962795477449
Tcas002112,0.100556220557841,9.75306031391729,0.649021958847763,0.872324068451326
Tcas000112,-0.116978774615812,5.47715474564279,0.650551542275501,0.872667022950672
Tcas001132,0.102539373406527,8.12233157532051,0.651983399359279,0.872667022950672
Tcas001124,0.083788249264972,6.83617628594485,0.65217491066937,0.872667022950672
Tcas001290,-0.384119077344009,5.17124865793863,0.652781690960151,0.872667022950672
Tcas000269,-0.077671260777826,8.00886671829183,0.652903924702175,0.872667022950672
Tcas001227,-0.114199429886274,6.72801293733196,0.653375624871274,0.872667022950672
Tcas001495,-0.087836813557677,7.58388885516146,0.653833020550912,0.872667022950672
Tcas000205,-0.296760549368422,3.47158184556552,0.653923997921568,0.872667022950672
Tcas000316,-0.109925166951095,8.00817938167686,0.654098486815697,0.872667022950672
Tcas001072,0.106446499238365,7.56273753978973,0.65504140929898,0.873117972992461
Tcas000103,-0.092244120728136,8.31609038719698,0.655508459772732,0.873117972992461
Tcas001231,-0.144201055900514,6.12757587539993,0.656599001638773,0.87327078987346
Tcas000463,0.0763390379301588,8.26732845696688,0.657417598210201,0.87327078987346
Tcas001252,0.343450947533908,5.45748612564979,0.657615034198934,0.87327078987346
Tcas001739,0.347314222467663,10.430165189309,0.657767501028076,0.87327078987346
Tcas000172,0.138941276865444,8.7652511822209,0.659277659584477,0.873514312020786
Tcas000904,0.120675156365449,8.18183190466224,0.659449986251476,0.873514312020786
Tcas001414,-0.169082840662382,4.96726627490428,0.659658308205947,0.873514312020786
Tcas000542,-0.0849390809015142,7.54040519272271,0.660390206753041,0.873514312020786
Tcas001563,-0.101350566476934,10.6421098535553,0.660632064094296,0.873514312020786
Tcas000065,-0.210039080087542,5.40843532632791,0.661725153981559,0.873611979754969
Tcas000537,0.0896626871561645,10.7065117310035,0.661778504001002,0.873611979754969
Tcas001297,-0.35596114211746,6.39015455304029,0.662701312247883,0.874121811863807
Tcas000004,0.0795946644229139,9.13215351541054,0.663949368202047,0.874649083802954
Tcas000371,0.386345193381479,4.78776781776415,0.664174902801875,0.874649083802954
Tcas000471,0.110202618963248,6.11665598842815,0.667405728719808,0.878193806207243
Tcas001214,0.0820050088035747,9.74819801164606,0.668697041320457,0.879182792825686
Tcas001467,0.123022193393625,6.02926164280758,0.670068208487783,0.879196645772037
Tcas000337,-0.123849778256396,6.41591687368926,0.670577877089154,0.879196645772037
Tcas001229,-0.221635223152993,4.70220877611578,0.670691370772347,0.879196645772037
Tcas000040,0.0873539678969707,9.69812073813742,0.670866439959879,0.879196645772037
Tcas001334,-0.116574099026053,8.1906600724311,0.672614506375746,0.880146128861562
Tcas000167,-0.0824772680744918,8.51966819270848,0.673258194003064,0.880146128861562
Tcas001808,0.112595319555328,5.42762277492052,0.673333399560337,0.880146128861562
Tcas001286,0.126324461402077,12.0451940412438,0.673752131792736,0.880146128861562
Tcas000849,0.0685101364315308,7.81178110691662,0.676641455921487,0.882485534845978
Tcas000011,-0.0961632388880308,6.93227322327467,0.677076877817383,0.882485534845978
Tcas001549,0.119495479471483,6.66597708003997,0.677381890739791,0.882485534845978
Tcas000863,-0.194308318660708,4.24061851319642,0.677709885876193,0.882485534845978
Tcas001993,-0.112574600147294,9.96180658358448,0.678480956021234,0.882783927602707
Tcas002066,-0.0862120163843221,8.11194770453358,0.67993235206554,0.883468418677232
Tcas001623,0.101200544701099,5.92302229661419,0.68020594770922,0.883468418677232
Tcas001702,0.259314141176869,4.69600221728502,0.681141247305713,0.883468418677232
Tcas000046,0.0866617188059492,8.63370665341313,0.681176386653532,0.883468418677232
Tcas001083,-0.139304466679943,6.18778469930546,0.68182431254879,0.883605254687333
Tcas001747,0.156113431096779,6.76812698769956,0.68384199632906,0.885515589841049
Tcas000341,-0.191561314911436,4.41967807303062,0.685522694644141,0.886986870194842
Tcas001080,-0.0904341438829172,6.08111492484472,0.687512804438977,0.888290136759062
Tcas000411,-0.0958915517741673,9.67601878773075,0.687620541714658,0.888290136759062
Tcas000340,-0.195121227034978,8.58285337360663,0.689031850819555,0.88887616363892
Tcas001167,-0.0979153031172496,7.06007599821875,0.689165497038647,0.88887616363892
Tcas002026,0.178875482097676,5.52733041114415,0.689871045553728,0.889082225638468
Tcas002118,-0.0748317226800688,9.79366605382386,0.691462495950429,0.890428779370157
Tcas000614,0.0904732158134942,9.73578153071691,0.692355795472555,0.890874874269188
Tcas001720,-0.18150581013021,4.47190089789571,0.693189942507314,0.891244211795118
Tcas000034,0.0932270872074499,5.91215014267167,0.695419969671952,0.891260007307122
Tcas001043,0.0735254703760049,7.66654571358606,0.696283023924742,0.891260007307122
Tcas001265,-0.0748969929220905,8.76937652470099,0.69671369051835,0.891260007307122
Tcas000528,-0.0837983487551495,7.2815666941969,0.696792439182805,0.891260007307122
Tcas000549,-0.0690219865746257,7.38070657633937,0.696828080974884,0.891260007307122
Tcas001281,0.151252305347398,6.05006561435547,0.696887290454345,0.891260007307122
Tcas000437,0.133486021009687,7.61545672635638,0.697384718388209,0.891260007307122
Tcas001754,0.116866567770237,5.44285120327088,0.697728925026682,0.891260007307122
Tcas000819,-0.397599469028156,3.96868086678519,0.698544402506449,0.891260007307122
Tcas001335,-0.0942375387619132,7.79633060724213,0.699038703791985,0.891260007307122
Tcas001533,-0.104875819772498,6.9964981844684,0.699220558218847,0.891260007307122
Tcas000932,0.0826828988112873,9.63720019784945,0.703000024809095,0.895376888517604
Tcas000133,0.128169417735794,6.87537405941149,0.705659713837437,0.89688850668433
Tcas000110,-0.0663056424439928,8.7726911117375,0.705774829468491,0.89688850668433
Tcas001480,-0.0845431662372779,6.73369870313296,0.706576194278127,0.89688850668433
Tcas001611,-0.127783466121691,5.17821837251723,0.706723630709505,0.89688850668433
Tcas001186,0.0945875584905213,7.87811579014709,0.706939743758551,0.89688850668433
Tcas001523,-0.0744519287160709,9.94537254525585,0.708348802973992,0.897976809373256
Tcas000128,-0.323341879280182,8.59392062617541,0.709713474522636,0.898757802329833
Tcas000784,0.10076516534678,6.6427964733736,0.710068318967768,0.898757802329833
Tcas000892,0.119210913217746,7.53356313472147,0.711418694372705,0.898944733225071
Tcas001901,-0.512411783192109,9.16356104671611,0.711850478716984,0.898944733225071
Tcas000394,0.0773927108750437,8.15954153334978,0.711871519865157,0.898944733225071
Tcas001448,0.0783173511623058,7.90244604644225,0.712426820053141,0.89894910136837
Tcas000856,0.134193839087049,6.6178223490543,0.71494556081444,0.900201504416145
Tcas001205,-0.068311788920154,7.07786182529,0.715918075594163,0.900201504416145
Tcas001407,0.0710150283596698,9.81756198413164,0.716263209729446,0.900201504416145
Tcas000713,0.138112587960949,5.77930145635345,0.716666115853945,0.900201504416145
Tcas000126,0.064327892192687,8.02052756221541,0.716672298586714,0.900201504416145
Tcas000024,0.0670801550634059,9.72240010579408,0.716859169270094,0.900201504416145
Tcas001744,-0.137422729643173,6.50670837551485,0.717582504896468,0.900201504416145
Tcas002007,0.0681191503201813,7.98373512325282,0.717840242011401,0.900201504416145
Tcas000640,0.0632106443494511,8.25767158914813,0.718691724880073,0.900576015253568
Tcas001218,-0.0810444644307754,9.41449091721107,0.722517205575148,0.904558449321002
Tcas002284,-0.0644198321227253,8.48052746054104,0.72298041805767,0.904558449321002
Tcas000854,-0.0708043836494242,7.46703987992153,0.723758198301552,0.90474699143543
Tcas001677,-0.0571911736466065,8.45998639476304,0.724241913340577,0.90474699143543
Tcas001556,0.11014371455356,9.99911712309012,0.726420480186592,0.906418759954605
Tcas001174,-0.149412684731733,4.35180899149523,0.729560734525477,0.906418759954605
Tcas001473,0.1245308548032,5.77620188485726,0.730638839234807,0.906418759954605
Tcas001135,-0.434459816866485,7.97092937806378,0.731823017984695,0.906418759954605
Tcas001707,0.169985850202552,3.85980791668563,0.732057065822613,0.906418759954605
Tcas002285,-0.152700793392341,8.04813452834521,0.73210073249728,0.906418759954605
Tcas001576,0.073627893927824,6.98253565987339,0.732635084221411,0.906418759954605
Tcas002248,0.0573580814002738,8.74966168158411,0.733401943820956,0.906418759954605
Tcas000710,-0.0879377942205772,6.6222041061241,0.733853747917894,0.906418759954605
Tcas001011,0.0720947680689981,8.5778894829434,0.734580432077755,0.906418759954605
Tcas001139,-0.0839079487415389,6.95479789599591,0.735186993649264,0.906418759954605
Tcas000832,-0.280342628189922,5.81978546598778,0.735294971353478,0.906418759954605
Tcas001951,0.102535917090684,11.3802686098309,0.735475098734906,0.906418759954605
Tcas000380,-0.0957961031163667,9.9078007018812,0.736201851112969,0.906418759954605
Tcas002257,-0.0758767927989571,9.73865020199228,0.736334854001584,0.906418759954605
Tcas000072,0.170948059162932,4.58500861819804,0.736478019396799,0.906418759954605
Tcas000822,-0.093422159071503,7.58503990265934,0.736795639587422,0.906418759954605
Tcas000544,0.172326928609618,7.21885450767101,0.736895531545182,0.906418759954605
Tcas001541,0.133634368550295,5.77743369988277,0.736992661909819,0.906418759954605
Tcas001464,-0.0698354223757523,8.37383293180176,0.737007531106447,0.906418759954605
Tcas000020,0.0903650718172538,11.9682330706275,0.737416605335552,0.906418759954605
Tcas001138,0.224885338525846,11.2231864889366,0.73782153204408,0.906418759954605
Tcas000281,-0.0824201302384597,6.86317938123517,0.738758121095159,0.906885440289385
Tcas001798,0.146258091917074,4.28303961955837,0.74009705599962,0.90722347295198
Tcas000259,0.0705057974917732,10.1122447968883,0.740297354771555,0.90722347295198
Tcas001877,0.0707197687801939,9.4570433033609,0.741671178430808,0.90722347295198
Tcas000090,0.26064617406771,4.07705633037384,0.742947996807504,0.90722347295198
Tcas001485,-0.0700259118570337,8.37695321291666,0.744260408630997,0.90722347295198
Tcas000956,0.0734152859610176,6.66369776679218,0.74492316472884,0.90722347295198
Tcas001853,-0.081065487655075,5.84477406416006,0.74516193587704,0.90722347295198
Tcas001352,-0.0803357051225497,7.69399215496569,0.745689935069587,0.90722347295198
Tcas000119,-0.0818461879096329,9.83266566142163,0.745892461644711,0.90722347295198
Tcas000826,0.0713986587450254,6.46746499746889,0.746893471814164,0.90722347295198
Tcas001522,-0.0741720405457947,10.5503126663064,0.747008360812911,0.90722347295198
Tcas000695,-0.0648077359423137,9.4705559524931,0.747480520150414,0.90722347295198
Tcas000447,-0.102604535499203,8.41733158836524,0.747622879235843,0.90722347295198
Tcas001694,0.069139202852592,7.8455941992639,0.748344692306805,0.90722347295198
Tcas001594,-0.251979858903964,4.35939897982457,0.749039863659611,0.90722347295198
Tcas002165,-0.0948415813957675,6.9315411397869,0.749617320148932,0.90722347295198
Tcas001088,-0.0762556642818401,6.79987756533007,0.749691291128192,0.90722347295198
Tcas000042,-0.169129574179863,6.13929876644585,0.750103247456227,0.90722347295198
Tcas001361,0.0867508280789867,10.8557896117641,0.750221436921745,0.90722347295198
Tcas001986,0.0548458831183279,8.22568934123627,0.750693407414708,0.90722347295198
Tcas001239,0.139759074029233,6.58772253313771,0.750962433343266,0.90722347295198
Tcas000154,-0.110116291853566,5.76646095476816,0.753164460575341,0.90722347295198
Tcas002313,0.210296069361169,3.74624418172305,0.753945937735541,0.90722347295198
Tcas000037,-0.0612881997005129,7.88347773302004,0.754209944764872,0.90722347295198
Tcas002302,-0.0590463076801711,8.84173028236722,0.754981651061436,0.90722347295198
Tcas001565,-0.251724578387951,8.40465568297499,0.755170854567078,0.90722347295198
Tcas000965,-0.0658322323650689,7.80889500551072,0.75585785317733,0.90722347295198
Tcas001587,0.0967163499767018,10.3330796121939,0.755992892474047,0.90722347295198
Tcas000258,-0.0655578720852332,10.3022034391874,0.756724368077412,0.90722347295198
Tcas002400,-0.0897942470395899,7.55314536729699,0.758293793020839,0.90722347295198
Tcas000433,-0.109742060933777,7.87877362311337,0.758397680600483,0.90722347295198
Tcas000278,-0.0889410646391252,9.41744103319125,0.758409757735612,0.90722347295198
Tcas000955,0.3054382199859,7.39415580458256,0.759355135817181,0.90722347295198
Tcas001838,0.0767436212290294,9.70212289739911,0.759554465594445,0.90722347295198
Tcas000953,-0.0742758844990001,9.92205381811748,0.759799254787056,0.90722347295198
Tcas001401,-0.078069613314177,7.33884049336639,0.760186034830401,0.90722347295198
Tcas000897,0.0714059068397508,8.41452016923288,0.760191393234828,0.90722347295198
Tcas000872,-0.062069120330511,6.89034783825152,0.760433196382507,0.90722347295198
Tcas001772,0.0538768773585056,8.27197517365638,0.760753384930881,0.90722347295198
Tcas001620,0.096404318962721,5.49360412141417,0.761454349539678,0.907395124652623
Tcas000178,0.0774947957514997,7.06550909470789,0.763935105139958,0.909685881778502
Tcas000183,0.276997211492357,9.92064437864927,0.76457079995506,0.90977781820803
Tcas000871,-0.205073510121295,11.6394690857249,0.767447148262832,0.912105839793858
Tcas000559,-0.318824735497848,3.40008083703773,0.767647088003302,0.912105839793858
Tcas002093,-0.0832130623099053,8.49385795062709,0.769907832649125,0.91353223199156
Tcas000785,-0.177254567392653,5.02379258831543,0.769969155631929,0.91353223199156
Tcas000148,0.0527539766340707,7.27866395338064,0.770847994161306,0.913909303121373
Tcas000102,-0.0612643100580671,7.79615823448087,0.773372941737916,0.915600270045445
Tcas000417,0.112441718485326,8.26582048482653,0.773398386484059,0.915600270045445
Tcas001574,-0.0785977877800357,6.15717948125975,0.774062994345538,0.915721581546028
Tcas000237,0.186204714500181,9.3396285143312,0.775356650671754,0.916586345387727
Tcas001344,-0.081327379086705,8.52815147089383,0.77644498951416,0.917207315386923
Tcas000106,0.0601186393032508,9.84720322901166,0.77852806020473,0.918391044433729
Tcas001425,-0.0535918328746038,9.62326456405451,0.778574605502136,0.918391044433729
Tcas000580,0.0632184568703908,7.24684821825335,0.779444065446941,0.918751362238109
Tcas000372,0.0566175946325899,6.77456698872516,0.780259506043529,0.919047530979688
Tcas000028,-0.0735809676802649,6.72365121044326,0.781008004670331,0.919264479485527
Tcas000958,0.260763134969287,9.83039876597776,0.781719870669983,0.919438028390905
Tcas000286,-0.0719854855510384,6.35594040275278,0.78257549317164,0.919780287429006
Tcas001408,0.079890512101753,8.4237877570968,0.783972116276981,0.920757445865322
Tcas001631,0.0492343409712516,9.06574212349725,0.78496545639522,0.921162825406382
Tcas002015,-0.187251289147308,3.61359474977867,0.786601868977156,0.921162825406382
Tcas001328,0.085586888265374,4.99123673281581,0.787618763513406,0.921162825406382
Tcas001470,0.0832147381125205,8.65643174486666,0.78791061680948,0.921162825406382
Tcas000204,0.0631966898893037,11.900582283594,0.788339163166222,0.921162825406382
Tcas000830,0.074566196722279,13.100544604092,0.788542678499633,0.921162825406382
Tcas000877,0.104629827540353,7.50639970190181,0.788909883392351,0.921162825406382
Tcas000717,0.0660066738301959,6.92860693191005,0.789660543298573,0.921162825406382
Tcas001058,-0.136171280409583,5.20573912863537,0.789725539999061,0.921162825406382
Tcas001516,0.102059073317298,13.065641311218,0.789972048552925,0.921162825406382
Tcas000222,0.0518946424688166,8.07396864904119,0.791695990983243,0.922272702399612
Tcas001010,0.228525392018243,4.61435430750647,0.792245882907708,0.922272702399612
Tcas000216,-0.361578756533446,3.89966798459786,0.792748055530889,0.922272702399612
Tcas000155,0.106779930775999,5.08026587399978,0.794643777320073,0.922272702399612
Tcas000873,-0.0736054738585297,7.0885839462381,0.794660542899681,0.922272702399612
Tcas001377,-0.0505538227071662,7.8465810840494,0.794785105376988,0.922272702399612
Tcas001109,0.0477016363429985,9.73630136373295,0.795170166741673,0.922272702399612
Tcas001358,-0.101486988616388,5.3246539957955,0.795453128834533,0.922272702399612
Tcas001821,0.062602305375537,12.0372909271565,0.796288323506889,0.922584408956417
Tcas001520,0.058308201020697,9.42022953390705,0.797075299647866,0.922839845860962
Tcas001003,0.100320515541661,7.05536978363608,0.799848122276459,0.925392465332636
Tcas000930,-0.0698892633099692,7.56720868942605,0.800950688459597,0.925548462806105
Tcas002157,-0.0759377339412804,5.86885602065159,0.801119295614861,0.925548462806105
Tcas001441,0.208181913420744,8.29144220665426,0.802799195911326,0.926794216127837
Tcas000032,-0.3923122301293,5.49661459902525,0.8033354408671,0.926794216127837
Tcas000991,0.047085246054928,8.62341726697265,0.804584955952573,0.927468620553602
Tcas000769,-0.0841118906886515,8.85940300881295,0.805058704397049,0.927468620553602
Tcas000801,0.0663486582696195,6.16109470881654,0.808185587545562,0.929005783278949
Tcas000512,-0.072852209825879,5.80735239137736,0.808244336203243,0.929005783278949
Tcas001504,-0.0591917760842988,6.47040033480743,0.808671426641879,0.929005783278949
Tcas000187,0.0549245425147332,6.27616071583869,0.809299264538039,0.929005783278949
Tcas000351,-0.0999788581408567,4.67006646399742,0.809686479767276,0.929005783278949
Tcas001668,-0.0555126141636235,11.7772767739848,0.810375191264445,0.929005783278949
Tcas000358,-0.0545630027114061,7.7905216762015,0.810385032559476,0.929005783278949
Tcas001493,-0.144301555983382,4.13852213399439,0.811827093248479,0.930004454923891
Tcas000602,0.0952129445318141,5.88858678035166,0.81331008265596,0.930381533746518
Tcas000468,-0.096109650681021,4.53692711612659,0.813384168468683,0.930381533746518
Tcas001158,0.0519452715965415,9.2403753242891,0.814314806134549,0.930381533746518
Tcas001079,0.083814871090483,6.16050824348614,0.81444080240794,0.930381533746518
Tcas001535,0.0869552904910677,6.61735125590957,0.815831533934833,0.931317147007599
Tcas001108,-0.250881822607962,10.5746591960364,0.817054897451203,0.931676999744537
Tcas000519,-0.0516577887808642,7.42344383757956,0.81751321674835,0.931676999744537
Tcas000118,-0.0531885490072124,6.99503057984477,0.818698622592501,0.931676999744537
Tcas000221,0.196628177889505,4.66399462589188,0.820015283203803,0.931676999744537
Tcas000272,0.0424116309590795,9.53391556790837,0.820030474385496,0.931676999744537
Tcas000225,-0.052967362952886,7.333141267218,0.820031277942358,0.931676999744537
Tcas001240,-0.0854512657642665,15.552484921603,0.820310606368646,0.931676999744537
Tcas000328,-0.0474824903669961,8.51937113657541,0.820831386701968,0.931676999744537
Tcas001508,0.179182745492884,9.16210953011143,0.821294150787695,0.931676999744537
Tcas001095,0.0478031785495777,7.37534561094962,0.822390106348876,0.931820667296335
Tcas001491,-0.140771281932624,3.67309330691455,0.822564837060853,0.931820667296335
Tcas001822,-0.0442461301666159,9.36796549740435,0.824194046224355,0.932720918489259
Tcas001076,0.0694793424989626,7.80913522774017,0.824504679327522,0.932720918489259
Tcas000085,0.0662113944366566,5.78791931858165,0.826292728892481,0.932907905972335
Tcas000590,0.0431743835764977,9.70327546002195,0.826638650918259,0.932907905972335
Tcas000170,0.0543728820901123,6.48058115927837,0.826954703762514,0.932907905972335
Tcas000327,-0.0463544794644637,7.76946386619463,0.826960722052824,0.932907905972335
Tcas000136,-0.0713899213646188,10.2988695417251,0.829747373087398,0.935200531218796
Tcas002264,0.120354793611993,8.256053337316,0.831817231230799,0.935200531218796
Tcas001420,0.0598481575559875,9.2177241457223,0.832104924947589,0.935200531218796
Tcas000220,-0.0506221876518139,8.96292155011682,0.833109457246966,0.935200531218796
Tcas000787,0.0723116108688516,6.86449194134296,0.833196784386478,0.935200531218796
Tcas000681,0.0481114923460127,7.21099953714878,0.835095038735649,0.935200531218796
Tcas001299,-0.116625054813833,5.489265702816,0.836910193596793,0.935200531218796
Tcas000585,-0.14857677801156,5.72699795136463,0.837128343220814,0.935200531218796
Tcas000629,0.0403381962546422,7.19019793620564,0.837820609042319,0.935200531218796
Tcas001643,0.0579904712237893,10.7601646146345,0.838277415070565,0.935200531218796
Tcas000864,-0.0802979168715951,6.07921604775829,0.838345998550111,0.935200531218796
Tcas000729,-0.040331631363876,6.80081091084017,0.838560003611686,0.935200531218796
Tcas001273,-0.0373588610484485,9.52800507307396,0.838992920964197,0.935200531218796
Tcas001992,0.0451211807974085,10.8391962410413,0.839856809148517,0.935200531218796
Tcas000703,-0.0433605136146341,9.75951277380574,0.839893926789597,0.935200531218796
Tcas001042,-0.155886472121746,4.10530756187555,0.840042603382247,0.935200531218796
Tcas001002,0.0484306079702678,11.1938609410858,0.840621895554079,0.935200531218796
Tcas001529,0.0390720244797427,10.1172911325897,0.840995058536907,0.935200531218796
Tcas000488,-0.0680973761635571,5.67695310676071,0.841390339661709,0.935200531218796
Tcas000207,-0.0738008136936998,9.46905603811875,0.841398438359995,0.935200531218796
Tcas002304,0.101469100194715,4.98150095582478,0.841749981386087,0.935200531218796
Tcas000531,0.113915332246631,4.06688296899967,0.842543437465152,0.935200531218796
Tcas001069,-0.038402668757827,8.00337055266804,0.842623203397758,0.935200531218796
Tcas000747,0.0456970157183111,8.48257512425146,0.843154913804392,0.935200531218796
Tcas000870,0.052298230658124,8.30821185987551,0.843345353198533,0.935200531218796
Tcas001023,0.0796031505196505,6.08910871769337,0.844591508270542,0.935945283654907
Tcas001577,-0.0337979337769137,7.80481137770167,0.847053488417874,0.938035440266973
Tcas000402,0.0381248235796731,7.40124774443879,0.847882187372407,0.938315273933187
Tcas000149,-0.0379175012504015,7.97646208133927,0.848701697320733,0.938584565468754
Tcas000647,-0.0730486687219357,5.15724584294221,0.850827227788786,0.940296848078652
Tcas001127,0.084959313022954,5.23358675371686,0.85146614120467,0.940364978998243
Tcas001678,0.086172199231213,5.40029451971369,0.852949017222644,0.940839634712926
Tcas000414,0.096002687944288,7.88718652985196,0.853502391771708,0.940839634712926
Tcas000761,-0.0624370096723484,5.42507315937501,0.853628594294478,0.940839634712926
Tcas002193,-0.0351484389640391,7.20902418328959,0.854953897624887,0.941586906473643
Tcas001758,0.0581876631396,6.37413028734708,0.855462628349289,0.941586906473643
Tcas002377,-0.0532061091957954,11.4502090954238,0.856105663926017,0.94165842439938
Tcas001749,-0.0375066059207973,7.16225297098289,0.856977910410752,0.941981792212629
Tcas000215,0.185948463630355,3.69708934717966,0.857739191879799,0.942096277336069
Tcas001049,-0.170547277825632,6.43692703221156,0.858238720421564,0.942096277336069
Tcas002096,-0.0538299360429086,10.5549058357716,0.86130465448433,0.944301127788211
Tcas001238,-0.0363650924115961,9.80517746567719,0.861406676423131,0.944301127788211
Tcas001162,-0.0373016785591676,7.5177427820823,0.862210966069178,0.944547184752314
Tcas000834,0.0724240576269148,9.03476914038273,0.86285291764263,0.944615190080541
Tcas000813,0.0336091138158835,9.07831381531872,0.864412526946349,0.945687042575959
Tcas001397,-0.0589430793911875,6.39735110219534,0.865083471983601,0.945785889839789
Tcas000323,-0.0503174825973995,6.9375252812056,0.866086537012517,0.94586578723108
Tcas001546,0.0399010599845191,6.43454046506248,0.866317835818767,0.94586578723108
Tcas001403,0.0474879335891635,6.75419505266979,0.867683705564066,0.946214332363946
Tcas000617,-0.049268003775394,6.8770390917044,0.867798779958094,0.946214332363946
Tcas001040,0.0286707801195166,8.81534737312664,0.869235139016186,0.947047468533003
Tcas001971,-0.0290875326300098,8.26599181518219,0.869725606461248,0.947047468533003
Tcas001369,-0.114002644188127,6.2207380592741,0.871294773467275,0.948042703497714
Tcas000384,-0.0946478128861686,4.11532159172153,0.872206961879391,0.948042703497714
Tcas001811,0.032356603118894,9.8618075462397,0.872385520284269,0.948042703497714
Tcas000111,-0.0315836607550115,8.48591812609387,0.876404661896698,0.95110607849111
Tcas001669,0.0414879036356598,7.8816497366161,0.876895412977719,0.95110607849111
Tcas000664,-0.038508502818663,7.44018380186428,0.877054374995676,0.95110607849111
Tcas000927,-0.0853685150775924,8.82431126632704,0.877539862475223,0.95110607849111
Tcas000797,0.0420488391660074,8.37860141340387,0.879218442585957,0.951967722442343
Tcas000264,-0.0550192912927061,10.2150082518192,0.879503635528377,0.951967722442343
Tcas000755,0.0440381308641201,8.96203650741158,0.880110786233187,0.951992344471356
Tcas001063,-0.059760306582443,7.44301926883569,0.880866124521172,0.952177118012601
Tcas000982,0.0367930443486638,7.51610560111565,0.882924463846371,0.953251272864647
Tcas000079,0.0351927955841198,11.8997075538457,0.883030184624157,0.953251272864647
Tcas001355,0.0351959863715185,12.3597985904883,0.884040539828989,0.953300887272932
Tcas000550,0.061130424780403,5.54614179443855,0.884246556580356,0.953300887272932
Tcas000697,0.0624351270486838,7.40519766273347,0.885532242869563,0.953941605579805
Tcas001447,-0.0301098985020242,7.41560882744258,0.886012062149935,0.953941605579805
Tcas000866,-0.249723990541333,7.44688464627927,0.889488578932731,0.957052110357608
Tcas001685,0.0506944988559015,10.1958441433424,0.890133170407304,0.957113488180527
Tcas000401,-0.0338881583184294,10.5168987813501,0.890750609036528,0.957145608258907
Tcas000422,0.0340344020042739,7.03537064510418,0.89280388569146,0.958684848551236
Tcas001688,-0.136872950288334,6.85588463393506,0.893360098281631,0.958684848551236
Tcas000418,-0.0282409993846939,10.2699582426383,0.894295352828768,0.959055607196797
Tcas000211,0.0408550805518092,6.5474120867771,0.894883071171965,0.959055607196797
Tcas001650,-0.0572453936843631,4.56919543249558,0.895550933998078,0.959140349429894
Tcas000744,-0.0572652133501174,4.67944199578823,0.898871524774279,0.96206420095749
Tcas001995,-0.032821521701611,7.13988816653994,0.899912348647511,0.962545775408271
Tcas000532,0.0242650288241298,7.27208090618853,0.901757823603459,0.963289050395684
Tcas000113,-0.0309914395945092,7.47406716782444,0.902057888692292,0.963289050395684
Tcas001672,0.0372748210457314,6.02080013150236,0.902417814157945,0.963289050395684
Tcas000169,0.0274906579087614,7.77806871668757,0.903333155643495,0.963289050395684
Tcas001561,-0.0329768443971664,7.44926126093675,0.903563946595829,0.963289050395684
Tcas002070,-0.110389606138202,3.57711308885196,0.906991181326811,0.966310421439748
Tcas000766,-0.0229328559672659,8.18775974580046,0.908012178200993,0.966629228198755
Tcas001536,0.118095871258126,5.29849279910054,0.908477193598707,0.966629228198755
Tcas001566,0.0508490732121075,5.97739025077312,0.909229808186682,0.966798536250721
Tcas000176,-0.0268084058391026,8.21571611520531,0.912113022587559,0.969231646311241
Tcas001775,0.0249438028628018,8.65563771487732,0.915410844829357,0.971471240692094
Tcas001742,0.0405576596709355,6.72341707618727,0.915447695284742,0.971471240692094
Tcas000015,0.0310086621825492,5.94497064902591,0.916244829882817,0.971471240692094
Tcas001326,-0.0218800402009367,9.32500603352752,0.916606075471914,0.971471240692094
Tcas001969,0.0189954917157038,8.00038780098658,0.919324746939507,0.973417993856275
Tcas002072,0.0289300862690625,6.137616127008,0.919637994195707,0.973417993856275
Tcas000969,0.0337759050080966,7.12400937722727,0.921430300467229,0.974681791857868
Tcas000399,-0.0258500670600969,7.84184702079412,0.922291439169427,0.974959607012976
Tcas000440,0.0231344413563943,5.48915513352072,0.926351680905305,0.978616659010857
Tcas002099,0.0203964304026971,9.02459427759277,0.931253406956022,0.983157355755904
Tcas001202,-0.0239543442151419,9.69247705054925,0.932632013385111,0.983564992473664
Tcas001102,0.0159238595236457,9.53723454085106,0.935474378024128,0.983564992473664
Tcas000279,0.0184846122701964,11.0542753280973,0.93613033790683,0.983564992473664
Tcas000448,-0.0590089797044201,5.72898534630726,0.936725209026255,0.983564992473664
Tcas000907,0.0244491128123145,5.73500603826619,0.937151192898724,0.983564992473664
Tcas002133,0.0394748363077632,5.60321450140734,0.937230248526024,0.983564992473664
Tcas000789,-0.0166005649933489,5.64200731395369,0.937434079118227,0.983564992473664
Tcas001497,0.0280448053923349,6.00417352291635,0.937672073586721,0.983564992473664
Tcas000492,0.0195022297853234,7.33943480986349,0.937755985376244,0.983564992473664
Tcas001600,-0.0219097527391393,7.07159477398407,0.938085520032949,0.983564992473664
Tcas000160,-0.0716747174732953,6.65617080389418,0.938281153041175,0.983564992473664
Tcas000588,-0.0175925180617558,11.0700214358614,0.939579035168531,0.984292121086519
Tcas000893,-0.022628233182049,6.07231346652049,0.941387569390843,0.98555292451008
Tcas001180,0.0346109449107495,5.66207148981071,0.942862763337523,0.986463353549662
Tcas000827,-0.0145473510301838,7.9295251181909,0.945589480318113,0.987363976380006
Tcas000507,-0.0137635887774409,6.39638502242347,0.94587520386687,0.987363976380006
Tcas002373,-0.0622696229347646,4.64268383261011,0.946442563803837,0.987363976380006
Tcas002233,0.024381990405384,5.61971899711588,0.946740844106028,0.987363976380006
Tcas000200,0.0621312325553428,6.14538532163834,0.947199313472422,0.987363976380006
Tcas000257,0.0742348302840266,4.69987672892055,0.947789170409924,0.987363976380006
Tcas000435,0.0298129555726821,4.41923138615299,0.948376336161364,0.987363976380006
Tcas001248,0.022059885704341,6.70224507066458,0.949064443363082,0.987363976380006
Tcas001008,-0.0349360947150937,5.7302383051959,0.949178629227188,0.987363976380006
Tcas001737,-0.0235037988312021,6.56895612481563,0.951120229252784,0.987792126749482
Tcas001164,-0.0137433075061833,8.50509332894878,0.951174924600407,0.987792126749482
Tcas000593,0.035402778735403,5.50433729147135,0.9524432405212,0.987792126749482
Tcas002263,0.0336666481390927,5.82488428086333,0.952706148629485,0.987792126749482
Tcas001193,0.0151274998845066,9.04294187851792,0.952907547786775,0.987792126749482
Tcas001331,-0.0133427279998236,7.96816537976255,0.953228498005025,0.987792126749482
Tcas002213,0.0120502701577425,9.73254154553424,0.957717929649615,0.991796507988165
Tcas001569,0.0152413960026934,6.24063071446929,0.958472543520132,0.991796507988165
Tcas000857,-0.017280859980758,6.32103788895276,0.958967635600484,0.991796507988165
Tcas001648,0.0116077456703007,9.9431555032937,0.960115463950672,0.991796507988165
Tcas000745,0.0124883394518966,8.70495375254992,0.960136950949869,0.991796507988165
Tcas001284,0.0352232514997026,5.42637223791183,0.960966931279683,0.992024797879977
Tcas000816,-0.00949893873012511,8.68072447973744,0.963533282341871,0.994044152587022
Tcas001660,0.0282396449034425,5.00236362343113,0.965811518083306,0.994871984828563
Tcas001462,0.0360894322301656,6.21339250814691,0.967577853171987,0.994871984828563
Tcas001381,-0.0245007874080925,6.06251071209547,0.968056944307183,0.994871984828563
Tcas001478,0.0562279836076024,4.68055739353367,0.968198498144607,0.994871984828563
Tcas000001,0.0258167528862423,6.49475493938029,0.968412991561656,0.994871984828563
Tcas002341,-0.010809432327644,10.6657025660919,0.968538848827922,0.994871984828563
Tcas000472,0.0195883717947608,5.68952684833283,0.969042401475203,0.994871984828563
Tcas000539,-0.0302234129156914,5.36222036813504,0.969427620935039,0.994871984828563
Tcas001046,0.0132330663577403,5.88571002473122,0.970595958011832,0.994871984828563
Tcas000031,-0.00842715257997168,10.4504028566775,0.970634456474383,0.994871984828563
Tcas000878,-0.00793505090160014,9.02408317071276,0.971053686849241,0.994871984828563
Tcas000368,-0.0141169886570565,5.87107488312849,0.973646472220507,0.996901384819112
Tcas001356,0.00885561098582234,7.63524030258692,0.975004759809611,0.996935592925204
Tcas000606,-0.0117909701269206,7.88814371751699,0.975432953160112,0.996935592925204
Tcas001907,-0.021408395599029,6.91711894987612,0.975935883955898,0.996935592925204
Tcas000284,0.0103330827152458,7.9953316746792,0.976127851881952,0.996935592925204
Tcas001394,-0.020434621215325,6.34111606267972,0.977621720309814,0.997835703248551
Tcas001112,0.0111324948164624,6.75375862752452,0.978744148611257,0.99835580343628
Tcas000633,-0.00599832202407516,8.15043874443167,0.980638573310089,0.999322938630694
Tcas000515,0.00964217082080997,7.00318318683625,0.980919201271013,0.999322938630694
Tcas001687,-0.0116986996473617,6.84703667211546,0.982238451513482,0.999743606620542
Tcas001459,-0.00538765611284347,12.3683372998593,0.982850767780012,0.999743606620542
Tcas000692,-0.00446810757404458,8.0131583104381,0.983173270599207,0.999743606620542
Tcas002047,0.00379283340056591,9.32621907772019,0.985095213680833,1
Tcas001391,0.00794607520101092,7.09802199733653,0.985378169563055,1
Tcas001148,-0.00301185151139283,9.63271996714533,0.989356929631246,1
Tcas002227,-0.00122779549577581,9.0113666864197,0.998416526600164,1
Tcas000843,-0.0106852652499998,7.08182755939978,0.999999999999999,1
Tcas000727,0.0136051324412568,5.46203272981069,0.999999999999999,1
Tcas001117,-0.0184911755924561,4.99660592356613,1,1
Tcas000098,-0.00402494211456078,7.79919396743738,1,1
Tcas002306,0.0149075358706564,4.25112881111163,1,1
Tcas001605,-0.0275153328157287,5.81865102104513,1,1
Tcas000151,-0.0253898190125008,3.98593367234222,1,1
Tcas000398,0.0201891833471558,5.80836580938412,1,1
Tcas000095,0.018040911351203,4.55682399183974,1,1
Tcas001161,0.015860193361215,4.66705290570711,1,1
Tcas001104,-0.0156739509967286,3.85012951173145,1,1
Tcas000291,-0.0154514314530715,5.79946443782252,1,1
Tcas000052,0.0140292877123789,4.52915244128809,1,1
Tcas000645,0.0109376591731822,4.57623015560562,1,1
Tcas000738,0.0108525861128412,3.51243821957584,1,1
Tcas000460,-0.00848597510349021,7.25685216990116,1,1
Tcas001390,-0.00841736246971556,4.07800845822101,1,1
Tcas001278,-0.00310375754394172,6.1642754844619,1,1
Tcas001113,-0.00279503893544549,5.23719429420972,1,1
Tcas000054,0.00230478713927993,8.11178655161218,1,1
Tcas001099,0.000341941081917185,8.00353579717368,1,1
Tcas000033,0.000340654983773144,7.26670679404478,1,1
Tcas001948,0.000181270486227393,9.15780226652875,1,1
