Gene,ATCC_1_S1.g,ATCC_2_S2.g,ATCC_3_S3.g,ATCC_4_S4.g,CURE_2-1_S5.g,CURE_2-2_S6.g,CURE_2-3_S7.g,CURE_2-4_S8.g,CURE_33-1_S9.g,CURE_33-2_S10.g,CURE_33-3_S11.g,CURE_33-4_S12.g
gene-OO714_RS00005,14402,15556,15239,11827,3762,4475,2196,4353,3678,3765,3063,3569
gene-OO714_RS00010,8252,8613,8566,7020,1909,2618,1294,2440,1811,1790,1424,1707
gene-OO714_RS00015,3275,3492,3602,2663,828,954,527,986,1183,1283,744,686
gene-OO714_RS00020,21062,22674,21509,18852,6799,8951,4417,8370,7353,7656,6132,6814
gene-OO714_RS00025,6120,6255,6147,5226,1655,1784,939,1548,1493,1275,1561,1493
gene-OO714_RS00030,458,587,562,458,178,275,140,227,137,192,146,151
gene-OO714_RS00035,1835,2116,2057,1663,726,851,435,869,667,623,486,680
gene-OO714_RS00040,554,645,624,462,156,124,66,158,138,190,98,104
gene-OO714_RS00045,3342,3605,3281,4252,1126,1234,626,1243,1427,1284,1187,1325
gene-OO714_RS00050,1701,1860,1621,1148,627,622,333,633,642,722,464,560
gene-OO714_RS00055,5981,5626,4946,3995,3644,3657,1930,3815,4672,3477,3956,4143
gene-OO714_RS00060,2431,2707,2639,1986,391,417,214,460,438,459,333,416
gene-OO714_RS00065,3482,3508,3485,2999,1649,2082,974,1964,1452,1462,1344,1587
gene-OO714_RS00070,3365,3379,3275,3480,1336,1796,819,1640,1197,1135,967,1175
gene-OO714_RS00100,1158,1338,1376,966,242,314,134,297,264,405,238,288
gene-OO714_RS00105,949,787,911,826,382,465,260,461,361,390,356,351
gene-OO714_RS00110,4017,4539,4747,4708,977,1269,558,1210,764,746,762,887
gene-OO714_RS00115,420,381,347,328,183,173,71,167,183,149,253,240
gene-OO714_RS00120,1024,969,1031,857,825,943,471,887,782,806,611,707
gene-OO714_RS00125,850,906,944,959,519,732,345,603,506,596,417,487
gene-OO714_RS00130,5388,5754,5307,5036,3490,4537,2098,4414,2744,2501,2644,3258
gene-OO714_RS00135,2166,2442,2297,1794,1416,1599,844,1599,1600,1760,1213,1384
gene-OO714_RS00140,727,787,755,583,216,226,125,211,215,161,186,174
gene-OO714_RS00145,693,707,716,593,203,232,113,211,220,274,148,150
gene-OO714_RS00150,1000,1060,1015,969,610,775,330,739,537,480,454,522
gene-OO714_RS00155,4392,4802,4289,5173,2784,3267,1687,3256,2380,2281,1915,2130
gene-OO714_RS00160,490,466,430,394,550,598,318,602,557,647,403,514
gene-OO714_RS00165,845,899,863,1015,983,1414,572,1221,1367,1324,1303,1735
gene-OO714_RS00170,1252,1238,1245,1302,1287,1892,898,1705,1731,1529,1402,1768
gene-OO714_RS00175,1061,1220,1142,888,279,402,197,381,249,219,263,290
gene-OO714_RS00180,18565,19308,18203,14143,7165,8951,4112,9123,6669,6866,6060,7323
gene-OO714_RS00185,166,239,221,184,56,83,41,76,63,79,56,57
gene-OO714_RS00190,2017,2035,2095,2598,1452,1813,869,1712,1419,1391,1577,1719
gene-OO714_RS00195,841,966,965,841,660,705,313,729,657,643,529,665
gene-OO714_RS00200,626,712,642,593,403,424,250,450,432,370,322,414
gene-OO714_RS00205,296,278,301,220,148,192,91,150,118,159,96,138
gene-OO714_RS00210,575,665,580,495,217,257,125,290,254,297,200,231
gene-OO714_RS00215,108,148,115,75,60,62,30,42,57,56,37,38
gene-OO714_RS00220,0,0,6,2,1,1,0,0,2,1,3,0
gene-OO714_RS00225,2030,2113,2063,1601,728,937,426,906,531,611,523,572
gene-OO714_RS00230,2289,2488,2196,2866,1265,1471,756,1529,920,883,927,1170
gene-OO714_RS00235,517,572,607,536,212,335,119,342,195,251,160,175
gene-OO714_RS00240,121,139,113,105,100,135,52,108,52,60,51,53
gene-OO714_RS00245,647,656,641,568,429,460,278,477,319,293,297,352
gene-OO714_RS00250,690,752,727,605,468,614,315,626,467,461,310,427
gene-OO714_RS00255,566,595,593,711,413,578,259,533,369,421,286,307
gene-OO714_RS00260,1147,1193,1146,2332,1012,1336,685,1211,814,850,772,874
gene-OO714_RS00265,178,177,157,520,739,725,348,711,1424,1371,1152,1102
gene-OO714_RS00270,1038,1143,1115,798,661,575,292,677,544,593,483,527
gene-OO714_RS00275,2313,2466,2256,1972,701,778,423,805,610,608,581,741
gene-OO714_RS00280,6218,6543,6249,4937,2735,3005,1477,3240,2086,1868,2009,2203
gene-OO714_RS00285,2843,3020,2993,2292,634,687,380,771,546,531,446,575
gene-OO714_RS00290,704,733,717,478,118,129,66,158,165,164,92,77
gene-OO714_RS00295,1312,1434,1339,1412,1055,1658,796,1470,960,926,735,806
gene-OO714_RS00300,1227,1321,1206,1130,1991,2711,1293,2313,2097,2255,1445,1719
gene-OO714_RS00305,4940,5427,5001,5036,2982,4179,1973,3698,3121,3252,2450,2865
gene-OO714_RS00310,412,459,411,422,339,458,236,485,303,321,270,300
gene-OO714_RS00315,864,896,911,745,379,489,217,507,290,230,279,323
gene-OO714_RS00320,579,660,612,465,179,206,105,191,120,180,127,144
gene-OO714_RS00325,205,204,208,190,88,67,36,80,51,54,38,36
gene-OO714_RS00330,1814,2036,1885,1848,437,544,299,490,153,208,147,141
gene-OO714_RS00335,1761,1956,1881,1459,1211,1442,746,1419,1031,1115,900,1142
gene-OO714_RS00340,241,283,264,290,130,119,55,97,61,85,40,46
gene-OO714_RS00345,213,250,217,222,144,175,84,148,73,88,55,48
gene-OO714_RS00350,2005,2178,2097,2187,1257,1625,775,1442,441,414,364,386
gene-OO714_RS00355,947,1047,993,868,493,560,280,582,245,225,209,228
gene-OO714_RS00360,71,113,93,73,129,176,92,142,104,99,68,75
gene-OO714_RS00365,185,227,170,149,338,284,200,352,135,134,109,116
gene-OO714_RS00370,687,801,820,599,182,164,94,161,129,158,122,112
gene-OO714_RS00375,2457,2632,2503,1919,686,844,429,958,604,704,495,639
gene-OO714_RS00380,1244,1348,1193,831,321,374,173,366,279,250,202,293
gene-OO714_RS00385,37756,40538,37903,34378,11453,14036,6738,13674,8005,7185,6870,7854
gene-OO714_RS00390,9270,10106,10468,10132,1624,2346,1120,2307,892,729,773,992
gene-OO714_RS00395,3556,3758,3951,3837,581,753,359,640,361,312,366,386
gene-OO714_RS00400,1171,1122,1197,1105,280,381,177,331,183,143,113,179
gene-OO714_RS00405,489,460,481,367,134,161,92,177,123,129,101,90
gene-OO714_RS00410,1594,1736,1554,1180,423,442,214,500,332,402,325,333
gene-OO714_RS00415,1210,1322,1151,807,283,296,157,303,327,435,227,251
gene-OO714_RS00420,1947,1949,1990,1466,323,407,193,410,279,275,219,244
gene-OO714_RS00425,6097,6423,5944,6205,6114,7621,3804,6987,5935,5344,4935,5605
gene-OO714_RS00430,2680,2896,2631,2517,2407,3398,1689,3165,2563,2693,2018,2517
gene-OO714_RS00435,2078,2441,2349,1974,1116,1493,689,1478,1178,838,1345,1665
gene-OO714_RS00440,1931,2080,1989,1647,1030,1402,616,1242,834,793,782,980
gene-OO714_RS00445,768,696,648,690,853,1131,559,917,796,909,532,549
gene-OO714_RS00450,1605,1659,1566,1741,1219,1416,696,1344,912,915,808,1029
gene-OO714_RS00455,4676,4763,4248,4787,3580,4624,2318,4223,3383,3137,2811,3255
gene-OO714_RS00460,1719,1806,1687,1509,1807,2508,1208,2222,1767,1793,1321,1430
gene-OO714_RS00465,1802,2057,1801,1946,1428,1924,895,1784,1240,1233,1080,1277
gene-OO714_RS00470,28666,26547,23522,21973,7400,8331,3924,8273,7235,6195,9311,10384
gene-OO714_RS00475,3888,3929,3493,2608,2256,2754,1431,2595,2330,2644,1975,1985
gene-OO714_RS00480,477,512,512,402,176,193,124,204,184,224,144,139
gene-OO714_RS00485,1394,1508,1357,1053,418,541,265,519,467,472,342,364
gene-OO714_RS00490,510,495,566,422,129,147,97,176,86,106,120,129
gene-OO714_RS00495,1398,1518,1331,1080,1026,1233,636,1122,1010,1227,793,801
gene-OO714_RS00500,1013,1246,1098,849,942,1123,525,1084,939,982,682,775
gene-OO714_RS00505,3103,3313,3053,2306,1274,1479,673,1387,878,861,921,1007
gene-OO714_RS00510,1297,1385,1400,1291,594,732,336,641,563,495,417,539
gene-OO714_RS00515,2413,2758,2564,2274,898,1114,500,1028,917,934,782,942
gene-OO714_RS00520,1436,1640,1612,1609,753,876,405,835,726,763,532,630
gene-OO714_RS00525,1573,1671,1570,1252,790,872,460,785,1072,1069,837,833
gene-OO714_RS00530,4745,5094,4917,3883,2127,2659,1172,2509,2291,2211,2214,2753
gene-OO714_RS00535,1076,1158,1182,914,1226,1568,644,1421,1514,1366,1113,1258
gene-OO714_RS00540,1126,1191,1140,972,789,1051,503,962,813,848,718,802
gene-OO714_RS00545,1752,1735,1719,1775,1221,1522,723,1637,1221,1052,1095,1402
gene-OO714_RS00550,322,325,337,460,432,675,268,629,443,471,350,441
gene-OO714_RS00555,311,363,322,358,394,495,232,412,378,349,287,344
gene-OO714_RS00560,2175,2394,2184,1895,1613,2093,1039,2038,1537,1313,1314,1560
gene-OO714_RS00565,729,807,756,783,506,559,307,618,333,315,352,398
gene-OO714_RS00570,2253,2430,2273,1912,732,793,392,858,643,638,469,581
gene-OO714_RS00575,1366,1560,1337,1049,832,833,430,775,810,1246,554,571
gene-OO714_RS00580,295,340,296,208,129,203,81,173,169,175,126,109
gene-OO714_RS00585,1843,2040,1885,1538,1334,1558,835,1562,1531,1627,1380,1357
gene-OO714_RS00590,657,767,754,581,227,324,188,271,360,387,243,268
gene-OO714_RS00595,5731,5962,5697,4902,2112,2617,1289,2354,2555,2360,2043,2502
gene-OO714_RS00600,4250,4357,4059,4522,2367,2643,1352,2732,2275,1981,1991,2470
gene-OO714_RS00605,771,823,725,610,424,460,306,537,346,388,290,334
gene-OO714_RS00610,972,1104,1036,778,321,373,216,403,256,300,239,292
gene-OO714_RS00615,688,788,778,667,102,101,83,139,111,117,87,98
gene-OO714_RS00620,371,385,424,606,298,366,200,366,179,185,114,183
gene-OO714_RS00625,569,612,623,467,222,287,168,262,234,163,186,242
gene-OO714_RS00630,102,123,120,85,27,33,9,27,21,29,27,17
gene-OO714_RS00635,82,113,115,66,48,34,25,35,30,31,19,38
gene-OO714_RS00640,499,570,577,444,254,226,111,239,184,195,135,171
gene-OO714_RS00645,2618,2691,2278,3583,4795,5781,2815,5091,4286,5237,2815,3039
gene-OO714_RS00650,291,351,262,264,322,356,210,326,367,567,218,215
gene-OO714_RS00655,2725,2835,2658,2497,1414,1872,850,1863,1347,1209,1130,1249
gene-OO714_RS00660,2765,2849,2815,2247,1243,1627,856,1550,1150,1129,848,1021
gene-OO714_RS00665,1317,1503,1516,1073,428,477,234,519,404,432,346,328
gene-OO714_RS00670,1041,1094,1081,939,330,413,161,358,326,407,260,294
gene-OO714_RS00675,851,896,668,675,2911,3123,1603,3025,2933,3795,1762,1702
gene-OO714_RS00680,290,325,224,254,126,151,84,149,121,231,91,122
gene-OO714_RS00685,843,883,774,827,667,882,449,855,761,616,559,585
gene-OO714_RS00690,1484,1640,1464,1534,526,759,324,676,368,371,439,465
gene-OO714_RS00695,1426,1616,1472,2754,394,384,187,412,533,517,439,455
gene-OO714_RS00700,214,257,197,126,194,154,103,170,216,179,163,131
gene-OO714_RS00705,1239,1361,1208,1231,947,1254,636,1175,964,1069,970,1097
gene-OO714_RS00710,4030,4127,3902,3138,2402,2926,1377,2912,2211,2250,2186,2493
gene-OO714_RS00715,3811,4008,3734,3045,2700,3630,1808,3445,2745,2575,2102,2502
gene-OO714_RS00720,2418,2643,2486,2010,1612,1972,933,1936,1467,1485,1200,1369
gene-OO714_RS00725,1574,1734,1691,1348,898,1083,564,1019,798,883,642,759
gene-OO714_RS00730,5680,6310,5613,5063,3955,4420,2248,4346,3773,3294,2888,3381
gene-OO714_RS00735,10627,11160,9938,10802,8181,9807,4828,9549,8199,7979,6997,8319
gene-OO714_RS00740,3243,3255,3274,2379,1273,1453,765,1381,1142,1068,1171,1357
gene-OO714_RS00745,832,917,806,997,224,306,176,316,232,233,201,260
gene-OO714_RS00750,1680,1883,1608,2435,733,993,490,923,817,833,649,763
gene-OO714_RS00755,8070,8615,7565,14421,14750,16566,8860,15789,13606,13849,9701,11095
gene-OO714_RS00760,16156,16633,14314,22473,24695,27020,13867,26063,22706,17000,18343,21407
gene-OO714_RS00765,353,389,432,354,120,114,42,138,114,112,103,97
gene-OO714_RS00770,10155,11240,10115,7843,1908,2073,1009,2175,1864,1730,1795,1946
gene-OO714_RS00775,2467,2497,2477,3376,1065,969,575,1004,1719,1882,1507,1646
gene-OO714_RS00780,1581,1692,1471,1135,379,456,226,464,330,299,269,308
gene-OO714_RS00785,1525,1537,1418,950,273,306,148,320,222,238,211,242
gene-OO714_RS00790,22247,23982,22080,21831,11205,13962,6607,13147,10177,8380,9563,11884
gene-OO714_RS00795,4744,4834,4505,5328,4107,4963,2340,5008,3680,3314,3852,4420
gene-OO714_RS00800,1303,1295,1287,1217,1132,1346,674,1374,1280,1164,963,1219
gene-OO714_RS00805,2350,2526,2507,2029,1287,1614,733,1553,1152,1024,1003,1196
gene-OO714_RS00810,4510,4914,4218,12082,58176,72977,35603,63805,73613,66636,57683,65277
gene-OO714_RS00815,4958,5165,4610,3673,2306,3025,1322,2694,1691,1727,1828,2067
gene-OO714_RS00820,1125,1231,1074,1133,533,595,312,521,521,459,552,531
gene-OO714_RS00825,2113,2235,2001,2210,789,970,459,934,803,840,627,752
gene-OO714_RS00830,1095,1244,1181,1018,1045,1423,649,1265,873,928,907,1003
gene-OO714_RS00835,352,308,322,227,305,335,168,328,251,284,158,204
gene-OO714_RS00840,1440,1496,1474,1290,1017,1421,653,1336,933,1040,817,1073
gene-OO714_RS00845,426,475,468,365,258,296,139,290,202,227,178,194
gene-OO714_RS00850,2300,2445,2110,2867,1477,1569,824,1626,1707,1396,1295,1439
gene-OO714_RS00855,139,125,125,76,39,41,32,32,53,46,20,25
gene-OO714_RS00860,156,160,154,130,87,103,43,79,106,104,85,85
gene-OO714_RS00865,552,606,553,454,257,348,152,325,206,200,138,201
gene-OO714_RS00870,370,442,393,306,217,299,151,283,164,139,139,187
gene-OO714_RS00875,1990,2176,1920,1565,716,1080,545,1006,793,827,675,814
gene-OO714_RS00880,587,544,495,1661,174,163,82,192,169,189,148,181
gene-OO714_RS00885,2956,3142,3225,3130,1650,2031,899,1964,1549,1337,1223,1506
gene-OO714_RS00890,159,171,158,254,70,76,48,99,126,176,76,80
gene-OO714_RS00895,2461,2629,2387,3934,760,1014,469,991,768,719,595,757
gene-OO714_RS00900,316,325,396,321,160,152,98,170,198,196,137,151
gene-OO714_RS00905,5139,5469,5148,10828,2027,2835,1329,2534,1736,1524,1567,1849
gene-OO714_RS00910,27839,27416,26180,18763,25807,39894,18975,30621,15966,16005,11826,13067
gene-OO714_RS00915,2330,2582,2582,1898,432,467,258,531,505,597,413,443
gene-OO714_RS00920,16145,17083,17224,14347,5419,6992,3286,6826,6733,6347,5724,6999
gene-OO714_RS00925,419,423,380,310,488,546,317,525,483,411,350,401
gene-OO714_RS00930,805,826,763,902,862,1012,500,915,746,751,678,728
gene-OO714_RS00935,119,113,106,92,44,51,22,55,39,41,33,35
gene-OO714_RS00940,68,48,59,38,27,33,6,23,28,33,11,18
gene-OO714_RS00945,262,281,262,224,171,181,111,165,130,130,107,169
gene-OO714_RS00950,1663,1698,1626,2141,1364,1810,846,1670,903,741,937,1222
gene-OO714_RS00955,6047,6205,5784,4854,3606,3963,1961,3952,2822,2378,2851,3312
gene-OO714_RS00960,20020,20545,17666,14268,8076,9483,4627,9566,8858,8923,7891,9375
gene-OO714_RS00965,1,1,0,0,0,0,0,0,0,0,0,0
gene-OO714_RS00970,0,0,0,0,0,0,0,0,0,0,0,0
gene-OO714_RS00975,1,1,0,1,0,0,0,0,0,0,0,1
gene-OO714_RS00980,0,0,0,0,0,0,0,0,0,0,0,0
gene-OO714_RS00985,1,2,2,0,0,0,0,0,0,0,1,0
gene-OO714_RS00990,0,0,0,0,0,0,0,0,0,0,0,0
gene-OO714_RS00995,1,2,3,1,0,0,2,0,0,0,0,0
gene-OO714_RS01000,100,132,114,112,50,88,50,82,51,72,51,52
gene-OO714_RS01005,954,958,904,715,398,590,284,538,329,328,323,362
gene-OO714_RS01010,614,733,644,544,392,430,213,437,327,345,313,321
gene-OO714_RS01015,991,1145,1064,811,292,405,200,382,326,321,258,341
gene-OO714_RS01020,1255,1295,1218,1117,524,718,359,728,565,542,399,569
gene-OO714_RS01025,212,257,256,274,122,163,73,122,158,157,121,181
gene-OO714_RS01030,746,740,566,1475,4083,4149,2209,4110,5136,4544,4196,4513
gene-OO714_RS01035,393,415,391,343,223,284,178,288,274,272,210,264
gene-OO714_RS01040,436,430,447,624,214,261,117,194,243,191,158,169
gene-OO714_RS01045,995,1082,1102,927,459,513,228,518,417,362,357,457
gene-OO714_RS01050,1552,1626,1493,3044,1595,2033,1047,1865,1876,1777,1617,1892
gene-OO714_RS01055,684,758,669,508,164,227,113,196,246,251,206,267
gene-OO714_RS01060,389,439,389,320,357,518,246,460,458,410,286,376
gene-OO714_RS01070,953,1033,1060,1227,339,390,193,417,397,383,433,519
gene-OO714_RS01075,699,776,705,588,236,235,141,283,228,192,167,163
gene-OO714_RS01080,456,552,607,423,154,174,72,142,128,132,106,151
gene-OO714_RS01085,1460,1585,1320,987,609,660,348,658,590,681,437,469
gene-OO714_RS01090,1185,1165,1125,862,183,196,80,149,102,114,95,120
gene-OO714_RS01095,884,1035,1064,940,336,351,199,407,341,313,207,274
gene-OO714_RS01100,598,662,647,549,403,580,270,454,474,493,300,338
gene-OO714_RS01105,368,465,412,332,91,111,59,104,77,84,59,79
gene-OO714_RS01110,591,716,572,419,175,184,80,191,140,184,114,150
gene-OO714_RS01115,3101,3379,3056,2028,1554,1532,843,1547,1608,2300,1112,1051
gene-OO714_RS01120,1093,1200,1114,850,134,135,75,143,111,142,120,112
gene-OO714_RS01125,475,551,462,362,199,202,110,212,257,374,122,129
gene-OO714_RS01130,801,920,846,649,166,200,96,180,108,131,95,94
gene-OO714_RS01135,406,535,509,316,87,74,31,84,93,195,57,57
gene-OO714_RS01140,258,325,327,244,63,82,53,106,68,69,36,31
gene-OO714_RS01145,723,718,710,532,57,76,39,76,39,56,38,58
gene-OO714_RS01155,5931,6282,5831,5111,2746,2995,1513,2887,2166,1775,2058,2384
gene-OO714_RS01160,187,185,163,304,2254,3111,1680,2717,2238,2457,1701,2407
gene-OO714_RS01165,1082,1209,1075,867,699,777,383,786,661,618,461,576
gene-OO714_RS01170,173,214,198,130,65,62,29,69,52,52,25,28
gene-OO714_RS01175,159,182,166,152,123,140,45,119,91,121,119,108
gene-OO714_RS01180,1173,1237,1112,5136,914,1337,606,1224,769,661,830,1070
gene-OO714_RS01185,841,867,850,650,330,280,172,353,228,295,188,210
gene-OO714_RS01190,347,391,329,413,156,149,89,143,139,205,134,125
gene-OO714_RS01195,1678,1825,1517,1688,963,1192,562,1186,977,827,801,969
gene-OO714_RS01200,792,856,730,728,483,628,281,568,373,404,394,355
gene-OO714_RS01205,450,559,514,380,193,257,137,257,170,177,139,200
gene-OO714_RS01210,197,195,193,384,153,238,100,208,122,183,127,149
gene-OO714_RS01215,2694,2986,2851,1794,696,825,384,833,810,908,584,711
gene-OO714_RS01220,997,1085,962,711,317,375,193,401,290,332,314,325
gene-OO714_RS01225,2218,2276,1787,1970,1848,2142,1248,1888,1258,1233,1200,1280
gene-OO714_RS01230,363,347,357,304,150,193,88,168,165,187,96,119
gene-OO714_RS01235,668,738,694,661,180,228,122,260,199,240,138,153
gene-OO714_RS01240,3251,3268,3035,2576,955,1187,563,1222,785,669,785,958
gene-OO714_RS01245,2401,2424,2299,1930,1072,1413,626,1366,998,1017,938,982
gene-OO714_RS01250,1150,1252,1049,1370,1360,1614,820,1550,1135,1190,969,1345
gene-OO714_RS01265,208,231,223,181,164,149,94,153,151,159,117,133
gene-OO714_RS01270,9258,9548,8387,22941,7011,10701,4836,9697,5921,5849,4736,5977
gene-OO714_RS01275,20,41,30,16,4,7,3,6,4,0,3,1
gene-OO714_RS01280,2970,3247,2980,2825,2687,3257,1647,3137,2558,2473,1999,2254
gene-OO714_RS01285,2727,2872,2299,3902,3780,5039,2488,4287,4333,4021,3131,3768
gene-OO714_RS01290,4527,4837,4310,4663,4033,4780,2287,4475,3543,3169,3135,3785
gene-OO714_RS01295,682,776,742,785,1425,1513,781,1394,1117,1081,981,958
gene-OO714_RS01300,763,792,721,551,412,616,273,507,337,403,322,399
gene-OO714_RS01305,653,747,638,882,363,530,217,478,335,304,255,305
gene-OO714_RS01310,13425,14048,12249,16041,10007,12746,6037,11159,7862,6775,7126,8404
gene-OO714_RS01315,593,597,497,924,666,678,406,639,668,586,553,624
gene-OO714_RS01320,232,255,226,185,135,163,77,168,158,186,118,87
gene-OO714_RS01325,426,490,464,343,424,605,307,542,499,698,297,322
gene-OO714_RS01330,1011,1139,1042,771,179,226,128,251,147,140,141,175
gene-OO714_RS01335,426,504,551,403,128,130,63,112,99,106,72,82
gene-OO714_RS01340,1373,1416,1433,1166,408,475,220,493,333,325,335,367
gene-OO714_RS01345,599,693,680,650,350,439,230,371,335,366,241,286
gene-OO714_RS01350,577,728,662,570,410,508,219,454,330,412,307,327
gene-OO714_RS01355,1986,2160,2124,1709,788,906,401,833,740,836,634,728
gene-OO714_RS01370,719,698,752,594,147,191,90,185,186,251,123,163
gene-OO714_RS01375,10179,11589,11426,8403,1592,2046,978,1981,1232,1155,1102,1409
gene-OO714_RS01390,5689,6219,5824,5300,2919,3842,1869,3487,2789,2754,2131,2533
gene-OO714_RS01395,5143,5335,4590,4170,2673,3204,1632,3006,3173,4131,2262,2429
gene-OO714_RS01400,1048,1137,1101,752,247,326,163,320,227,247,270,261
gene-OO714_RS01405,2154,2321,2274,1942,1393,2052,857,1879,1181,1294,1334,1754
gene-OO714_RS01410,332,328,329,304,157,193,80,145,141,217,157,153
gene-OO714_RS01415,4061,4044,3995,3528,2151,2541,1259,2533,1856,1755,1745,2088
gene-OO714_RS01420,2469,2511,2444,2002,1013,1338,584,1150,851,800,724,859
gene-OO714_RS01425,2193,2191,2165,1855,1270,1540,766,1403,915,864,853,978
gene-OO714_RS01430,2276,2400,2145,2003,1506,2021,958,1707,1159,988,1051,1214
gene-OO714_RS01435,158,164,137,133,54,83,34,68,48,57,48,41
gene-OO714_RS01440,772,795,816,681,299,373,167,400,255,223,207,264
gene-OO714_RS01445,3094,3382,3338,3365,3120,3953,1796,3620,2846,3088,2249,2823
gene-OO714_RS01450,2208,2128,1870,1368,710,703,368,830,687,693,626,582
gene-OO714_RS01455,493,548,500,354,75,81,36,71,42,61,40,46
gene-OO714_RS01460,239,262,235,156,32,56,12,47,26,42,18,26
gene-OO714_RS01465,294,337,283,230,57,64,37,72,58,37,43,72
gene-OO714_RS01470,2416,2713,2524,1806,742,734,411,749,775,891,619,623
gene-OO714_RS01475,668,726,723,527,658,798,423,755,513,657,424,380
gene-OO714_RS01480,3271,3327,3056,2390,1757,1990,1012,1975,1309,1322,1099,1147
gene-OO714_RS01485,2140,2191,2070,1665,1239,1507,858,1499,1204,1210,1047,1132
gene-OO714_RS01490,9543,10031,10320,8806,3492,4810,2153,4265,3071,2578,2828,3311
gene-OO714_RS01495,4039,4253,4013,3366,1776,2246,947,2094,1234,1000,1285,1555
gene-OO714_RS01500,641,747,702,513,243,282,131,251,179,168,166,191
gene-OO714_RS01505,590,584,550,1610,1113,1461,723,1260,1311,1508,843,979
gene-OO714_RS01510,1378,1500,1467,2290,1661,2188,1095,1991,1725,1531,1459,1700
gene-OO714_RS01515,577,649,557,657,584,704,309,614,658,763,501,624
gene-OO714_RS01520,179,191,189,138,72,59,40,70,71,103,75,57
gene-OO714_RS01525,720,887,805,529,237,282,137,246,201,245,167,181
gene-OO714_RS01530,2000,2203,2172,1859,778,1020,494,989,619,651,629,701
gene-OO714_RS01535,2102,2092,1731,1368,4611,5791,2958,4881,1924,2618,1332,1345
gene-OO714_RS01540,361,315,296,581,351,321,156,388,1550,1668,1475,1511
gene-OO714_RS01545,615,621,512,553,793,1043,547,964,744,821,602,622
gene-OO714_RS01550,4259,4543,4268,3553,3030,3446,1842,3328,3324,3342,2458,2856
gene-OO714_RS01555,41,32,61,26,13,12,4,5,4,4,10,2
gene-OO714_RS01560,2222,2098,1644,1383,1951,2237,1172,2254,2670,3082,1617,1403
gene-OO714_RS01565,1614,1759,1628,1165,920,1201,576,1135,919,990,755,799
gene-OO714_RS01570,3677,4074,3498,3202,2172,2725,1286,2646,1971,1810,1900,2289
gene-OO714_RS01575,222,301,283,204,46,68,20,69,46,58,63,48
gene-OO714_RS01580,251,254,247,185,50,46,36,52,47,37,38,31
gene-OO714_RS01585,333,407,397,292,118,114,66,120,72,107,77,77
gene-OO714_RS01590,586,564,579,395,133,150,91,144,126,115,110,106
gene-OO714_RS01595,3022,3413,3344,2408,1317,1360,779,1380,1283,1289,820,948
gene-OO714_RS01600,128,173,163,112,17,38,22,39,32,77,11,20
gene-OO714_RS01605,207,277,249,210,65,85,43,102,61,55,44,49
gene-OO714_RS01610,7489,7489,7663,7301,3613,4860,2229,4279,2705,2167,3019,3547
gene-OO714_RS01615,17616,18478,16582,14224,9723,12042,5965,10563,9167,8218,8920,10057
gene-OO714_RS01620,27617,29154,27147,22003,10450,13845,6229,11592,8221,6109,9319,10533
gene-OO714_RS01625,3644,4289,3856,3355,2917,3631,1852,2783,2506,3277,1742,2134
gene-OO714_RS01630,818,869,845,680,180,264,104,218,174,197,121,154
gene-OO714_RS01635,774,878,880,661,187,202,94,228,226,244,174,175
gene-OO714_RS01640,674,679,662,597,182,272,156,261,183,221,124,190
gene-OO714_RS01645,1523,1541,1597,1183,341,406,174,373,281,222,269,325
gene-OO714_RS01650,271,262,294,287,167,152,106,191,175,245,114,171
gene-OO714_RS01655,967,955,897,660,383,464,268,499,443,446,368,414
gene-OO714_RS01660,1027,1101,1054,771,375,470,250,493,395,409,316,355
gene-OO714_RS01665,6185,6533,6037,8473,4101,5680,2761,4838,3812,3609,2911,3859
gene-OO714_RS01670,5795,6231,5532,5479,4530,5478,2758,5224,4434,4060,3478,3724
gene-OO714_RS01675,200,191,182,356,679,884,418,741,645,643,523,511
gene-OO714_RS01680,253,311,299,451,169,218,83,175,142,129,139,169
gene-OO714_RS01685,479,492,503,390,210,243,94,197,185,181,147,195
gene-OO714_RS01690,400,454,442,546,456,498,241,528,543,463,620,744
gene-OO714_RS01695,9697,10850,11395,8220,1167,1761,720,1563,1079,857,980,1309
gene-OO714_RS01700,1291,1452,1519,1125,291,336,144,322,322,319,237,290
gene-OO714_RS01705,1017,1089,1077,1577,1014,1313,673,1130,1016,1085,749,966
gene-OO714_RS01710,2165,2291,2259,1973,681,1018,433,963,553,572,475,608
gene-OO714_RS01715,2783,2923,2588,2081,1997,2227,1061,2002,2061,2093,1780,1897
gene-OO714_RS01720,450,531,560,373,145,213,97,188,158,162,99,143
gene-OO714_RS01725,518,524,440,442,5946,6082,3383,6111,8465,9088,6215,5866
gene-OO714_RS01730,504,579,499,523,494,661,309,654,484,443,392,481
gene-OO714_RS01735,422,470,408,328,357,468,277,438,337,445,250,303
gene-OO714_RS01740,803,899,925,699,432,547,271,482,412,541,382,404
gene-OO714_RS01745,2066,2331,2011,2608,1021,1208,592,1242,1069,985,935,1110
gene-OO714_RS01750,9934,10278,9157,14142,9980,11997,6031,10615,6679,6422,5610,6405
gene-OO714_RS01755,5222,5555,5477,5222,2158,2701,1215,2423,1613,1483,1480,1750
gene-OO714_RS01760,1974,2223,2017,1754,529,648,332,602,529,540,351,411
gene-OO714_RS01765,3878,4352,4018,4110,1392,1692,903,1643,1127,960,878,1054
gene-OO714_RS01770,3362,3728,3549,3441,1378,1548,874,1458,989,940,844,962
gene-OO714_RS01775,2352,2539,2375,2218,970,989,551,1078,801,788,712,762
gene-OO714_RS01780,1037,1131,995,1140,17318,23772,11805,20916,12318,15507,9530,11539
gene-OO714_RS01785,125,123,135,80,33,59,35,44,39,75,30,33
gene-OO714_RS01790,1782,2004,2000,1584,708,795,340,862,628,581,573,735
gene-OO714_RS01795,328,341,312,545,326,454,231,437,383,364,279,346
gene-OO714_RS01800,379,418,467,389,351,469,210,401,328,403,269,389
gene-OO714_RS01805,588,637,599,498,145,206,107,193,129,138,107,125
gene-OO714_RS01810,615,646,595,476,183,213,128,185,199,283,135,160
gene-OO714_RS01815,499,509,510,394,135,214,108,213,143,176,121,135
gene-OO714_RS01820,3443,3422,3196,3380,2709,3366,1635,2898,2702,2442,1821,2107
gene-OO714_RS01825,1319,1529,1460,1478,1104,1736,846,1450,1230,1076,802,905
gene-OO714_RS01830,2311,2472,2438,1769,501,606,284,640,521,527,447,447
gene-OO714_RS01835,3031,3084,2959,2108,623,695,338,726,780,759,919,998
gene-OO714_RS01840,549,535,573,463,84,83,44,82,76,99,85,84
gene-OO714_RS01845,3279,3445,3624,2657,699,1027,431,1015,877,832,662,864
gene-OO714_RS01850,8554,8592,7579,5388,9837,10422,5139,10843,11180,11501,10502,11471
gene-OO714_RS01855,1486,1719,1452,1260,1146,1325,599,1416,885,940,903,988
gene-OO714_RS01860,4247,4701,4108,3593,5179,6899,3367,6252,6617,6335,4515,5217
gene-OO714_RS01865,2402,2697,2515,2451,856,1110,507,951,873,1013,778,796
gene-OO714_RS01870,1237,1327,1286,987,337,377,169,390,192,208,154,160
gene-OO714_RS01875,2463,2796,2570,3415,2274,3295,1460,3004,1143,1133,1032,1251
gene-OO714_RS01880,838,731,696,768,555,819,352,665,519,603,411,524
gene-OO714_RS01885,14649,14897,14307,10937,7381,8903,4366,8742,5509,4770,4610,5571
gene-OO714_RS01890,6780,6947,6442,5486,2800,3391,1776,3149,2586,2198,2644,2901
gene-OO714_RS01895,39199,43580,43180,35344,15348,25793,10701,18855,13558,13304,12392,14567
gene-OO714_RS01900,678,737,633,481,543,630,353,542,622,672,399,357
gene-OO714_RS01905,5436,5765,5352,4545,3131,4119,1859,3586,2760,2677,2479,2729
gene-OO714_RS01910,5757,6044,5837,5525,2389,3428,1526,3000,1729,1401,1905,2461
gene-OO714_RS01915,2768,2908,2782,2663,3725,4260,2111,3862,4544,5808,3988,4430
gene-OO714_RS01920,2680,2739,2500,3524,16021,20834,10694,18936,21981,25301,15726,17401
gene-OO714_RS01925,353,317,295,328,2055,2730,1580,2313,3265,4523,2036,2013
gene-OO714_RS01930,1182,1184,1218,1034,636,837,360,749,708,921,624,642
gene-OO714_RS01935,1325,1411,1469,2047,744,1048,448,941,531,528,627,823
gene-OO714_RS01940,731,747,744,798,471,459,302,484,349,349,314,443
gene-OO714_RS01945,564,614,653,433,249,306,172,286,253,270,195,205
gene-OO714_RS01950,2964,3238,3354,2739,1145,1390,656,1401,1207,1451,939,1160
gene-OO714_RS01955,1139,1202,1024,983,876,1097,512,1005,746,858,652,732
gene-OO714_RS01960,1263,1397,1303,935,732,693,374,770,740,786,548,651
gene-OO714_RS01965,6635,6896,6526,6051,4603,5799,2824,5572,4382,4398,3349,3973
gene-OO714_RS01970,2609,2759,2570,2344,2378,3277,1434,2884,2252,2005,1838,2271
gene-OO714_RS01975,1686,1839,1705,1659,913,1194,576,1020,855,811,781,911
gene-OO714_RS01980,2599,2554,2695,1970,666,701,347,752,605,609,510,554
gene-OO714_RS01985,2523,2790,2744,2163,856,1061,574,1082,962,894,715,855
gene-OO714_RS01990,3324,3887,3592,2627,269,352,201,375,368,432,289,443
gene-OO714_RS01995,10201,11105,9485,6947,932,1291,576,1183,2981,3009,2207,2448
gene-OO714_RS02000,1498,1585,1519,1723,599,827,351,738,531,631,509,586
gene-OO714_RS02005,923,976,949,782,443,526,308,449,336,361,258,314
gene-OO714_RS02010,450,537,504,311,166,148,67,162,133,147,82,103
gene-OO714_RS02015,15484,15847,15276,13404,6684,9760,4769,7913,6261,6314,5279,6030
gene-OO714_RS02020,32098,32109,31774,29680,10234,16234,7404,12914,9939,8248,8574,10362
gene-OO714_RS02025,20696,22545,22668,22363,6376,10485,4451,7777,5829,4036,5359,6991
gene-OO714_RS02030,3225,3489,3701,3503,1063,1779,782,1313,1055,1201,788,982
gene-OO714_RS02035,29890,32128,31381,34349,12500,20358,8921,15764,11337,9443,10094,12345
gene-OO714_RS02040,6583,7021,6632,7279,3620,5270,2492,4274,2904,2492,2517,3297
gene-OO714_RS02045,3501,3718,3577,3627,2151,3200,1600,2650,2043,2102,1385,1671
gene-OO714_RS02050,21579,22996,21248,23056,13463,18938,9114,15532,10762,8432,9399,11536
gene-OO714_RS02055,8663,9207,8831,9205,6803,9579,4495,7782,5007,4641,4066,4825
gene-OO714_RS02060,1866,1835,1687,2200,1216,1748,843,1430,1125,1273,815,865
gene-OO714_RS02065,3313,3529,3173,3092,4679,5944,3218,5118,3703,4310,2615,2758
gene-OO714_RS02070,6356,6740,6330,6809,4843,7763,3383,6099,4189,3804,3545,4192
gene-OO714_RS02075,1383,1381,1383,1526,1118,1723,852,1447,1072,1611,768,920
gene-OO714_RS02080,10113,11288,10733,11416,7079,11127,5005,8607,6176,5922,5016,6153
gene-OO714_RS02085,9168,9579,9198,9271,4237,6430,2874,5269,3323,2724,3233,3945
gene-OO714_RS02090,2877,3177,3223,3058,2430,3862,1860,2989,1986,2575,1536,1688
gene-OO714_RS02095,12053,12881,12172,12651,9495,12868,6389,10618,7442,6763,6310,7297
gene-OO714_RS02100,2125,2223,2159,2087,2591,3814,1881,2815,2148,1938,1491,1845
gene-OO714_RS02105,23178,23863,22658,23407,11743,16833,7331,13694,8822,5968,8597,11114
gene-OO714_RS02110,107,116,96,87,180,276,127,166,170,236,104,91
gene-OO714_RS02115,13149,13662,12816,12558,6788,9943,4391,7970,5034,3939,4908,5593
gene-OO714_RS02120,37168,38454,37959,36299,19832,28196,12681,22771,13874,12555,13300,15067
gene-OO714_RS02125,1797,1848,1780,1760,788,1151,521,954,524,562,540,787
gene-OO714_RS02130,14011,14584,14335,14323,7675,11947,5031,9787,5635,4765,5525,7122
gene-OO714_RS02135,8738,9190,8984,8687,6187,9821,4291,7969,4348,3697,3805,5326
gene-OO714_RS02140,24143,24923,24159,24473,12163,18888,8308,15608,9247,7922,8619,10432
gene-OO714_RS02145,20559,21463,20442,20250,15347,21897,10638,17863,11810,11034,10361,11321
gene-OO714_RS02150,2926,2999,2646,2545,2367,3028,1612,2429,1749,2231,1279,1322
gene-OO714_RS02155,4377,4646,4510,3400,5068,5971,2816,5405,7370,6357,5637,5894
gene-OO714_RS02160,525,552,530,431,153,203,106,180,140,147,110,99
gene-OO714_RS02165,197,196,211,183,103,115,39,89,76,109,54,50
gene-OO714_RS02170,96,96,95,42,14,23,4,10,20,23,11,15
gene-OO714_RS02175,1915,1851,1829,1565,850,951,497,898,786,598,601,631
gene-OO714_RS02180,920,923,907,729,241,258,131,253,238,179,130,199
gene-OO714_RS02185,2961,3200,3304,2959,812,962,491,933,789,755,620,746
gene-OO714_RS02190,391,466,423,387,357,451,253,396,344,375,241,272
gene-OO714_RS02195,1057,1154,1006,914,599,649,357,750,583,458,643,862
gene-OO714_RS02200,4556,4861,4839,4270,4500,6533,3036,5996,5276,5710,4021,5333
gene-OO714_RS02205,3619,3776,3599,3589,2517,3116,1439,3024,2446,2588,1824,2175
gene-OO714_RS02225,2041,1927,1949,1383,137,153,97,141,116,120,98,125
gene-OO714_RS02230,5051,5472,5433,22947,1668,2095,902,1885,1888,1884,1763,2049
gene-OO714_RS02240,224,221,277,183,101,105,48,106,58,50,44,49
gene-OO714_RS02245,471,394,409,314,334,408,166,345,256,304,258,273
gene-OO714_RS02250,1935,2178,1842,1820,802,1012,470,995,646,515,648,788
gene-OO714_RS02255,591,706,640,537,240,313,124,262,255,290,209,182
gene-OO714_RS02260,561,585,566,455,216,251,118,218,233,240,188,239
gene-OO714_RS02265,990,1131,994,1106,471,553,250,591,466,462,402,448
gene-OO714_RS02270,851,970,843,657,419,474,223,478,357,384,334,374
gene-OO714_RS02275,695,736,771,562,1868,2522,1198,2324,2153,2315,1601,1662
gene-OO714_RS02280,711,742,637,683,4579,6141,2979,5458,6759,7715,4467,4749
gene-OO714_RS02285,685,644,720,587,352,471,205,405,318,364,243,269
gene-OO714_RS02290,893,1003,914,702,235,297,110,315,185,178,167,194
gene-OO714_RS02295,1051,914,930,686,524,662,307,581,452,533,268,322
gene-OO714_RS02300,3842,4195,4023,3676,3340,4407,2145,3913,3531,3543,2688,3177
gene-OO714_RS02305,4447,4772,4797,4849,1779,2413,1177,2298,1908,1922,1656,1870
gene-OO714_RS02310,4075,4381,3909,3836,9187,10487,5199,10316,10210,10139,9194,10513
gene-OO714_RS02315,1751,1991,1813,1457,1568,2107,1047,1842,1571,1817,1248,1478
gene-OO714_RS02320,6128,6226,5628,15878,7642,9845,5017,8776,6560,5282,5611,6720
gene-OO714_RS02325,209,200,201,208,249,191,129,220,353,741,215,237
gene-OO714_RS02330,4923,4966,4051,2808,2526,3173,1553,3052,3104,3339,2225,2335
gene-OO714_RS02335,407,428,412,365,184,237,119,254,174,167,166,155
gene-OO714_RS02340,2819,2826,2588,2141,2772,3227,1767,3034,2718,2655,2006,2059
gene-OO714_RS02345,2997,3099,2783,2299,1619,2075,922,1895,1147,978,1104,1172
gene-OO714_RS02350,961,1124,1136,810,636,680,386,736,673,819,446,555
gene-OO714_RS02380,463,517,584,300,142,110,73,161,152,156,118,143
gene-OO714_RS02385,1463,1573,1676,1262,359,396,153,386,332,329,300,356
gene-OO714_RS02390,2420,2560,2815,2124,433,593,317,623,461,446,397,442
gene-OO714_RS02395,916,1025,1051,868,243,292,145,373,250,273,232,252
gene-OO714_RS02400,2323,2335,2513,2030,483,553,243,555,482,496,502,583
gene-OO714_RS02405,694,760,824,623,226,250,110,234,213,197,186,233
gene-OO714_RS02410,864,952,972,874,347,348,155,400,309,329,266,322
gene-OO714_RS02415,399,446,386,315,122,162,65,128,104,124,57,117
gene-OO714_RS02420,310,362,393,228,135,168,64,120,113,113,94,100
gene-OO714_RS02425,1077,1274,1208,960,263,333,150,350,264,230,206,304
gene-OO714_RS02430,946,996,848,705,802,912,475,868,791,728,570,597
gene-OO714_RS02435,359,351,323,324,598,742,341,615,689,900,439,508
gene-OO714_RS02440,242,249,239,192,125,149,77,143,96,168,83,88
gene-OO714_RS02445,1544,1694,1474,1714,1700,2601,1166,1845,1565,1450,1043,1232
gene-OO714_RS02450,2235,2601,2477,2591,3845,6176,2805,4672,3091,3787,2107,2281
gene-OO714_RS02455,2641,2908,2591,2360,1924,2295,1103,2242,1576,1287,1373,1633
gene-OO714_RS02460,1376,1416,1442,1335,881,1506,685,1291,879,1038,700,818
gene-OO714_RS02465,1857,1991,1951,1486,724,868,441,784,557,676,548,563
gene-OO714_RS02470,590,639,529,446,183,235,105,180,188,229,158,125
gene-OO714_RS02475,909,996,948,824,414,515,295,484,402,378,323,352
gene-OO714_RS02480,232,239,230,191,184,214,126,223,199,186,128,147
gene-OO714_RS02485,1982,2132,2078,1752,894,1154,521,1018,911,934,691,761
gene-OO714_RS02490,1577,1672,1646,1392,493,640,318,656,533,670,432,529
gene-OO714_RS02495,1929,2105,2017,1485,609,730,349,686,606,769,457,538
gene-OO714_RS02500,2899,3175,2838,2231,1503,1708,900,1665,1556,1717,1172,1306
gene-OO714_RS02505,260,273,264,245,172,224,100,169,132,208,81,130
gene-OO714_RS02510,872,866,843,670,224,333,136,312,223,266,180,247
gene-OO714_RS02515,280,375,307,243,168,225,96,162,167,236,121,132
gene-OO714_RS02545,2069,2381,2483,1719,491,531,240,511,487,685,396,425
gene-OO714_RS02550,2331,2468,2506,1858,667,802,397,829,721,749,644,668
gene-OO714_RS02555,579,511,460,727,658,697,389,685,511,548,429,486
gene-OO714_RS02560,670,706,780,573,290,366,151,313,292,372,240,316
gene-OO714_RS02565,402,473,435,619,382,478,279,451,370,464,261,336
gene-OO714_RS02570,1043,974,1005,1200,701,803,416,796,718,521,704,853
gene-OO714_RS02575,97,127,115,105,156,180,86,152,164,282,142,129
gene-OO714_RS02580,124,121,106,246,176,261,116,238,125,189,92,103
gene-OO714_RS02585,323,371,317,1134,419,489,257,397,410,502,248,339
gene-OO714_RS02590,1573,1725,1607,1197,588,752,365,701,444,450,393,500
gene-OO714_RS02595,329,374,304,240,264,387,180,301,284,236,170,229
gene-OO714_RS02600,348,391,315,334,255,340,200,320,211,284,178,262
gene-OO714_RS02605,494,535,537,428,344,465,189,450,234,249,189,272
gene-OO714_RS02610,826,846,762,625,357,470,185,399,414,574,305,361
gene-OO714_RS02615,1971,2177,2081,1695,578,714,377,729,516,505,443,560
gene-OO714_RS02620,406,426,424,310,109,139,74,124,146,152,78,77
gene-OO714_RS02625,3790,4083,3879,3407,1487,2145,951,1989,1304,1029,1304,1675
gene-OO714_RS02630,2521,2464,2274,2850,2554,3258,1581,3028,1973,1649,1708,2019
gene-OO714_RS02635,3439,3794,3546,4867,5320,7038,3504,6287,4169,3779,3489,3944
gene-OO714_RS02640,413,416,398,583,399,580,283,486,271,252,232,313
gene-OO714_RS02645,2574,2911,2768,2478,1283,1930,832,1781,1091,952,1163,1376
gene-OO714_RS02650,837,1010,920,754,197,234,107,253,191,198,142,163
gene-OO714_RS02655,630,672,638,533,260,242,148,248,193,269,156,165
gene-OO714_RS02660,448,469,454,307,134,142,73,148,158,165,92,99
gene-OO714_RS02665,694,705,710,656,291,421,197,427,225,291,235,260
gene-OO714_RS02675,5301,6002,5708,4799,1492,1760,769,1693,1695,1861,1272,1383
gene-OO714_RS02680,8233,8878,8789,6776,2291,2519,1350,2573,2059,2188,1580,1731
gene-OO714_RS02685,3744,3668,3396,4674,2248,3068,1509,2693,2009,1824,1585,1690
gene-OO714_RS02690,855,876,890,699,345,354,179,330,342,353,311,300
gene-OO714_RS02695,1161,1188,1183,1018,452,659,324,541,452,506,406,430
gene-OO714_RS02700,818,881,825,784,309,440,218,413,282,327,262,320
gene-OO714_RS02705,723,772,781,598,275,334,166,317,259,266,227,203
gene-OO714_RS02710,2084,2201,2062,1674,489,672,343,653,428,418,354,470
gene-OO714_RS02715,1921,2074,1947,1452,1013,1255,701,1204,1169,1352,687,772
gene-OO714_RS02720,418,469,405,302,243,338,150,298,247,326,195,203
gene-OO714_RS02725,447,503,521,385,195,269,132,247,190,321,147,142
gene-OO714_RS02730,397,461,500,346,241,294,162,240,262,257,183,208
gene-OO714_RS02735,900,1011,1083,770,776,1142,506,1019,940,1217,819,951
gene-OO714_RS02740,3599,3807,3557,4351,3514,4886,2272,4167,2593,2640,2067,2440
gene-OO714_RS02745,553,580,583,461,373,553,251,497,327,289,340,379
gene-OO714_RS02750,952,1068,929,1052,1319,1236,697,1315,715,777,639,649
gene-OO714_RS02755,1912,2008,1708,1497,2054,2310,1304,2324,1968,2157,1550,1646
gene-OO714_RS02760,959,1086,1100,864,211,361,171,320,185,220,173,199
gene-OO714_RS02765,304,308,295,244,11715,15274,7524,14245,13658,17077,11096,12974
gene-OO714_RS02770,202,196,211,177,233,314,133,291,199,230,223,258
gene-OO714_RS02775,179,170,162,136,52,76,31,63,80,98,56,48
gene-OO714_RS02780,323,359,285,235,88,127,79,147,111,152,102,94
gene-OO714_RS02785,2128,2157,2055,2349,2113,2736,1406,2546,1737,2010,1264,1374
gene-OO714_RS02790,8010,8582,7644,8543,9033,12930,6056,11275,7499,7500,5733,6806
gene-OO714_RS02795,720,754,750,677,9600,12629,6474,11528,9692,13229,7373,8627
gene-OO714_RS02800,2492,2713,2426,1902,4599,5568,2867,5310,4702,5092,3946,4466
gene-OO714_RS02805,1273,1337,1188,1465,2228,2890,1307,2759,1827,1827,1710,2259
gene-OO714_RS02810,1750,2011,1762,1637,1500,1907,907,1853,1252,1293,1107,1230
gene-OO714_RS02815,8336,8729,8136,12009,6558,8146,3824,7748,9010,8443,8348,10097
gene-OO714_RS02820,309,349,314,635,358,499,287,459,301,350,249,292
gene-OO714_RS02825,184,225,200,196,140,230,109,201,176,184,118,174
gene-OO714_RS02830,210,248,223,233,117,178,91,175,133,110,102,129
gene-OO714_RS02835,1839,2189,1756,2056,1290,1510,792,1600,1219,1521,918,1055
gene-OO714_RS02840,1478,1659,1520,1364,569,769,346,730,591,683,491,634
gene-OO714_RS02845,4902,5037,4835,5324,2966,3417,1655,3366,2592,2126,2297,2625
gene-OO714_RS02850,742,749,774,608,339,363,186,360,338,377,278,318
gene-OO714_RS02855,2761,2800,2916,2233,489,633,315,725,469,446,400,499
gene-OO714_RS02860,1043,1173,1168,1153,1495,1931,968,1642,1932,2642,1125,1294
gene-OO714_RS02865,909,1001,1053,847,311,334,200,352,279,283,203,267
gene-OO714_RS02870,3138,3066,2690,4263,3982,4911,2480,4505,3610,3445,3035,3458
gene-OO714_RS02875,3849,3844,3300,5022,2703,3481,1724,3116,2441,2326,2238,2496
gene-OO714_RS02880,3148,3056,3039,2824,1106,1383,674,1267,1056,1051,920,1060
gene-OO714_RS02885,3546,3965,3683,3664,1748,1945,1024,1982,1554,1706,1315,1725
gene-OO714_RS02890,172,194,192,124,49,39,29,49,30,79,31,37
gene-OO714_RS02895,662,648,538,548,224,277,110,258,212,197,199,209
gene-OO714_RS02900,615,652,575,563,1085,1612,770,1485,1132,1457,920,1182
gene-OO714_RS02905,17233,18740,17588,14255,9634,12045,6004,11681,8686,8933,7200,8364
gene-OO714_RS02910,1145,1192,1077,2107,2093,2649,1163,2450,1662,1761,1624,2092
gene-OO714_RS02915,2573,2694,2607,2478,913,1337,577,1170,890,794,690,844
gene-OO714_RS02920,733,822,770,700,369,552,226,553,499,489,400,542
gene-OO714_RS02925,561,618,534,455,354,524,248,411,350,360,280,295
gene-OO714_RS02930,317,355,292,241,174,206,91,196,148,197,134,170
gene-OO714_RS02935,1314,1455,1327,1140,528,810,325,711,411,381,383,491
gene-OO714_RS02940,442,511,449,308,210,282,126,253,157,137,162,170
gene-OO714_RS02945,973,972,917,962,524,696,334,641,545,610,378,419
gene-OO714_RS02950,712,711,701,750,405,512,241,481,320,279,281,357
gene-OO714_RS02955,1465,1604,1613,2128,1427,1943,936,1655,1763,2076,1296,1465
gene-OO714_RS02960,907,1007,975,742,507,580,322,635,491,500,323,371
gene-OO714_RS02965,2441,2540,2231,6600,2363,3303,1586,2579,1723,2010,1301,1394
gene-OO714_RS02970,4430,4591,4123,10725,5060,6477,3256,5439,3913,3677,2969,3429
gene-OO714_RS02975,7016,7760,7013,5574,3732,5191,2448,4860,3783,3796,3148,3622
gene-OO714_RS02980,1328,1523,1243,927,1085,1215,599,1104,822,749,682,707
gene-OO714_RS02985,201,193,217,137,39,39,19,48,29,52,48,70
gene-OO714_RS02990,162,132,186,177,284,338,208,344,389,482,320,318
gene-OO714_RS02995,1438,1532,1432,1456,863,1111,471,980,780,773,627,779
gene-OO714_RS03000,340,361,341,280,176,225,79,156,165,279,139,120
gene-OO714_RS03005,40569,42227,38166,156776,106206,143891,70565,120953,90835,97863,70581,83584
gene-OO714_RS03010,473,402,493,378,73,94,52,61,45,76,54,58
gene-OO714_RS03015,5579,6246,6114,4818,871,1077,534,1034,686,725,678,740
gene-OO714_RS03020,2471,2687,2531,1980,965,1169,640,1105,683,709,670,718
gene-OO714_RS03025,1468,1516,1516,1103,573,787,402,767,457,445,420,481
gene-OO714_RS03030,1375,1405,1563,1217,533,780,377,739,376,436,407,411
gene-OO714_RS03035,10683,11591,10778,9953,7695,10485,4853,9215,7187,6617,5874,6858
gene-OO714_RS03040,1686,1765,1569,3557,1858,2462,1134,2265,1576,1618,1386,1627
gene-OO714_RS03045,352,377,391,228,129,167,68,137,126,218,121,124
gene-OO714_RS03050,366,358,373,308,233,311,155,269,267,247,217,209
gene-OO714_RS03055,1636,1756,1581,1187,997,1329,632,1204,865,980,724,865
gene-OO714_RS03060,629,721,665,572,382,335,174,370,367,310,243,352
gene-OO714_RS03065,2235,2348,2363,2094,1117,1320,676,1233,1047,1028,813,915
gene-OO714_RS03070,1988,1903,1927,2668,1135,1656,716,1377,978,791,861,1114
gene-OO714_RS03075,395,399,444,383,144,224,94,181,175,178,129,182
gene-OO714_RS03080,538,571,484,441,929,1184,671,1129,1189,1435,762,835
gene-OO714_RS03085,456,524,493,510,259,377,177,343,254,262,208,250
gene-OO714_RS03090,507,538,481,605,418,503,244,485,390,447,288,337
gene-OO714_RS03095,361,411,335,284,439,405,235,436,429,519,377,368
gene-OO714_RS03100,219,218,235,114,174,168,81,166,242,187,217,216
gene-OO714_RS03105,139,159,124,124,29,67,24,52,50,58,31,30
gene-OO714_RS03110,228,211,245,507,292,351,179,339,437,638,336,360
gene-OO714_RS03115,2545,2873,2625,2862,1897,2629,1257,2258,1839,1664,1426,1687
gene-OO714_RS03120,1719,1964,1844,1439,910,1029,503,1013,819,841,608,804
gene-OO714_RS03125,777,807,839,704,406,463,229,432,322,365,235,244
gene-OO714_RS03130,229,271,278,158,80,86,56,99,60,63,61,61
gene-OO714_RS03135,281,317,264,262,139,176,82,161,128,130,133,148
gene-OO714_RS03140,657,722,640,491,383,338,159,340,240,215,220,227
gene-OO714_RS03145,714,801,756,556,150,137,75,178,70,108,79,91
gene-OO714_RS03150,1588,1706,1575,1186,431,506,275,470,458,459,316,360
gene-OO714_RS03155,2754,3123,2922,2292,804,936,427,891,735,774,594,672
gene-OO714_RS03160,342,450,358,295,91,116,61,107,114,104,86,90
gene-OO714_RS03165,734,758,787,662,797,1181,520,1004,699,737,537,686
gene-OO714_RS03170,81,91,92,446,286,322,140,295,308,844,228,204
gene-OO714_RS03175,521,557,503,387,137,210,89,188,136,239,96,142
gene-OO714_RS03180,346,360,290,224,475,523,261,468,365,347,374,411
gene-OO714_RS03185,716,794,742,610,303,403,159,418,227,292,241,295
gene-OO714_RS03220,5233,5962,6117,4243,339,483,202,405,338,393,292,383
gene-OO714_RS03225,5677,6476,6685,6506,1958,2031,1105,2090,4483,4475,3611,4313
gene-OO714_RS03230,1953,1985,1705,1633,2098,2496,1274,2442,1785,1765,1379,1507
gene-OO714_RS03235,2013,2323,2213,2084,1376,2001,964,1833,1596,1600,1351,1502
gene-OO714_RS03240,1725,1774,1719,1759,962,1239,585,1200,906,756,818,917
gene-OO714_RS03245,374,394,344,344,164,248,115,195,208,214,163,151
gene-OO714_RS03250,386,470,396,287,190,231,108,217,177,235,117,114
gene-OO714_RS03255,729,754,634,456,189,196,95,169,106,80,109,82
gene-OO714_RS03260,2716,2934,2699,2622,1594,1852,877,1686,716,723,731,889
gene-OO714_RS03265,422,459,435,562,812,1194,563,1157,1076,1119,992,1208
gene-OO714_RS03270,1681,1794,1660,1581,1518,1806,922,1637,1262,1268,1198,1243
gene-OO714_RS03275,2478,2539,2349,2121,644,746,354,780,548,456,473,573
gene-OO714_RS03280,217,248,226,194,115,116,61,136,108,145,67,65
gene-OO714_RS03285,359,385,429,401,186,204,103,190,182,244,150,188
gene-OO714_RS03290,302,279,236,255,446,601,293,603,412,509,327,370
gene-OO714_RS03295,540,595,477,1648,410,432,241,482,321,358,307,355
gene-OO714_RS03300,2928,3019,2850,3936,2411,3041,1522,2674,1929,1454,1601,1955
gene-OO714_RS03305,1746,1787,1728,2329,1429,2096,892,1816,1350,1190,1016,1298
gene-OO714_RS03310,197,229,180,182,180,243,128,224,195,259,107,143
gene-OO714_RS03315,3052,3125,2750,2838,1949,2620,1280,2414,1670,1692,1521,1614
gene-OO714_RS03320,3561,3658,3219,2577,1514,1805,942,1768,1147,986,1072,1267
gene-OO714_RS03325,1604,1732,1598,1237,499,555,239,491,310,241,317,342
gene-OO714_RS03330,1009,978,1044,789,366,402,213,394,280,330,192,254
gene-OO714_RS03335,4468,4782,4661,3849,1038,1152,623,1224,965,967,784,879
gene-OO714_RS03340,59,94,62,77,47,73,28,61,82,111,32,28
gene-OO714_RS03345,2581,2792,2701,2447,1919,2528,1193,2268,1720,1931,1288,1545
gene-OO714_RS03350,2939,3108,2787,2228,2682,3401,1611,3312,2114,1857,1921,2277
gene-OO714_RS03355,832,786,755,663,542,631,330,602,421,452,367,413
gene-OO714_RS03360,4960,5500,4699,6464,3124,3826,1900,3418,3043,3450,2094,2368
gene-OO714_RS03365,2568,2777,2418,1760,706,749,415,907,567,515,583,616
gene-OO714_RS03370,1081,1232,1219,958,218,257,134,263,181,238,143,183
gene-OO714_RS03375,687,787,749,599,356,423,216,364,251,255,191,239
gene-OO714_RS03380,548,685,670,520,228,276,152,280,274,323,183,230
gene-OO714_RS03385,1599,1650,1533,1510,927,1281,548,1130,602,587,674,842
gene-OO714_RS03390,870,862,867,676,527,630,267,530,570,633,441,432
gene-OO714_RS03395,1431,1503,1403,1638,1044,1209,566,1177,870,831,820,869
gene-OO714_RS03400,549,655,570,690,206,289,132,245,213,229,163,200
gene-OO714_RS03410,3514,3661,3326,3050,2134,2785,1339,2685,1418,1552,1397,1644
gene-OO714_RS03415,2088,2369,2080,2202,1075,1332,668,1239,989,942,876,981
gene-OO714_RS03420,1617,1796,1674,1417,701,876,397,729,811,799,664,734
gene-OO714_RS03425,305,312,284,254,73,81,44,64,97,100,69,60
gene-OO714_RS03430,1176,1272,1212,1814,658,883,374,702,539,532,420,444
gene-OO714_RS03435,696,749,634,782,450,619,273,563,460,469,390,541
gene-OO714_RS03440,856,874,813,781,653,864,467,859,574,564,559,619
gene-OO714_RS03445,731,728,661,523,333,455,215,457,317,321,231,270
gene-OO714_RS03450,511,575,528,508,299,313,198,348,244,381,236,247
gene-OO714_RS03455,4966,4834,4352,6838,2203,2561,1285,2500,2045,2429,1667,1730
gene-OO714_RS03460,717,794,742,520,383,363,211,393,404,548,285,310
gene-OO714_RS03465,811,870,767,716,457,460,241,441,270,321,330,364
gene-OO714_RS03470,1348,1490,1445,1199,421,500,238,467,357,405,333,351
gene-OO714_RS03475,279,254,259,187,38,45,27,65,41,57,43,57
gene-OO714_RS03480,36,40,36,22,2,6,1,6,5,6,4,7
gene-OO714_RS03485,910,954,1008,821,226,258,119,291,209,167,195,228
gene-OO714_RS03490,475,559,487,371,264,268,143,300,282,296,162,165
gene-OO714_RS03495,302,284,309,261,117,108,62,137,109,109,90,72
gene-OO714_RS03500,280,263,284,235,106,105,60,123,95,95,58,73
gene-OO714_RS03505,433,403,353,255,73,68,28,59,53,57,46,48
gene-OO714_RS03510,7144,7424,6631,6803,5001,6102,3212,5531,4995,4569,3693,4361
gene-OO714_RS03515,226,260,232,218,84,97,50,115,94,125,61,63
gene-OO714_RS03520,1872,2153,1895,1937,785,1046,474,1057,570,538,550,705
gene-OO714_RS03525,916,941,820,760,443,500,285,552,448,462,481,521
gene-OO714_RS03530,127,148,140,112,158,156,86,144,130,192,97,119
gene-OO714_RS03535,248,227,223,222,146,233,94,203,165,181,130,153
gene-OO714_RS03540,3478,3768,3481,6157,10274,14332,6861,11853,10343,9644,7299,8603
gene-OO714_RS03545,16436,17705,17101,29104,35462,46964,22776,40768,38382,36123,29876,35982
gene-OO714_RS03550,5909,6190,6042,9939,9581,13639,6550,11488,10592,9761,8381,10012
gene-OO714_RS03555,4817,5282,5393,5267,2997,4711,1986,4203,3019,2956,3208,3796
gene-OO714_RS03560,2585,2790,2708,2253,1381,1784,850,1623,1116,1157,792,977
gene-OO714_RS03565,1206,1404,1240,1212,957,1049,508,1060,732,685,590,633
gene-OO714_RS03570,50,37,38,46,18,33,8,28,17,27,15,17
gene-OO714_RS03575,4895,5089,4293,4780,6896,9112,4592,7449,6064,6638,4809,5353
gene-OO714_RS03580,2558,2744,2354,2661,2364,3104,1442,2439,1730,1479,1867,2079
gene-OO714_RS03585,798,943,875,837,11824,15315,7419,14178,13548,16056,11389,13184
gene-OO714_RS03590,397,475,463,566,934,1160,640,1027,902,1092,819,887
gene-OO714_RS03595,7564,7452,7046,6957,3040,4027,1830,3572,2626,2418,2508,3062
gene-OO714_RS03600,2390,2437,2553,2025,1121,1247,605,1228,993,1049,837,942
gene-OO714_RS03605,717,869,670,558,315,378,224,328,286,292,218,253
gene-OO714_RS03610,883,949,805,525,433,475,290,466,649,983,519,509
gene-OO714_RS03615,637,669,602,538,401,480,226,489,491,448,342,413
gene-OO714_RS03620,1957,2009,1958,1604,1098,1329,716,1182,926,1098,727,761
gene-OO714_RS03625,3181,3565,3420,3146,1290,1796,787,1593,1202,1089,939,1037
gene-OO714_RS03630,2562,2481,2667,2273,564,748,342,738,472,519,367,494
gene-OO714_RS03635,2674,2842,2691,2068,701,1011,466,896,749,825,495,593
gene-OO714_RS03640,4417,4532,3885,2699,2530,3110,1531,2758,2771,2928,2056,2039
gene-OO714_RS03645,50179,53241,51691,40221,16078,22902,10418,20877,16781,16570,14006,17035
gene-OO714_RS03650,701,697,631,432,386,455,211,430,299,290,292,317
gene-OO714_RS03655,2000,1986,1635,1379,1042,1308,616,1140,837,960,783,854
gene-OO714_RS03660,1146,1240,1205,1039,535,738,319,662,524,661,376,426
gene-OO714_RS03665,550,601,518,414,296,340,180,314,309,358,211,303
gene-OO714_RS03670,6846,7159,6537,16477,7060,9248,4577,8611,5464,5503,4025,4679
gene-OO714_RS03675,2186,2336,2183,2148,2357,3595,1636,3001,1317,1238,1204,1479
gene-OO714_RS03680,4145,4375,3795,4137,3048,4223,1801,3546,1431,947,1592,2112
gene-OO714_RS03685,13301,14004,12234,12782,15806,20422,10108,17132,9645,8297,7910,8679
gene-OO714_RS03690,3803,4029,3727,3703,4276,5875,2828,4748,2225,2002,1891,2120
gene-OO714_RS03695,2,3,4,1,1,2,1,4,1,8,2,1
gene-OO714_RS03700,40,33,41,51,60,67,35,78,63,131,34,50
gene-OO714_RS03705,16496,17434,16586,26996,14900,20320,9646,17571,15038,14054,12298,14471
gene-OO714_RS03710,6706,7113,6401,12977,10111,13154,6513,11611,10038,8158,7598,8952
gene-OO714_RS03715,10484,10941,10009,25824,10959,14142,6720,12358,8493,7442,8179,9766
gene-OO714_RS03720,5526,5798,5185,17845,8812,11848,5561,10207,6185,5987,5453,6464
gene-OO714_RS03725,6478,6360,5278,12772,17423,19680,10351,17072,12394,10563,9366,10410
gene-OO714_RS03730,1583,1619,1492,1588,1013,1407,649,1311,975,1147,828,922
gene-OO714_RS03735,3519,3676,3297,3326,1911,2282,1024,2202,1652,1493,1598,2061
gene-OO714_RS03740,3605,3984,3621,3660,1454,1851,934,1941,1134,1079,1238,1437
gene-OO714_RS03745,1826,2074,1950,2063,795,1152,440,1070,719,637,672,902
gene-OO714_RS03750,15634,15929,14671,27815,13283,15725,7837,13863,19513,16855,15701,17533
gene-OO714_RS03755,482,517,499,411,166,155,87,125,201,288,146,120
gene-OO714_RS03760,1016,1134,1033,808,245,245,137,289,229,273,169,159
gene-OO714_RS03765,645,705,620,546,175,196,89,189,162,144,131,142
gene-OO714_RS03770,118,83,115,70,41,65,31,55,40,82,38,39
gene-OO714_RS03775,310,291,269,253,86,116,39,91,114,188,76,75
gene-OO714_RS03780,844,1044,975,826,187,183,125,194,153,148,115,139
gene-OO714_RS03785,1797,1770,1718,1948,771,991,481,987,582,621,482,605
gene-OO714_RS03790,7610,8029,7601,9297,7163,8848,4669,7580,6872,6952,5037,5311
gene-OO714_RS03795,8149,8744,8507,9237,4000,6008,2710,5580,3964,4249,3386,4338
gene-OO714_RS03800,515,497,415,548,402,457,257,377,467,530,368,405
gene-OO714_RS03805,953,1034,1034,842,527,826,408,702,456,505,408,548
gene-OO714_RS03810,628,648,634,549,422,602,285,582,362,450,313,450
gene-OO714_RS03815,7302,7678,6806,5897,4416,5364,2603,5031,5070,6543,4506,4940
gene-OO714_RS03820,56906,59734,54420,51129,29987,39141,18060,36044,31364,27874,28674,34446
gene-OO714_RS03825,1511,1565,1716,1506,347,423,177,440,275,285,316,334
gene-OO714_RS03830,96,104,117,85,25,32,16,42,24,35,13,11
gene-OO714_RS03835,101,131,133,87,9,18,10,18,11,21,5,5
gene-OO714_RS03845,1226,1279,1255,894,250,257,119,300,231,278,200,208
gene-OO714_RS03860,2109,2358,2088,2594,1556,2148,1034,1834,1289,1241,1141,1356
gene-OO714_RS03865,927,1018,915,647,311,428,206,421,307,338,231,317
gene-OO714_RS03870,389,407,319,501,420,483,247,462,501,614,316,308
gene-OO714_RS03875,801,852,829,1580,560,812,390,716,452,480,405,514
gene-OO714_RS03880,1697,1844,1681,1565,657,741,344,752,551,433,454,579
gene-OO714_RS03885,1590,1823,1623,1237,763,794,387,827,796,747,670,752
gene-OO714_RS03890,6595,7290,6689,8101,4825,6504,3135,5868,4908,4469,3880,4650
gene-OO714_RS03895,474,545,469,403,168,172,87,221,205,285,165,159
gene-OO714_RS03900,727,786,752,561,222,197,112,256,241,256,192,226
gene-OO714_RS03905,14966,15884,15569,11966,3396,3891,1870,3850,3339,3643,2896,3293
gene-OO714_RS03910,5385,5356,4967,5110,2823,3899,1837,3712,2178,2431,1979,2502
gene-OO714_RS03915,47148,49821,43591,51200,28554,36973,17384,33797,23968,19610,21264,26252
gene-OO714_RS03920,211,267,252,182,73,93,54,92,82,85,49,66
gene-OO714_RS03925,2270,2426,2148,2212,806,874,456,908,842,949,664,723
gene-OO714_RS03930,584,578,549,390,140,159,72,183,109,140,113,98
gene-OO714_RS03935,1800,2114,1879,1619,2934,3518,1797,3355,2931,3132,2667,2917
gene-OO714_RS03940,908,918,853,700,516,565,295,623,398,371,398,467
gene-OO714_RS03945,7779,8448,7710,10176,7497,10289,4772,9262,6968,5947,6119,7796
gene-OO714_RS03950,1168,1231,1263,1004,334,402,197,434,332,375,295,323
gene-OO714_RS03955,948,1041,1117,1020,567,901,362,837,523,540,383,598
gene-OO714_RS03960,1189,1071,936,2161,3106,3511,1725,3495,1795,1742,2169,2284
gene-OO714_RS03965,2595,3010,2770,2091,4063,5847,2656,4860,3951,3783,3450,3772
gene-OO714_RS03970,1170,1200,960,694,357,364,210,390,357,402,256,242
gene-OO714_RS03980,254,201,254,196,134,171,90,137,143,216,74,93
gene-OO714_RS03985,2452,2704,2692,2002,810,953,416,921,709,682,694,855
gene-OO714_RS03990,167,210,217,134,85,86,64,104,110,110,78,60
gene-OO714_RS03995,130,98,93,100,51,40,24,63,34,30,29,51
gene-OO714_RS04000,248,247,219,191,37,39,20,52,51,49,42,46
gene-OO714_RS04005,155,184,209,126,52,57,35,57,44,69,27,43
gene-OO714_RS04010,367,396,342,975,988,1195,614,1158,945,966,810,966
gene-OO714_RS04015,217,211,198,215,45,73,37,61,46,50,33,53
gene-OO714_RS04020,829,934,892,707,321,359,177,377,234,308,241,265
gene-OO714_RS04025,1052,1219,1233,1011,368,453,206,400,315,263,260,322
gene-OO714_RS04030,2967,2836,2848,2710,2513,2771,1425,2929,2322,2148,1924,2201
gene-OO714_RS04035,757,784,784,629,264,308,160,276,208,171,239,257
gene-OO714_RS04040,183,215,213,166,106,107,59,140,119,116,97,85
gene-OO714_RS04045,1653,1800,1707,1378,641,659,303,631,511,478,488,544
gene-OO714_RS04050,2138,2194,2124,1746,616,757,381,689,516,481,426,512
gene-OO714_RS04055,21303,23038,20274,23837,21663,26681,12589,25265,27553,20469,22660,27122
gene-OO714_RS04060,3556,3801,3440,3089,1840,2297,1030,2104,1741,1456,1569,1854
gene-OO714_RS04065,1627,1730,1670,2411,701,916,403,928,553,551,456,606
gene-OO714_RS04070,156,120,129,129,257,347,195,288,196,170,154,196
gene-OO714_RS04075,1981,1986,1864,1811,1154,1566,708,1478,996,927,911,1085
gene-OO714_RS04080,1708,1721,1463,1454,1639,1701,962,1592,1345,1136,1082,1196
gene-OO714_RS04085,634,678,626,432,154,223,87,217,174,177,151,183
gene-OO714_RS04090,341,420,423,304,124,159,70,120,94,138,110,106
gene-OO714_RS04095,375,383,304,330,134,196,117,194,152,185,115,146
gene-OO714_RS04100,775,942,836,662,558,604,351,580,498,570,398,432
gene-OO714_RS04105,7121,7303,6564,12158,7712,10519,4639,9084,7222,6009,6195,7169
gene-OO714_RS04110,5355,5333,4685,8864,6203,8233,3945,7173,6280,4893,5005,5818
gene-OO714_RS04115,12571,13277,12220,11940,6282,7720,3765,6869,6434,6017,5415,6478
gene-OO714_RS04120,300,335,352,265,111,123,76,103,113,170,95,90
gene-OO714_RS04125,66,65,53,40,25,24,11,26,31,34,15,22
gene-OO714_RS04130,1130,1211,1095,874,309,332,182,350,283,286,249,236
gene-OO714_RS04135,729,802,834,558,100,143,78,112,96,102,67,115
gene-OO714_RS04140,476,469,509,417,150,174,110,182,136,172,117,117
gene-OO714_RS04145,459,513,576,446,149,209,82,205,136,145,139,120
gene-OO714_RS04150,816,865,876,806,523,690,346,647,387,435,355,487
gene-OO714_RS04155,794,912,843,668,546,591,289,626,494,581,353,408
gene-OO714_RS04160,2739,2794,2570,1970,798,1190,561,1087,879,774,723,793
gene-OO714_RS04165,96,112,75,41,112,92,57,93,193,323,123,77
gene-OO714_RS04170,4994,5315,5018,3673,3329,4328,2146,4251,3319,4241,2390,2695
gene-OO714_RS04175,298,344,295,256,216,249,110,220,197,221,164,156
gene-OO714_RS04180,743,804,737,654,247,375,180,295,209,168,166,178
gene-OO714_RS04185,2501,2665,2655,2935,4766,6821,2983,6237,4221,3287,4426,5512
gene-OO714_RS04190,906,1035,903,908,1829,2395,1121,2011,1655,1387,1364,1707
gene-OO714_RS04195,1410,1473,1452,1140,399,454,257,472,391,475,268,383
gene-OO714_RS04200,1044,1100,943,786,675,845,391,697,562,700,409,423
gene-OO714_RS04205,1308,1435,1599,1925,1432,1935,853,1772,1657,1873,1671,1820
gene-OO714_RS04210,1629,1708,1623,1319,1194,1377,637,1284,1425,1321,1275,1399
gene-OO714_RS04215,1242,1250,1200,989,549,740,385,628,456,459,408,454
gene-OO714_RS04220,4820,5200,4554,4113,2931,4050,1951,3756,2339,2088,2306,2525
gene-OO714_RS04225,4270,4530,4424,5037,2408,3001,1329,2796,2385,2148,2266,2560
gene-OO714_RS04230,1433,1537,1435,1329,780,1029,432,897,745,742,639,713
gene-OO714_RS04235,4618,5022,4640,3508,1027,1123,658,1261,1047,1188,920,1041
gene-OO714_RS04240,2725,3067,2866,2080,665,703,327,701,761,1117,514,588
gene-OO714_RS04245,2942,3291,2708,1964,777,896,501,849,893,1226,689,778
gene-OO714_RS04250,1687,1795,1547,1269,811,1054,508,884,1073,1122,693,813
gene-OO714_RS04255,21037,20931,16937,11348,9071,10391,5462,10181,9153,9453,8479,9098
gene-OO714_RS04260,614,644,635,483,311,390,192,362,299,358,213,294
gene-OO714_RS04265,1464,1502,1516,1891,1200,1770,800,1604,966,1063,978,1130
gene-OO714_RS04270,797,749,641,343,242,209,108,216,239,300,220,184
gene-OO714_RS04275,1795,1794,1715,3706,3932,4788,2443,4295,3220,3172,2587,2835
gene-OO714_RS04280,1338,1579,1538,1823,1465,2084,962,1825,1446,1739,1020,1262
gene-OO714_RS04285,2614,2782,2607,1990,2176,2432,1225,2453,2750,2332,2188,2426
gene-OO714_RS04290,288,333,296,303,262,343,165,345,262,274,230,259
gene-OO714_RS04295,950,1045,940,1024,1048,1414,650,1365,920,758,967,1262
gene-OO714_RS04300,345,390,371,381,206,256,111,271,138,211,124,171
gene-OO714_RS04305,474,525,475,356,169,188,98,220,179,177,152,159
gene-OO714_RS04310,1616,1729,1740,1382,722,962,477,977,664,553,565,698
gene-OO714_RS04315,970,1083,1005,915,419,616,295,576,415,503,384,442
gene-OO714_RS04320,2480,2522,2599,2246,691,884,467,928,1052,1133,923,976
gene-OO714_RS04325,18690,19332,17282,16420,13309,15968,8211,14640,12004,10168,9720,11006
gene-OO714_RS04330,2676,2801,2665,2170,904,1069,435,973,673,646,598,762
gene-OO714_RS04335,76,57,48,40,11,16,13,21,16,33,13,10
gene-OO714_RS04340,169,205,179,160,34,45,23,33,32,53,29,29
gene-OO714_RS04345,1409,1515,1412,1213,1160,1457,748,1389,1072,1299,723,873
gene-OO714_RS04350,782,780,888,664,224,295,142,245,205,303,186,241
gene-OO714_RS04355,556,579,643,438,227,225,124,204,184,290,150,153
gene-OO714_RS04360,194,239,210,329,374,465,220,425,342,380,238,280
gene-OO714_RS04365,333,329,316,278,191,260,87,210,139,196,136,204
gene-OO714_RS04370,1480,1443,1131,2253,6317,6554,3571,6459,7168,6958,6404,6566
gene-OO714_RS04375,710,702,715,732,671,923,465,782,574,666,524,572
gene-OO714_RS04380,802,884,901,840,493,703,344,569,361,457,320,442
gene-OO714_RS04385,4343,4292,3975,4962,2640,3467,1690,3175,2075,1653,2111,2392
gene-OO714_RS04390,3658,3822,3237,19326,23111,26083,14187,22463,26468,27984,20973,22249
gene-OO714_RS04395,611,589,569,544,380,531,201,436,260,299,193,247
gene-OO714_RS04400,996,1092,1006,964,575,900,346,730,458,368,450,475
gene-OO714_RS04405,481,543,628,408,294,479,184,389,187,186,151,221
gene-OO714_RS04410,1444,1624,1581,1192,713,1038,529,1035,562,487,457,601
gene-OO714_RS04415,907,1007,967,664,602,976,466,806,513,507,403,508
gene-OO714_RS04420,2885,3324,3058,2256,2510,3635,1574,3500,1653,1604,1580,2089
gene-OO714_RS04425,799,850,708,708,383,405,232,367,295,221,307,332
gene-OO714_RS04430,883,943,973,767,439,566,328,522,376,429,292,335
gene-OO714_RS04435,1114,1121,1074,915,416,517,277,529,358,288,274,350
gene-OO714_RS04440,683,739,633,481,137,150,81,171,129,141,131,119
gene-OO714_RS04445,1618,1758,1726,1474,809,1160,572,1052,839,889,599,750
gene-OO714_RS04450,3027,3254,2938,4719,3467,4626,2056,4274,3707,3396,3480,4160
gene-OO714_RS04455,372,420,405,448,238,316,131,293,178,266,163,202
gene-OO714_RS04460,4640,5054,4596,4357,2590,3481,1646,3096,2125,2157,1947,2221
gene-OO714_RS04465,1417,1341,1350,1290,1029,1357,654,1229,846,923,581,728
gene-OO714_RS04470,594,641,548,447,294,333,161,313,244,260,222,229
gene-OO714_RS04475,649,748,682,476,460,479,241,483,281,309,224,280
gene-OO714_RS04480,8146,8193,7587,6492,4291,5577,2643,5297,3496,3163,3257,3585
gene-OO714_RS04485,511,512,517,395,117,157,69,169,94,109,114,151
gene-OO714_RS04490,1568,1587,1562,1223,359,454,232,436,300,307,288,304
gene-OO714_RS04495,2871,3007,2914,2741,873,1000,469,927,606,570,658,669
gene-OO714_RS04500,2263,2328,2095,1667,568,717,328,640,439,415,448,485
gene-OO714_RS04505,2285,2514,2575,2222,383,472,229,498,383,399,351,387
gene-OO714_RS04515,39,41,36,30,25,22,7,10,21,34,20,27
gene-OO714_RS04520,515,542,459,307,206,265,126,274,285,272,175,197
gene-OO714_RS04525,441,484,527,360,142,202,87,169,138,134,106,154
gene-OO714_RS04530,203,224,262,152,36,71,26,42,57,63,47,57
gene-OO714_RS04535,2800,3051,2816,2566,995,1253,568,1179,874,948,731,792
gene-OO714_RS04540,1150,1214,1095,730,355,395,217,430,373,523,347,257
gene-OO714_RS04545,2016,2201,1940,3209,1703,2382,1220,2056,1459,1392,1115,1323
gene-OO714_RS04550,227,164,183,135,324,389,189,345,347,741,283,268
gene-OO714_RS04555,977,969,999,779,225,269,134,277,270,360,250,230
gene-OO714_RS04560,1471,1617,1439,1210,1170,1514,698,1356,1050,1027,889,1079
gene-OO714_RS04565,23632,25458,23011,18127,10810,12733,6187,12789,12213,12315,10003,11486
gene-OO714_RS04570,2315,2556,2477,2402,1091,1362,600,1185,1107,1253,1033,1151
gene-OO714_RS04575,2838,2949,3402,2480,347,456,217,442,283,266,287,384
gene-OO714_RS04580,4666,4966,4658,6567,3737,5140,2493,4377,3326,3591,2514,2784
gene-OO714_RS04585,659,698,713,532,209,202,116,249,195,226,223,225
gene-OO714_RS04590,254,359,344,221,70,92,37,104,89,106,46,56
gene-OO714_RS04595,3911,4145,4045,4221,1612,1864,912,1825,1416,1670,1175,1500
gene-OO714_RS04600,8268,8432,7514,6585,4450,4780,2399,4172,3988,2920,3892,4189
gene-OO714_RS04605,251,267,228,215,172,197,98,181,183,273,129,142
gene-OO714_RS04610,1221,1325,1331,1302,914,1220,597,1165,783,896,730,896
gene-OO714_RS04615,1167,1364,1192,962,465,604,247,612,425,459,439,421
gene-OO714_RS04620,1242,1425,1368,1320,734,820,457,802,894,792,674,678
gene-OO714_RS04625,340,367,381,275,155,172,91,195,189,164,123,114
gene-OO714_RS04630,1049,1216,1051,1085,925,1038,455,970,977,1420,864,872
gene-OO714_RS04635,926,955,898,922,424,598,255,593,457,580,373,433
gene-OO714_RS04640,550,635,535,428,250,265,165,271,236,281,215,193
gene-OO714_RS04645,1193,1241,1303,1225,412,523,260,487,436,395,298,403
gene-OO714_RS04650,658,693,701,593,323,406,172,388,342,350,256,301
gene-OO714_RS04655,508,540,471,321,264,332,157,293,261,329,187,210
gene-OO714_RS04660,820,980,886,689,251,330,136,299,297,352,245,291
gene-OO714_RS04665,1368,1504,1508,1041,620,649,371,663,616,829,469,500
gene-OO714_RS04670,8709,8014,6866,4495,6770,9105,4915,8141,5698,6937,3911,4190
gene-OO714_RS04675,770,855,812,733,653,890,385,806,663,732,631,802
gene-OO714_RS04680,914,885,951,912,595,821,423,796,524,631,528,538
gene-OO714_RS04685,2189,2423,2179,2297,1344,1639,813,1526,1219,1478,920,1048
gene-OO714_RS04690,10950,10830,9787,15719,17835,21126,10753,19414,16361,14986,12488,14659
gene-OO714_RS04695,839,927,835,949,551,741,395,618,545,575,445,514
gene-OO714_RS04700,1622,1775,1647,4320,1170,1331,664,1291,1097,1047,934,1144
gene-OO714_RS04705,146,155,142,100,32,39,13,37,45,55,41,30
gene-OO714_RS04710,531,475,449,287,104,129,73,139,146,151,100,96
gene-OO714_RS04715,0,1,2,1,0,0,0,0,0,0,0,0
gene-OO714_RS04720,188,200,173,190,64,64,34,84,62,71,49,56
gene-OO714_RS04725,14837,16362,15538,12060,4382,5279,2373,5314,5056,4639,4536,5397
gene-OO714_RS04730,10217,10777,10856,9313,2260,3060,1394,2855,2092,1818,2125,2292
gene-OO714_RS04735,330,415,446,465,186,277,129,220,238,253,191,183
gene-OO714_RS04740,6634,6952,6646,8053,6150,8110,3709,6870,6540,6173,5421,5869
gene-OO714_RS04745,555,541,485,365,286,377,204,308,242,338,207,195
gene-OO714_RS04750,485,476,497,395,191,258,128,212,257,327,158,163
gene-OO714_RS04755,2055,2318,2239,1988,1434,1667,883,1598,1587,1883,1090,1377
gene-OO714_RS04760,596,577,544,447,236,258,144,269,234,288,262,196
gene-OO714_RS04765,365,424,407,293,163,207,106,189,117,139,95,122
gene-OO714_RS04770,2648,2824,2590,3050,1398,1699,840,1619,1208,1286,1092,1213
gene-OO714_RS04775,1705,1820,1743,1234,635,602,408,709,738,746,616,701
gene-OO714_RS04780,3273,3407,3344,2376,870,1040,559,1186,977,914,867,1057
gene-OO714_RS04785,5948,6581,6199,5413,3471,4354,2078,3984,3556,3454,2965,3567
gene-OO714_RS04790,400,448,422,364,184,224,126,221,124,209,124,125
gene-OO714_RS04795,591,589,577,459,281,357,173,311,252,276,193,229
gene-OO714_RS04800,10472,11107,10333,8559,4791,6226,3027,5309,7950,7948,5740,6404
gene-OO714_RS04805,9697,10429,9652,8677,4124,5336,2483,4660,4954,5106,3919,4259
gene-OO714_RS04810,233,324,289,337,165,188,112,228,157,174,145,188
gene-OO714_RS04815,596,585,536,416,666,911,409,835,679,617,527,623
gene-OO714_RS04820,428,471,444,494,4566,6419,3050,5553,5657,7048,3980,4339
gene-OO714_RS04825,5306,5448,5032,4888,8334,11284,5366,9899,8715,8169,6822,7727
gene-OO714_RS04830,8836,9057,8187,8758,9864,11984,5945,11043,8850,7809,7895,9013
gene-OO714_RS04835,952,965,1003,1233,390,414,214,424,391,345,315,326
gene-OO714_RS04840,261,292,287,202,46,52,22,55,40,44,45,45
gene-OO714_RS04845,662,775,727,887,147,188,95,224,127,132,57,114
gene-OO714_RS04850,488,473,441,524,225,270,134,268,237,262,175,203
gene-OO714_RS04855,304,326,362,917,180,287,131,230,196,234,162,199
gene-OO714_RS04860,671,700,564,805,398,454,255,463,322,346,350,378
gene-OO714_RS04865,664,689,667,747,443,607,279,595,443,367,355,480
gene-OO714_RS04870,510,516,430,710,451,476,284,453,426,405,344,392
gene-OO714_RS04875,6545,6451,5886,5571,4727,6430,2823,6123,6911,6686,6128,7039
gene-OO714_RS04880,4153,4611,4376,3906,850,1008,487,1019,865,964,715,913
gene-OO714_RS04885,335,390,360,308,62,66,27,56,39,34,33,37
gene-OO714_RS04890,2249,2155,1963,2206,1789,2467,1274,2031,1346,1363,959,1208
gene-OO714_RS04895,970,1014,940,707,432,496,255,426,457,415,373,409
gene-OO714_RS04900,2563,2768,2651,2517,1199,1593,709,1511,1012,955,947,1086
gene-OO714_RS04905,1396,1380,1313,1172,856,1025,584,1095,754,789,638,778
gene-OO714_RS04910,259,301,256,275,250,251,117,244,267,267,235,201
gene-OO714_RS04915,714,810,704,922,759,1099,531,895,799,996,555,614
gene-OO714_RS04920,316,343,279,464,2725,3695,1759,3506,3456,3727,2626,3067
gene-OO714_RS04925,123,127,149,97,52,63,27,53,46,60,32,46
gene-OO714_RS04930,799,868,858,1004,343,483,238,435,269,275,248,319
gene-OO714_RS04935,846,934,931,1742,2272,2854,1400,2633,1801,1639,1689,1914
gene-OO714_RS04940,4389,4724,4334,4095,1751,2071,916,1997,1530,1507,1343,1683
gene-OO714_RS04945,2108,2180,2054,1864,1936,2236,1222,2109,1843,1949,1447,1703
gene-OO714_RS04950,1743,1908,1855,1704,924,1304,549,1190,899,920,801,960
gene-OO714_RS04955,854,896,753,794,771,747,358,731,468,429,532,591
gene-OO714_RS04960,1556,1707,1774,2116,466,617,286,629,338,397,413,472
gene-OO714_RS04965,16639,16174,15398,17607,7736,9479,4188,8180,4889,3801,6376,6972
gene-OO714_RS04970,3136,3363,3580,2698,463,601,296,541,447,512,393,412
gene-OO714_RS04975,1830,2113,2153,1612,589,625,312,733,614,761,404,437
gene-OO714_RS04980,726,837,776,621,339,416,220,473,410,474,275,242
gene-OO714_RS04985,1894,1832,1721,3515,3007,3840,2081,3294,1874,2135,1743,1870
gene-OO714_RS04990,4555,5024,4444,9994,2746,3354,1558,3169,1954,1493,1928,2120
gene-OO714_RS04995,317,342,284,500,226,242,139,198,201,211,148,182
gene-OO714_RS05005,714,781,784,627,132,152,86,150,115,165,83,79
gene-OO714_RS05010,272,308,269,155,47,63,36,67,62,74,59,55
gene-OO714_RS05015,2060,2013,1930,1371,384,427,229,393,830,1148,513,485
gene-OO714_RS05025,345,404,402,303,31,60,41,49,40,22,25,15
gene-OO714_RS05030,650,766,645,580,625,660,355,615,646,610,614,677
gene-OO714_RS05035,301,361,368,319,105,145,58,124,120,141,95,109
gene-OO714_RS05040,196,262,235,238,135,148,55,168,250,228,192,186
gene-OO714_RS05045,249,277,247,1151,164,160,108,149,516,606,373,429
gene-OO714_RS05050,776,753,743,8124,445,351,219,381,875,833,853,923
gene-OO714_RS05055,612,603,596,4523,289,300,213,327,700,703,530,583
gene-OO714_RS05060,296,308,347,1030,88,94,45,111,211,229,219,197
gene-OO714_RS05065,348,391,428,972,121,125,63,100,176,180,138,187
gene-OO714_RS05070,239,288,270,851,184,227,108,187,297,353,266,268
gene-OO714_RS05075,712,820,794,8192,508,614,317,584,707,628,560,660
gene-OO714_RS05080,1974,2184,1893,13537,1332,1417,782,1342,1507,1740,1233,1362
gene-OO714_RS05085,596,662,638,4521,815,929,434,900,1661,1640,1232,1484
gene-OO714_RS05090,918,1040,1015,12293,1199,1202,640,1044,2968,3400,1955,2410
gene-OO714_RS05095,924,1137,892,12857,565,546,316,583,2375,2219,2108,2534
gene-OO714_RS05100,427,469,455,4061,414,367,177,362,1139,1208,858,981
gene-OO714_RS05105,428,485,412,3081,334,355,224,370,986,989,765,800
gene-OO714_RS05110,678,741,755,3462,634,753,364,655,1304,1290,1115,1351
gene-OO714_RS05115,1000,1066,1110,3952,821,938,429,917,1575,1357,1306,1724
gene-OO714_RS05120,144,160,135,343,81,102,46,115,103,188,62,101
gene-OO714_RS05125,138,112,122,160,92,93,51,130,121,133,101,103
gene-OO714_RS05130,663,714,706,22991,211,237,142,237,728,913,585,787
gene-OO714_RS05135,1398,1529,1432,1878,2287,3479,1636,2875,2760,3105,1957,2245
gene-OO714_RS05140,702,830,677,551,525,666,340,621,503,477,332,413
gene-OO714_RS05145,227,234,264,164,95,124,56,83,57,82,44,78
gene-OO714_RS05150,5167,5081,4201,8052,2179,2226,1141,2388,1281,1156,1534,1593
gene-OO714_RS05155,650,842,740,574,222,343,131,344,210,265,164,201
gene-OO714_RS05160,1991,2201,2010,3658,4094,6505,2818,5504,4591,5369,3878,4737
gene-OO714_RS05165,1036,1168,1155,990,519,770,360,710,476,444,426,537
gene-OO714_RS05170,799,865,814,600,395,451,180,417,373,344,347,407
gene-OO714_RS05175,1529,1723,1623,1458,575,703,359,735,563,504,571,612
gene-OO714_RS05180,587,699,704,566,249,312,124,294,246,221,215,204
gene-OO714_RS05185,1649,1773,1628,1262,771,967,439,886,602,613,520,597
gene-OO714_RS05190,947,1097,977,896,471,665,289,575,413,466,316,405
gene-OO714_RS05195,2264,2467,2331,1969,1259,1538,760,1396,1118,1227,1016,1196
gene-OO714_RS05200,1193,1389,1291,996,572,586,343,668,603,596,493,531
gene-OO714_RS05205,1478,1674,1624,1449,746,890,447,883,716,821,613,683
gene-OO714_RS05210,1733,1914,1567,1684,661,805,381,777,621,602,530,569
gene-OO714_RS05215,1548,1582,1395,1383,1064,1349,740,1267,1157,1196,791,892
gene-OO714_RS05220,606,620,611,648,370,442,235,430,335,333,266,336
gene-OO714_RS05225,3537,3947,3209,7575,4540,6220,3005,5552,3766,3762,2557,3171
gene-OO714_RS05230,450,450,371,359,303,355,149,333,276,351,223,223
gene-OO714_RS05235,1222,1254,1296,1234,561,636,322,585,431,422,439,468
gene-OO714_RS05240,1419,1500,1462,1595,557,599,280,618,565,591,410,460
gene-OO714_RS05245,102,122,110,82,15,18,8,19,2,12,15,16
gene-OO714_RS05250,697,818,810,554,41,77,24,88,23,39,43,55
gene-OO714_RS05270,2517,2366,2035,3147,3587,4972,2343,3928,3087,3131,2251,2443
gene-OO714_RS05275,255,293,279,307,146,228,114,193,119,169,130,127
gene-OO714_RS05280,2706,3144,2892,4200,1441,1912,911,1826,1403,1262,1374,1751
gene-OO714_RS05285,6703,7229,6410,4991,5026,5150,2811,5295,4793,4488,3909,4366
gene-OO714_RS05290,4338,4724,4182,5520,3773,4507,2370,4120,3675,3984,2810,3043
gene-OO714_RS05295,1927,2227,1887,1534,582,619,323,652,549,734,390,360
gene-OO714_RS05300,703,812,640,524,297,336,191,359,248,304,220,223
gene-OO714_RS05305,1141,1260,1181,1031,810,1064,537,918,679,810,577,641
gene-OO714_RS05310,4094,4103,3721,4230,3672,5189,2553,4676,3649,4103,2733,3464
gene-OO714_RS05315,202,217,232,176,58,56,43,79,43,53,46,78
gene-OO714_RS05320,232,318,267,312,130,173,88,162,99,115,79,121
gene-OO714_RS05325,1958,2248,2104,2580,1266,1398,751,1506,1576,1524,1215,1417
gene-OO714_RS05330,5366,5352,4812,5241,5802,7629,3751,7170,6213,6345,5030,5624
gene-OO714_RS05335,5533,5883,5336,5906,3260,4137,1953,3808,3512,3576,3122,3505
gene-OO714_RS05340,893,880,818,732,401,407,248,504,414,408,358,445
gene-OO714_RS05345,392,434,410,384,185,199,96,184,133,136,134,156
gene-OO714_RS05350,728,883,747,571,1505,1994,955,1951,1907,2016,1506,1714
gene-OO714_RS05355,1772,1680,1584,1666,1082,1450,697,1404,1278,1242,1107,1325
gene-OO714_RS05360,8988,8987,7660,8240,16260,20819,10948,17035,13302,13345,9373,9667
gene-OO714_RS05365,5082,5195,4933,6832,6068,8718,4040,7233,3313,2795,2819,3818
gene-OO714_RS05370,311,421,426,307,44,59,28,73,51,46,45,55
gene-OO714_RS05375,674,708,699,420,245,291,147,354,256,267,209,267
gene-OO714_RS05380,355,404,396,305,64,72,38,69,56,67,34,57
gene-OO714_RS05385,26,34,21,13,12,5,4,8,4,6,0,1
gene-OO714_RS05390,648,662,590,423,445,412,206,462,530,699,394,396
gene-OO714_RS05395,2830,2994,2509,2495,4771,7005,3258,5818,3624,3704,3561,3848
gene-OO714_RS05400,731,774,739,758,544,770,372,673,622,614,453,506
gene-OO714_RS05405,1413,1448,1513,1376,415,500,228,515,430,350,353,478
gene-OO714_RS05410,659,721,683,644,324,463,233,386,341,397,290,284
gene-OO714_RS05415,642,621,707,598,304,393,196,376,317,388,289,316
gene-OO714_RS05420,997,1090,1078,1046,285,348,164,354,297,286,286,328
gene-OO714_RS05425,2299,2636,2444,2302,740,836,458,886,768,817,649,752
gene-OO714_RS05435,429,537,484,282,142,109,73,141,148,138,122,118
gene-OO714_RS05440,1188,1342,1297,955,422,438,210,443,333,443,251,314
gene-OO714_RS05445,1546,1642,1604,1301,302,357,203,352,256,260,222,227
gene-OO714_RS05450,6,5,12,4,0,1,0,0,0,2,3,0
gene-OO714_RS05455,7851,7991,7328,8313,5469,7610,3654,6622,5626,5396,4484,5539
gene-OO714_RS05460,984,1072,1160,821,171,189,90,201,155,162,111,161
gene-OO714_RS05465,617,689,688,504,235,255,132,289,226,208,158,182
gene-OO714_RS05470,188,210,202,194,94,113,47,103,73,85,63,77
gene-OO714_RS05475,1637,1692,1517,1365,376,438,257,487,358,377,412,430
gene-OO714_RS05480,500,554,483,367,101,116,55,93,118,116,55,70
gene-OO714_RS05485,199,221,215,157,31,38,18,44,28,38,20,29
gene-OO714_RS05490,216,237,241,158,38,52,32,55,24,30,28,47
gene-OO714_RS05495,489,463,491,427,148,186,76,158,129,165,137,146
gene-OO714_RS05500,436,411,430,292,148,182,93,184,203,233,129,128
gene-OO714_RS05505,446,517,400,319,227,290,156,258,112,126,113,118
gene-OO714_RS05510,2852,3133,2832,2235,2073,2837,1265,2748,796,952,627,846
gene-OO714_RS05515,650,735,640,547,269,389,160,329,288,319,200,237
gene-OO714_RS05520,578,597,548,458,191,215,113,215,189,162,139,146
gene-OO714_RS05525,2768,3089,2800,2324,1346,2037,963,1853,1447,1671,1093,1242
gene-OO714_RS05530,395,504,435,354,144,198,100,195,119,143,107,124
gene-OO714_RS05535,1993,2278,2072,1521,831,1002,552,939,767,858,522,635
gene-OO714_RS05540,1324,1455,1317,1012,516,554,287,582,395,468,319,302
gene-OO714_RS05545,283,350,321,426,354,338,204,371,433,413,402,345
gene-OO714_RS05550,792,845,813,672,504,481,279,496,530,565,399,427
gene-OO714_RS05555,2289,2480,2382,1817,421,485,254,571,469,610,440,534
gene-OO714_RS05560,229,229,198,4900,438,458,299,473,1342,1668,988,1022
gene-OO714_RS05565,1176,1150,1106,1000,253,275,123,285,206,245,204,204
gene-OO714_RS05570,562,627,586,421,454,579,256,533,533,526,413,451
gene-OO714_RS05575,3623,3778,3691,3937,4716,6041,3032,5610,5160,5254,4274,5088
gene-OO714_RS05580,4338,4604,4159,3690,2541,3203,1474,3041,2755,2450,2247,2590
gene-OO714_RS05585,872,920,783,623,445,594,265,529,591,609,392,423
gene-OO714_RS05590,2644,2852,2817,2356,769,966,519,913,693,864,528,601
gene-OO714_RS05595,2779,2910,2761,3480,1121,1488,745,1344,674,618,635,645
gene-OO714_RS05600,328,348,349,352,146,193,59,161,165,205,111,146
gene-OO714_RS05605,325,351,363,350,138,183,94,154,339,325,235,256
gene-OO714_RS05610,2255,2340,2247,2341,1485,2002,962,1834,1478,1492,1268,1501
gene-OO714_RS05615,4059,4597,4106,4325,2485,2910,1455,2747,2183,2244,1696,2024
gene-OO714_RS05620,546,616,468,459,395,367,191,333,472,514,348,395
gene-OO714_RS05625,2800,3165,3043,3174,1339,1544,726,1547,1298,1261,1179,1284
gene-OO714_RS05630,872,1037,961,783,255,251,143,285,208,228,150,185
gene-OO714_RS05635,933,938,908,901,596,711,296,647,646,460,505,518
gene-OO714_RS05640,524,568,552,638,249,279,178,282,235,239,172,222
gene-OO714_RS05645,292,261,293,205,88,110,61,137,91,108,77,62
gene-OO714_RS05650,1140,1245,1318,1501,1210,1486,681,1466,913,945,953,1226
gene-OO714_RS05655,47,58,57,51,62,116,58,118,83,110,65,98
gene-OO714_RS05660,290,334,309,334,414,573,267,550,347,313,354,405
gene-OO714_RS05665,1774,1878,1734,1584,5602,7536,3741,6702,7946,9313,6019,6844
gene-OO714_RS05670,61,95,77,67,47,58,25,51,51,70,27,40
gene-OO714_RS05675,86,79,96,48,35,43,24,44,42,37,30,39
gene-OO714_RS05680,1783,1691,1293,803,5440,6127,3378,5095,3071,3460,2691,2369
gene-OO714_RS05685,3831,3950,3448,2667,2062,2822,1282,2350,2010,2281,1627,1860
gene-OO714_RS05690,207,227,199,361,1958,2567,1296,2291,2106,2759,1865,1939
gene-OO714_RS05695,676,746,685,652,987,1517,677,1305,919,1036,814,1007
gene-OO714_RS05700,1417,1621,1505,1339,1154,1479,720,1423,1006,1135,920,1087
gene-OO714_RS05705,806,943,831,692,607,691,356,622,457,457,387,482
gene-OO714_RS05710,1745,1784,1654,1203,643,767,344,729,505,531,469,513
gene-OO714_RS05715,286,345,322,244,117,126,86,133,96,151,87,93
gene-OO714_RS05720,4285,4388,4358,3434,1731,2178,987,2032,1923,2044,1679,1820
gene-OO714_RS05725,4044,4424,4133,3082,1106,1372,545,1369,1061,959,982,1227
gene-OO714_RS05730,11312,12236,11726,9022,3396,4611,2046,4227,3266,3056,2896,3644
gene-OO714_RS05735,4332,4714,4855,3587,864,912,422,866,718,896,638,615
gene-OO714_RS05740,1153,1205,1194,932,519,560,294,541,683,761,455,540
gene-OO714_RS05745,2520,2511,2446,1957,798,853,523,818,724,618,637,572
gene-OO714_RS05750,2524,2890,2896,2269,1905,2497,1183,2298,2415,2377,2297,2737
gene-OO714_RS05755,4998,4624,3972,3427,8715,9016,5375,8151,5493,6698,4893,4751
gene-OO714_RS05760,4813,4604,3533,3232,8825,9202,5651,8157,5931,5703,5378,4973
gene-OO714_RS05765,2377,2411,2176,2085,1102,1243,613,1392,873,710,973,1144
gene-OO714_RS05770,548,583,604,425,146,160,81,150,164,154,112,121
gene-OO714_RS05775,534,580,571,531,205,241,101,252,209,233,155,173
gene-OO714_RS05780,1261,1381,1367,1242,601,744,348,743,601,704,539,675
gene-OO714_RS05785,366,329,360,254,122,95,57,125,89,138,84,69
gene-OO714_RS05810,760,835,820,663,316,443,171,371,341,371,298,343
gene-OO714_RS05815,719,770,784,589,163,160,94,150,133,166,116,161
gene-OO714_RS05820,610,604,666,679,176,210,104,248,169,168,163,155
gene-OO714_RS05825,173,212,196,174,71,63,30,67,46,73,45,39
gene-OO714_RS05830,71,79,54,143,21,24,10,28,19,58,26,21
gene-OO714_RS05835,371,371,347,240,101,109,62,108,118,95,100,100
gene-OO714_RS05840,243,293,289,281,77,76,33,77,74,64,53,75
gene-OO714_RS05845,87,79,102,73,27,41,10,31,28,24,23,17
gene-OO714_RS05850,160,172,186,143,125,135,75,149,140,152,83,91
gene-OO714_RS05855,71,60,59,83,42,58,41,54,81,117,45,63
gene-OO714_RS05860,107,95,95,67,34,40,14,53,53,85,38,25
gene-OO714_RS05865,146,134,91,87,32,45,41,55,49,44,28,29
gene-OO714_RS05870,305,283,270,188,71,59,35,68,52,78,43,48
gene-OO714_RS05875,640,684,617,478,188,181,146,223,175,228,159,167
gene-OO714_RS05880,796,921,844,599,224,316,159,303,299,288,236,291
gene-OO714_RS05885,3698,3967,3475,4991,3146,3636,1878,3451,2280,1807,2173,2505
gene-OO714_RS05890,734,808,698,658,145,179,116,136,133,149,85,112
gene-OO714_RS05895,514,562,494,347,124,151,69,130,90,110,117,102
gene-OO714_RS05900,154,157,154,92,37,61,49,57,27,38,20,33
gene-OO714_RS05905,437,479,456,321,152,216,109,189,153,146,142,133
gene-OO714_RS05910,59,103,72,50,20,32,15,38,11,21,6,9
gene-OO714_RS05915,7441,7488,6977,60718,9528,11967,5990,9700,4897,5211,4639,5330
gene-OO714_RS05920,324,338,366,377,142,196,82,142,103,162,120,95
gene-OO714_RS05925,393,354,338,360,90,150,70,154,72,117,79,66
gene-OO714_RS05930,1007,1121,1046,1863,619,773,382,579,392,458,294,339
gene-OO714_RS05935,6430,7182,6741,8348,2756,3313,1620,2745,2102,2081,1651,1822
gene-OO714_RS05940,2451,2726,2403,3286,1353,1659,805,1413,1006,997,866,929
gene-OO714_RS05945,233,228,194,150,73,97,56,94,107,119,63,73
gene-OO714_RS05950,570,557,568,527,137,182,67,178,155,166,90,132
gene-OO714_RS05955,198,223,225,189,44,51,35,58,43,72,41,48
gene-OO714_RS05960,137,163,148,70,41,42,28,48,51,58,40,25
gene-OO714_RS05965,239,192,217,174,104,104,43,97,81,99,65,74
gene-OO714_RS05970,119,105,135,84,13,32,15,36,18,14,16,22
gene-OO714_RS05975,385,381,392,320,105,133,49,105,68,88,48,82
gene-OO714_RS05980,325,345,367,335,129,123,81,158,123,142,110,126
gene-OO714_RS05985,459,462,459,364,127,136,68,167,144,116,97,123
gene-OO714_RS05990,1421,1526,1534,1454,467,608,237,517,443,412,423,432
gene-OO714_RS05995,406,447,417,412,251,301,138,270,249,231,173,242
gene-OO714_RS06000,31,40,44,44,11,9,13,10,14,12,14,12
gene-OO714_RS06005,85,97,72,69,28,40,22,31,12,25,12,19
gene-OO714_RS06010,167,176,204,149,71,109,38,94,70,100,78,62
gene-OO714_RS06015,259,349,265,237,104,160,80,141,129,141,82,106
gene-OO714_RS06020,101,106,99,80,45,48,12,47,51,60,26,41
gene-OO714_RS06025,155,194,198,133,47,62,35,51,33,54,31,41
gene-OO714_RS06030,120,102,112,87,40,44,32,54,36,41,47,25
gene-OO714_RS06035,51,34,65,45,31,28,10,38,25,21,14,27
gene-OO714_RS06040,81,90,72,60,30,43,22,47,44,42,21,26
gene-OO714_RS06045,127,162,115,69,37,51,20,50,21,34,15,50
gene-OO714_RS06050,230,252,265,231,112,154,71,129,79,123,101,125
gene-OO714_RS06055,656,604,675,528,287,279,138,276,239,269,230,214
gene-OO714_RS06060,230,214,216,196,103,87,42,112,78,93,55,57
gene-OO714_RS06065,49,54,43,23,6,10,4,20,14,14,13,5
gene-OO714_RS06070,149,205,154,95,44,68,33,63,51,70,45,59
gene-OO714_RS06075,188,223,179,130,74,105,42,89,53,109,79,70
gene-OO714_RS06080,182,210,205,166,73,72,41,79,64,73,53,53
gene-OO714_RS06085,216,282,235,199,99,107,46,131,99,131,69,60
gene-OO714_RS06090,860,1006,901,1217,764,1031,489,953,841,918,720,891
gene-OO714_RS06095,323,361,328,259,318,375,211,331,280,368,211,178
gene-OO714_RS06100,441,564,587,449,99,130,86,134,100,105,101,100
gene-OO714_RS06105,228,269,249,199,53,58,30,44,61,57,33,50
gene-OO714_RS06110,1015,1041,1072,1618,579,885,409,731,501,609,389,450
gene-OO714_RS06115,1384,1515,1287,1353,1366,1590,805,1587,1571,1898,1263,1462
gene-OO714_RS06120,778,816,739,602,588,725,351,626,807,959,560,573
gene-OO714_RS06125,843,911,899,865,464,519,293,499,477,436,370,440
gene-OO714_RS06130,1229,1267,1216,1040,687,986,477,856,618,787,551,559
gene-OO714_RS06135,2295,2460,2309,2826,2358,3113,1570,2728,1897,1968,1576,1660
gene-OO714_RS06140,3965,4186,3927,5147,3204,3587,1851,3228,2389,2069,2299,2546
gene-OO714_RS06145,4737,4932,4691,6177,3340,4418,2119,3844,3359,3174,2993,3513
gene-OO714_RS06150,610,686,720,514,583,880,385,741,665,960,554,571
gene-OO714_RS06155,598,667,644,497,254,331,150,269,252,317,185,224
gene-OO714_RS06160,1408,1360,1347,1250,821,1119,552,1045,731,774,684,839
gene-OO714_RS06165,151,193,151,1914,671,764,389,669,1220,1913,756,791
gene-OO714_RS06170,5461,5850,5705,5111,2860,3893,1796,3520,2448,2188,2274,2797
gene-OO714_RS06175,614,562,563,485,393,588,294,519,448,534,280,411
gene-OO714_RS06180,4398,4739,4440,3529,973,1093,527,1203,822,1081,640,701
gene-OO714_RS06185,1033,1028,1184,830,290,304,154,309,444,409,381,345
gene-OO714_RS06190,921,882,907,716,475,585,317,601,614,655,487,483
gene-OO714_RS06195,1219,1363,1215,1196,667,846,412,831,709,715,619,657
gene-OO714_RS06200,740,750,695,527,320,388,224,399,407,523,223,333
gene-OO714_RS06205,1814,1890,1880,1639,669,842,415,842,637,776,577,729
gene-OO714_RS06210,3177,3284,2819,2600,5647,7514,3761,6030,5175,4643,3112,3688
gene-OO714_RS06215,1935,1965,1750,1723,1705,2506,1133,1999,1343,966,1040,1353
gene-OO714_RS06220,11502,12316,11628,12654,7876,10919,5222,9361,6266,6071,5721,6805
gene-OO714_RS06225,2421,2516,2646,2873,917,1411,651,1190,705,711,698,810
gene-OO714_RS06230,2891,3004,2656,4821,3532,4546,2228,3770,2660,1651,2347,2868
gene-OO714_RS06235,2110,2231,2059,3604,4467,6307,3148,5014,3917,3987,2674,2868
gene-OO714_RS06240,24965,27172,24694,53632,31803,44092,20554,37913,22765,19354,19978,24218
gene-OO714_RS06245,10779,11610,11048,25212,11893,16538,7680,14169,7061,7764,6423,7729
gene-OO714_RS06250,468,504,435,493,236,361,171,343,245,307,200,222
gene-OO714_RS06255,9992,10255,9247,15301,10522,13180,6537,12036,10898,10275,8186,9769
gene-OO714_RS06260,569,657,604,1144,650,823,392,752,484,462,464,575
gene-OO714_RS06265,909,959,963,697,928,1342,640,1238,1025,1163,806,952
gene-OO714_RS06270,655,643,672,540,440,597,268,503,508,627,412,472
gene-OO714_RS06275,693,808,718,618,351,529,206,488,428,318,369,463
gene-OO714_RS06280,70,100,88,75,51,68,42,57,59,80,69,52
gene-OO714_RS06285,204,155,175,133,139,173,72,154,175,216,105,144
gene-OO714_RS06290,1133,1221,1173,986,1494,1914,938,1868,1618,1722,1338,1579
gene-OO714_RS06295,1753,1912,1724,1860,30382,31933,16601,32772,38911,37740,33454,41545
gene-OO714_RS06300,3050,2936,2556,2490,52847,48100,27325,47311,47185,33332,58235,58887
gene-OO714_RS06305,499,546,548,417,235,263,140,274,197,204,158,153
gene-OO714_RS06310,427,443,463,1195,562,730,359,694,469,588,386,461
gene-OO714_RS06315,3987,4092,3835,3480,1403,1777,802,1674,1100,919,1191,1239
gene-OO714_RS06320,781,870,887,662,400,413,190,382,351,363,334,316
gene-OO714_RS06325,705,796,728,690,242,235,113,233,202,218,150,182
gene-OO714_RS06330,1013,1118,1025,1400,71,86,50,97,67,68,54,59
gene-OO714_RS06335,1366,1433,1295,1407,127,112,75,149,134,121,98,113
gene-OO714_RS06340,2152,2278,2103,1632,161,210,85,214,145,169,106,138
gene-OO714_RS06345,401,371,366,329,159,208,107,146,175,157,109,122
gene-OO714_RS06350,796,785,843,709,327,412,197,356,319,366,362,345
gene-OO714_RS06355,1753,1919,1696,1941,1381,1723,817,1618,1219,1271,1005,1218
gene-OO714_RS06360,423,472,458,374,277,318,199,304,239,319,215,239
gene-OO714_RS06365,261,305,310,177,89,92,61,102,98,112,60,65
gene-OO714_RS06370,7773,8241,7810,12055,3661,4224,2070,3911,2442,2296,2226,2676
gene-OO714_RS06375,8762,9282,8389,11411,5449,6283,3313,5886,3693,3437,2817,3280
gene-OO714_RS06380,2444,2465,2457,3339,1271,1421,748,1415,686,714,662,756
gene-OO714_RS06385,4495,4744,4609,4135,1425,1667,768,1711,1141,1327,1016,1105
gene-OO714_RS06390,680,732,684,475,277,272,151,336,163,233,150,166
gene-OO714_RS06395,1015,1028,1069,827,174,224,112,212,141,149,113,152
gene-OO714_RS06400,410,403,392,293,131,143,68,146,140,183,127,103
gene-OO714_RS06405,958,1098,943,1107,869,931,466,944,614,518,554,708
gene-OO714_RS06410,811,892,872,817,424,499,227,489,362,395,332,408
gene-OO714_RS06415,5890,6150,5901,5210,2707,3091,1495,3079,2785,2871,2268,2517
gene-OO714_RS06420,8844,9443,9064,8185,3917,4323,2216,4134,3911,3736,3336,3619
gene-OO714_RS06425,442,542,557,538,193,291,124,296,167,177,159,177
gene-OO714_RS06430,7644,8533,7374,13169,11825,14927,7521,13029,12751,11039,9621,11529
gene-OO714_RS06435,344,360,397,253,41,46,25,58,67,92,55,83
gene-OO714_RS06440,1092,1141,1034,702,149,178,96,172,160,220,187,189
gene-OO714_RS06445,1071,1121,1130,980,542,761,320,650,427,397,371,465
gene-OO714_RS06450,145,182,144,104,43,44,21,27,47,39,27,34
gene-OO714_RS06455,247,299,274,3285,156,187,109,165,293,378,196,183
gene-OO714_RS06460,3170,3398,3254,2549,691,1001,410,839,719,740,703,748
gene-OO714_RS06465,588,615,609,496,224,264,151,233,195,183,224,261
gene-OO714_RS06470,75,101,89,76,19,34,9,22,42,66,20,27
gene-OO714_RS06475,924,1042,982,631,329,400,192,329,303,390,253,230
gene-OO714_RS06480,435,431,446,321,134,152,98,149,187,280,135,146
gene-OO714_RS06485,229,244,251,175,153,209,96,198,159,188,126,112
gene-OO714_RS06490,473,513,602,384,111,111,71,125,101,106,53,102
gene-OO714_RS06495,828,926,831,609,368,412,200,393,337,454,338,366
gene-OO714_RS06500,2917,2902,2814,2263,1195,1480,751,1479,1276,1351,971,1163
gene-OO714_RS06505,1549,1703,1655,1708,1219,1491,699,1281,1709,1652,1328,1566
gene-OO714_RS06510,436,450,451,574,349,614,287,493,350,545,258,286
gene-OO714_RS06515,387,428,366,328,184,185,75,210,134,169,116,117
gene-OO714_RS06520,448,512,430,918,241,321,165,298,226,232,209,234
gene-OO714_RS06525,15,22,7,7,2,1,0,0,0,2,2,2
gene-OO714_RS06530,478,565,484,406,156,195,98,191,152,159,107,109
gene-OO714_RS06535,869,963,799,1608,1430,1837,980,1641,994,1099,931,1005
gene-OO714_RS06540,4927,5111,4592,4774,3105,3684,1931,3531,2911,2969,2419,2672
gene-OO714_RS06545,337,357,367,254,184,286,149,252,176,196,141,163
gene-OO714_RS06550,281,216,278,210,75,113,66,96,96,90,58,77
gene-OO714_RS06555,384,444,418,343,147,199,78,214,176,192,143,135
gene-OO714_RS06560,380,399,377,291,125,172,71,197,114,130,138,128
gene-OO714_RS06565,890,942,912,1268,1837,2293,1106,2014,1696,1475,1305,1599
gene-OO714_RS06570,1833,1957,2005,1597,954,1099,575,1193,966,904,813,949
gene-OO714_RS06575,1354,1524,1576,1310,419,546,315,567,414,468,336,400
gene-OO714_RS06580,998,1040,1016,886,438,591,253,563,281,322,288,361
gene-OO714_RS06585,1384,1420,1348,1110,605,660,357,734,624,715,474,562
gene-OO714_RS06590,743,853,729,553,330,374,193,381,343,478,261,280
gene-OO714_RS06595,1459,1509,1510,1165,593,697,372,737,575,573,424,507
gene-OO714_RS06600,1369,1412,1455,1039,328,420,211,390,293,440,262,291
gene-OO714_RS06605,165,170,148,221,110,151,67,125,341,525,238,248
gene-OO714_RS06610,14896,15704,14694,12589,9327,11916,5776,11637,9189,9323,7587,8577
gene-OO714_RS06615,234,258,296,216,34,48,28,38,55,70,38,42
gene-OO714_RS06620,235,224,261,175,15,41,25,33,50,32,36,46
gene-OO714_RS06625,1302,1448,1459,1192,320,330,131,386,251,331,195,221
gene-OO714_RS06630,380,398,417,318,137,181,85,142,128,148,109,117
gene-OO714_RS06635,216,205,239,166,104,105,50,91,80,111,57,84
gene-OO714_RS06640,278,279,267,208,88,94,57,101,90,102,51,79
gene-OO714_RS06645,183,233,254,156,55,87,35,90,90,77,44,48
gene-OO714_RS06650,228,262,230,230,100,138,56,124,104,109,86,101
gene-OO714_RS06655,353,406,335,244,331,330,153,323,201,221,204,251
gene-OO714_RS06660,99,141,101,66,17,11,7,20,20,14,12,9
gene-OO714_RS06670,145,133,114,102,33,47,14,48,29,44,33,36
gene-OO714_RS06675,612,554,612,886,330,393,192,383,388,450,335,355
gene-OO714_RS06680,489,520,470,627,805,1051,446,1089,997,910,767,835
gene-OO714_RS06685,73,116,69,160,160,171,57,191,235,485,158,220
gene-OO714_RS06690,74,117,101,53,41,38,26,61,50,62,45,44
gene-OO714_RS06695,18,20,20,22,68,106,36,62,95,93,56,85
gene-OO714_RS06700,76,67,76,43,51,66,35,100,56,59,61,56
gene-OO714_RS06705,94,107,82,100,114,100,60,134,142,162,91,107
gene-OO714_RS06710,777,770,797,3408,404,402,217,403,532,594,474,537
gene-OO714_RS06715,246,309,262,238,88,121,56,116,88,135,90,105
gene-OO714_RS06720,45,37,38,35,76,84,54,97,155,226,129,123
gene-OO714_RS06725,59,55,38,51,22,30,12,22,37,35,28,36
gene-OO714_RS06730,827,897,865,691,219,296,139,274,267,251,165,207
gene-OO714_RS06735,1801,1822,1580,4089,1796,1856,1039,1691,1843,1816,1373,1494
gene-OO714_RS06740,40,38,48,40,7,12,9,13,9,20,8,7
gene-OO714_RS06745,47,31,38,22,25,29,7,33,22,12,25,53
gene-OO714_RS06750,226,226,205,221,196,212,113,161,179,198,144,118
gene-OO714_RS06755,21,26,32,18,42,59,24,45,39,44,27,22
gene-OO714_RS06760,949,1041,1109,837,355,433,206,406,303,319,240,274
gene-OO714_RS06765,360,401,417,362,72,106,58,124,82,92,76,70
gene-OO714_RS06770,2229,2290,2277,1937,1047,1508,608,1400,812,839,681,852
gene-OO714_RS06775,211,264,211,184,62,75,43,101,99,67,63,56
gene-OO714_RS06780,417,420,414,332,123,194,71,157,110,137,118,128
gene-OO714_RS06785,913,966,837,1017,1796,2203,1073,1985,1851,1989,1370,1571
gene-OO714_RS06790,254,277,277,256,93,139,64,138,118,149,98,98
gene-OO714_RS06795,2009,2008,1689,1184,218,265,125,254,305,219,274,328
gene-OO714_RS06800,4611,4935,4617,4918,6603,9278,4378,8404,9029,9104,6751,8359
gene-OO714_RS06805,4533,4884,4142,4776,5958,7795,3699,7036,7268,6025,6610,7355
gene-OO714_RS06810,1160,1229,1236,1533,784,1015,419,897,715,763,733,783
gene-OO714_RS06815,917,884,877,718,322,358,163,343,296,362,227,291
gene-OO714_RS06820,464,572,442,344,211,249,102,253,253,326,167,188
gene-OO714_RS06825,4597,5111,5140,4076,1505,2005,921,1761,1091,907,1126,1296
gene-OO714_RS06830,2393,2759,2646,2264,1623,1952,1049,1798,1637,1718,1184,1247
gene-OO714_RS06835,44,26,26,30,9,15,7,12,11,24,10,9
gene-OO714_RS06840,2581,2934,2802,1988,567,661,329,623,436,482,366,418
gene-OO714_RS06845,55,67,74,66,29,36,26,48,37,57,23,27
gene-OO714_RS06850,422,397,436,416,220,270,138,259,262,263,160,183
gene-OO714_RS06855,636,737,609,1228,624,838,371,852,606,648,451,613
gene-OO714_RS06860,553,582,604,529,237,413,183,323,221,279,146,242
gene-OO714_RS06865,1671,1819,1751,1628,433,656,266,614,403,420,424,467
gene-OO714_RS06870,1178,1361,1302,1185,483,527,282,514,530,624,466,501
gene-OO714_RS06875,1115,1231,1094,995,630,780,397,703,682,648,520,647
gene-OO714_RS06880,842,943,841,1090,630,827,287,671,543,615,448,545
gene-OO714_RS06885,745,972,933,693,242,274,116,318,228,304,173,211
gene-OO714_RS06890,133,130,170,114,39,36,10,25,27,85,19,26
gene-OO714_RS06895,948,867,727,696,220,209,109,215,197,268,199,187
gene-OO714_RS06900,855,856,975,699,245,309,172,305,205,257,177,167
gene-OO714_RS06905,518,582,544,344,332,396,217,372,407,528,307,321
gene-OO714_RS06910,4127,3908,3607,8545,4386,5327,2811,4867,3460,3050,2880,3271
gene-OO714_RS06915,478,550,461,1583,900,1222,536,1007,684,732,546,710
gene-OO714_RS06920,507,584,496,553,531,662,322,659,704,819,511,584
gene-OO714_RS06925,772,808,778,584,172,221,107,209,151,190,151,186
gene-OO714_RS06930,0,0,1,0,0,0,1,0,0,2,0,0
gene-OO714_RS06935,368,373,346,311,149,169,92,181,145,169,136,144
gene-OO714_RS06940,124,160,139,110,29,51,15,34,38,26,32,31
gene-OO714_RS06945,24,16,26,11,3,4,0,7,0,2,2,2
gene-OO714_RS06950,738,769,767,574,345,384,192,444,383,348,270,339
gene-OO714_RS06955,258,294,355,231,114,143,77,174,119,87,83,101
gene-OO714_RS06960,914,956,1045,777,579,601,334,637,431,412,363,406
gene-OO714_RS06965,183,230,210,183,113,153,84,142,106,96,63,90
gene-OO714_RS06970,1037,1190,1127,811,375,471,236,472,392,476,266,309
gene-OO714_RS06975,447,455,450,339,232,331,139,338,257,267,208,214
gene-OO714_RS06980,19,22,20,13,11,12,4,4,9,13,3,9
gene-OO714_RS06985,362,362,421,473,149,188,111,232,142,103,131,155
gene-OO714_RS06990,853,980,819,776,454,535,267,522,492,337,391,365
gene-OO714_RS06995,1247,1287,1285,1043,530,571,290,577,435,434,392,455
gene-OO714_RS07000,872,1011,819,735,678,749,382,744,621,636,544,576
gene-OO714_RS07005,2099,2160,2097,1588,686,839,473,823,689,781,553,647
gene-OO714_RS07010,824,945,938,847,230,278,168,275,193,198,215,225
gene-OO714_RS07015,93,118,89,88,36,72,22,63,41,46,27,34
gene-OO714_RS07020,75,73,60,52,22,32,22,38,34,31,11,25
gene-OO714_RS07025,97,60,76,56,42,71,27,50,49,48,29,35
gene-OO714_RS07030,682,720,641,800,2516,2815,1473,2477,3348,3562,2717,2709
gene-OO714_RS07035,994,1144,1131,1116,2175,3046,1527,2715,2853,3616,2252,2455
gene-OO714_RS07040,3491,3766,3683,19548,4483,5206,2617,5054,6074,5724,5258,6226
gene-OO714_RS07045,205,186,210,202,62,117,63,127,157,200,116,120
gene-OO714_RS07050,459,513,442,402,117,192,72,128,156,212,98,140
gene-OO714_RS07055,260,246,217,192,40,98,49,105,83,84,53,58
gene-OO714_RS07060,1362,1528,1337,1050,556,591,322,657,644,726,525,586
gene-OO714_RS07065,559,582,570,410,459,584,249,502,617,887,440,415
gene-OO714_RS07070,306,380,317,463,241,299,140,297,211,273,200,188
gene-OO714_RS07075,282,287,295,193,100,106,79,114,118,132,71,76
gene-OO714_RS07080,3519,3909,3704,3188,1166,1870,918,1709,942,1136,932,1042
gene-OO714_RS07085,595,738,665,583,510,683,337,570,545,665,402,477
gene-OO714_RS07090,1024,1182,1116,1305,490,667,316,590,476,514,311,392
gene-OO714_RS07095,698,813,782,606,313,442,207,357,343,387,201,290
gene-OO714_RS07100,33,32,35,17,12,6,4,8,5,11,3,10
gene-OO714_RS07105,2902,2929,2881,2728,1824,2623,1097,2376,1680,1618,1600,1869
gene-OO714_RS07110,1072,1247,1035,1392,914,1142,564,970,785,939,637,748
gene-OO714_RS07115,1024,1039,940,1275,1050,1396,702,1173,842,869,631,702
gene-OO714_RS07120,1292,1476,1399,1303,609,810,341,736,485,501,474,564
gene-OO714_RS07125,2912,3202,3025,2501,973,1291,570,1150,753,704,714,820
gene-OO714_RS07130,2557,2650,2468,1897,1032,1351,623,1146,776,982,769,784
gene-OO714_RS07135,2949,3074,3054,2465,2398,2782,1233,2533,2052,2306,1946,2201
gene-OO714_RS07140,5766,6380,5826,6797,5414,7038,3299,6318,4795,5505,4336,5006
gene-OO714_RS07145,1001,967,935,1413,889,1307,594,1135,690,650,539,656
gene-OO714_RS07150,2273,2410,2272,2194,1195,1562,664,1406,900,992,850,1010
gene-OO714_RS07155,617,680,595,939,598,854,401,747,468,503,365,347
gene-OO714_RS07160,3958,3843,3491,3971,1703,2109,950,1964,245,221,207,197
gene-OO714_RS07165,1037,1175,1082,952,626,933,379,918,714,798,520,658
gene-OO714_RS07175,2274,2693,2664,1886,931,1077,467,1001,856,670,786,953
gene-OO714_RS07180,14850,15114,13624,11410,5760,7397,3591,6959,7802,8300,6303,7395
gene-OO714_RS07185,3640,3870,3544,2947,1859,2482,1195,2466,1693,1872,1506,2052
gene-OO714_RS07190,286,401,347,241,192,251,108,245,196,285,142,170
gene-OO714_RS07195,249,221,241,198,146,147,62,140,156,135,106,119
gene-OO714_RS07200,131,159,156,97,37,39,11,46,25,56,17,24
gene-OO714_RS07205,138,158,144,102,81,78,37,85,79,114,44,56
gene-OO714_RS07210,280,312,312,220,98,135,78,139,120,152,90,118
gene-OO714_RS07215,197,254,201,163,41,79,24,71,41,90,48,29
gene-OO714_RS07220,1103,1130,1236,904,316,377,168,387,352,293,316,350
gene-OO714_RS07225,684,790,840,617,123,210,87,189,162,163,162,205
gene-OO714_RS07230,303,327,339,247,82,87,36,93,71,89,53,81
gene-OO714_RS07235,49,36,60,39,0,3,0,2,1,2,1,3
gene-OO714_RS07240,1826,2178,1844,1396,569,598,282,645,670,752,548,539
gene-OO714_RS07245,586,517,589,460,163,219,114,187,195,204,147,153
gene-OO714_RS07250,162,191,171,145,68,106,47,89,106,134,59,63
gene-OO714_RS07255,857,924,818,1429,561,743,350,683,787,838,521,575
gene-OO714_RS07260,251,289,241,491,392,354,206,354,735,1086,510,487
gene-OO714_RS07265,1405,1530,1496,1257,1029,1275,600,1155,1009,1167,754,850
gene-OO714_RS07270,95,97,86,72,160,154,65,194,75,158,128,115
gene-OO714_RS07275,152,156,151,162,175,192,79,160,167,239,102,124
gene-OO714_RS07280,916,930,870,707,110,131,51,115,70,120,125,129
gene-OO714_RS07285,1309,1296,1298,1205,1074,1231,570,1197,933,927,675,758
gene-OO714_RS07290,492,424,494,471,326,354,228,429,307,387,227,289
gene-OO714_RS07295,2239,2443,2193,2201,1897,2101,1029,2143,1861,1978,1419,1624
gene-OO714_RS07300,389,425,392,265,286,373,213,350,258,334,145,168
gene-OO714_RS07305,227,261,274,179,61,69,43,66,68,76,61,62
gene-OO714_RS07310,374,415,306,603,310,289,176,191,419,533,330,228
gene-OO714_RS07315,528,485,436,336,310,373,191,359,434,517,303,313
gene-OO714_RS07320,951,1044,1062,1006,576,886,413,793,482,538,397,481
gene-OO714_RS07325,1455,1587,1313,1233,824,855,431,831,782,966,594,645
gene-OO714_RS07330,487,545,491,424,464,629,302,532,500,569,373,446
gene-OO714_RS07335,99,140,126,70,52,77,54,65,55,98,49,65
gene-OO714_RS07340,329,332,300,348,553,648,307,588,414,839,322,315
gene-OO714_RS07345,1147,1158,1024,1068,770,853,451,787,733,747,716,744
gene-OO714_RS07350,1233,1135,952,969,903,1054,524,1040,863,811,677,648
gene-OO714_RS07355,460,534,427,581,348,417,196,441,493,581,430,455
gene-OO714_RS07360,635,510,440,322,497,577,332,493,848,1260,425,359
gene-OO714_RS07365,443,429,337,551,1244,1019,627,933,1753,2446,1255,870
gene-OO714_RS07370,273,268,235,211,174,226,109,205,150,172,122,127
gene-OO714_RS07375,3993,4203,4051,3779,1204,1620,717,1770,997,944,989,1191
gene-OO714_RS07380,590,626,553,752,520,686,310,603,675,635,496,565
gene-OO714_RS07385,275,274,253,240,129,122,75,158,139,163,78,118
gene-OO714_RS07390,209,161,140,160,187,308,171,217,117,95,105,85
gene-OO714_RS07395,4,1,7,5,4,4,1,1,0,0,0,2
gene-OO714_RS07400,4087,4235,4032,5232,2937,4592,2049,3641,1023,952,929,1179
gene-OO714_RS07405,3846,4214,3934,4997,5295,8230,3687,6871,2010,1918,1577,1894
gene-OO714_RS07410,51,27,25,30,49,108,26,70,46,107,37,31
gene-OO714_RS07415,339,353,343,252,140,184,115,171,158,192,125,153
gene-OO714_RS07420,194,181,166,173,151,206,103,211,170,156,147,148
gene-OO714_RS07425,2158,2259,2171,2148,1160,1617,763,1642,1240,1343,1250,1469
gene-OO714_RS07430,1248,1310,1228,1171,510,631,299,615,720,719,543,590
gene-OO714_RS07435,5778,6101,5685,7468,4174,4919,2462,4579,6191,6119,4650,5451
gene-OO714_RS07440,1262,1296,1224,1312,781,934,454,816,768,940,593,650
gene-OO714_RS07445,775,915,783,620,479,559,256,550,390,417,370,464
gene-OO714_RS07450,399,417,448,422,455,570,281,508,389,377,436,439
gene-OO714_RS07455,3168,3240,2995,2915,1309,1502,701,1482,1137,1374,1010,1182
gene-OO714_RS07460,691,806,679,801,633,697,364,711,538,676,499,567
gene-OO714_RS07465,614,648,558,566,378,481,231,499,333,364,273,368
gene-OO714_RS07470,1108,1121,1142,915,426,428,225,501,347,484,290,338
gene-OO714_RS07475,1537,1459,1357,1491,739,913,455,926,723,719,641,669
gene-OO714_RS07480,1202,1260,1244,1099,1049,1263,587,1278,830,845,806,1007
gene-OO714_RS07485,210,229,261,245,277,380,172,306,309,411,201,236
gene-OO714_RS07490,5732,5894,5091,10773,8545,10250,5127,9439,11500,10731,9199,10278
gene-OO714_RS07495,669,638,578,523,192,306,129,263,204,137,225,278
gene-OO714_RS07500,1084,1115,998,1376,1178,1494,754,1476,1306,1296,976,1011
gene-OO714_RS07505,448,550,526,435,335,343,157,360,283,372,262,323
gene-OO714_RS07510,138,190,168,144,146,196,102,190,169,175,120,154
gene-OO714_RS07515,614,733,654,618,285,428,204,371,268,257,249,308
gene-OO714_RS07520,53,69,55,69,21,22,17,11,12,23,18,13
gene-OO714_RS07525,331,386,336,263,179,178,87,163,204,230,132,143
gene-OO714_RS07530,281,358,332,377,141,158,79,152,143,154,108,140
gene-OO714_RS07535,177,182,155,105,43,40,28,43,33,68,35,26
gene-OO714_RS07540,706,701,564,897,861,1238,587,1165,1030,1254,606,653
gene-OO714_RS07545,11529,11592,10634,11887,5673,6955,3381,6253,5258,4600,5109,5487
gene-OO714_RS07550,1540,1697,1598,1798,1051,1418,695,1267,822,944,733,878
gene-OO714_RS07555,2858,3151,2646,3681,2630,3443,1668,2787,1857,1834,1613,1623
gene-OO714_RS07560,325,332,286,279,54,87,47,84,86,97,50,68
gene-OO714_RS07565,1301,1386,1202,1278,878,1159,546,1048,857,964,853,1111
gene-OO714_RS07570,906,800,762,531,470,614,306,584,472,509,454,560
gene-OO714_RS07575,752,833,917,735,135,131,62,177,116,98,78,130
gene-OO714_RS07580,214,257,243,172,42,76,28,83,46,40,34,45
gene-OO714_RS07585,597,620,655,577,119,139,77,185,137,91,108,139
gene-OO714_RS07590,379,366,413,336,111,144,73,117,129,102,128,105
gene-OO714_RS07595,127,123,119,83,51,51,22,54,47,52,39,38
gene-OO714_RS07600,242,325,364,294,75,132,61,102,89,90,94,92
gene-OO714_RS07605,44,39,44,40,11,20,19,13,13,20,17,18
gene-OO714_RS07610,42,66,57,65,17,35,19,22,21,25,19,16
gene-OO714_RS07615,74,94,67,105,35,54,20,34,18,20,22,44
gene-OO714_RS07620,48,47,59,38,19,26,11,22,24,28,13,15
gene-OO714_RS07625,211,215,228,179,127,144,38,126,147,152,124,120
gene-OO714_RS07630,308,314,295,273,130,151,63,172,115,157,113,135
gene-OO714_RS07635,875,963,982,1107,370,509,243,443,376,351,277,298
gene-OO714_RS07640,461,416,361,1065,316,432,179,427,280,297,177,255
gene-OO714_RS07645,291,332,258,246,98,112,68,100,72,105,74,68
gene-OO714_RS07650,182,184,164,153,35,56,18,57,25,40,49,43
gene-OO714_RS07655,202,229,175,178,128,136,70,143,154,152,102,161
gene-OO714_RS07660,159,205,146,129,76,115,60,80,84,73,62,69
gene-OO714_RS07665,162,193,194,141,55,93,65,121,89,107,46,57
gene-OO714_RS07670,679,755,671,606,527,518,281,472,415,375,345,401
gene-OO714_RS07675,673,691,661,761,344,387,188,429,291,244,175,286
gene-OO714_RS07680,289,306,254,280,145,178,84,152,124,137,95,84
gene-OO714_RS07685,453,517,497,501,308,319,168,291,264,222,208,238
gene-OO714_RS07690,269,245,265,186,78,91,52,81,79,113,72,82
gene-OO714_RS07695,550,631,595,485,149,119,69,170,112,145,98,129
gene-OO714_RS07700,342,303,247,220,299,353,165,315,301,353,208,220
gene-OO714_RS07705,97,162,145,125,59,61,36,60,49,61,49,69
gene-OO714_RS07710,117,142,149,92,36,41,18,50,24,24,15,36
gene-OO714_RS07715,29,33,28,20,4,9,7,5,3,6,4,4
gene-OO714_RS07720,16,26,23,17,12,8,5,5,5,6,3,3
gene-OO714_RS07725,122,111,116,108,28,44,20,26,29,30,33,27
gene-OO714_RS07730,70,67,59,52,11,24,4,18,12,8,12,6
gene-OO714_RS07735,101,82,81,80,36,59,31,46,56,43,30,58
gene-OO714_RS07740,93,94,114,84,64,68,33,58,53,57,38,71
gene-OO714_RS07745,189,179,214,169,94,109,44,98,107,100,106,72
gene-OO714_RS07750,151,149,166,117,63,57,45,44,55,72,44,53
gene-OO714_RS07755,481,473,482,390,139,165,90,165,168,193,132,130
gene-OO714_RS07760,120,135,140,96,34,26,13,30,35,43,29,34
gene-OO714_RS07765,285,299,277,213,110,120,72,122,133,163,124,107
gene-OO714_RS07770,501,615,551,462,219,241,124,234,184,249,195,204
gene-OO714_RS07775,208,214,174,246,133,155,82,133,141,132,140,142
gene-OO714_RS07780,277,338,271,252,155,190,93,192,151,109,131,126
gene-OO714_RS07785,72,67,101,102,90,106,60,103,90,79,75,84
gene-OO714_RS07790,170,175,164,140,100,86,49,124,74,62,80,116
gene-OO714_RS07795,143,169,187,153,174,201,110,206,181,184,131,193
gene-OO714_RS07800,27,47,52,36,29,43,30,63,44,51,39,37
gene-OO714_RS07805,316,335,314,259,295,367,154,346,405,364,312,298
gene-OO714_RS07810,713,828,617,516,497,558,274,605,435,444,341,379
gene-OO714_RS07815,278,286,291,211,111,139,49,153,72,95,59,74
gene-OO714_RS07820,499,567,555,401,191,208,126,247,179,171,144,200
gene-OO714_RS07825,2022,2265,2145,2089,683,809,409,824,618,588,589,641
gene-OO714_RS07830,5688,6132,5825,4877,1565,1462,691,1792,1105,844,1171,1350
gene-OO714_RS07835,1785,1943,2057,2387,320,388,170,422,203,171,126,192
gene-OO714_RS07840,2170,2306,2418,4464,566,744,400,686,335,316,373,407
gene-OO714_RS07845,220,204,215,218,53,72,35,82,61,76,33,47
gene-OO714_RS07850,344,388,408,1033,414,455,194,453,459,443,408,457
gene-OO714_RS07855,171,203,215,217,103,117,31,99,94,81,97,74
gene-OO714_RS07860,313,278,275,322,297,250,141,254,256,244,245,301
gene-OO714_RS07865,520,581,482,446,123,146,75,195,115,134,99,144
gene-OO714_RS07870,348,334,324,259,143,243,103,223,206,271,126,138
gene-OO714_RS07875,238,281,168,285,223,183,106,205,240,343,227,183
gene-OO714_RS07880,280,361,306,337,104,107,56,115,79,94,89,98
gene-OO714_RS07885,215,221,183,249,173,236,117,196,141,126,159,186
gene-OO714_RS07890,333,312,311,381,275,418,152,408,263,316,298,412
gene-OO714_RS07895,227,224,221,194,339,492,209,430,415,441,334,446
gene-OO714_RS07900,204,234,226,176,173,219,127,212,246,285,133,117
gene-OO714_RS07905,183,175,160,161,85,78,29,86,92,91,72,81
gene-OO714_RS07910,127,154,129,169,88,77,38,64,102,66,73,76
gene-OO714_RS07915,178,148,121,184,80,85,43,100,54,51,49,66
gene-OO714_RS07920,34,44,44,38,22,28,12,34,17,18,20,11
gene-OO714_RS07925,272,322,340,383,195,215,101,219,192,163,130,150
gene-OO714_RS07930,289,347,338,324,114,168,63,157,131,123,138,121
gene-OO714_RS07935,389,367,374,273,121,135,54,113,87,113,69,72
gene-OO714_RS07940,220,285,245,214,133,172,78,157,188,185,176,181
gene-OO714_RS07945,328,348,274,204,353,253,182,263,370,405,306,272
gene-OO714_RS07950,154,192,158,112,99,92,48,102,88,110,71,78
gene-OO714_RS07955,1446,1677,1617,1222,267,349,147,320,251,274,225,235
gene-OO714_RS07960,4852,5453,5211,4752,1010,1090,603,1175,1060,1172,805,864
gene-OO714_RS07965,318,324,326,277,79,106,36,72,61,61,50,66
gene-OO714_RS07970,394,431,423,363,97,130,57,106,126,113,100,116
gene-OO714_RS07975,128,182,153,71,45,56,37,55,82,83,66,42
gene-OO714_RS07980,397,403,351,325,206,243,136,216,199,220,181,163
gene-OO714_RS07985,85,90,90,115,71,84,45,104,83,91,48,53
gene-OO714_RS07990,122,159,160,104,47,64,31,52,38,62,39,36
gene-OO714_RS07995,695,760,661,506,249,301,130,351,262,316,225,238
gene-OO714_RS08000,356,364,403,291,121,128,51,155,126,157,119,113
gene-OO714_RS08005,630,654,662,494,186,199,94,191,184,192,176,193
gene-OO714_RS08010,300,254,314,235,71,96,35,87,73,87,61,76
gene-OO714_RS08015,164,196,189,149,42,44,25,55,30,29,33,33
gene-OO714_RS08020,119,146,130,87,34,51,28,43,35,39,26,34
gene-OO714_RS08025,264,239,288,225,170,186,94,170,172,161,119,169
gene-OO714_RS08030,290,283,305,217,147,215,77,180,129,156,99,134
gene-OO714_RS08035,329,369,298,272,190,238,104,230,175,218,186,164
gene-OO714_RS08040,295,309,355,382,191,206,108,194,164,125,141,177
gene-OO714_RS08045,342,421,409,389,109,155,96,188,147,128,84,112
gene-OO714_RS08050,160,124,115,108,44,38,23,57,46,48,27,58
gene-OO714_RS08055,247,334,253,236,148,182,100,137,96,117,101,109
gene-OO714_RS08060,202,239,206,185,80,61,25,84,39,47,38,41
gene-OO714_RS08065,883,849,879,622,231,214,98,251,181,160,155,165
gene-OO714_RS08070,442,468,446,347,129,134,93,150,111,112,59,84
gene-OO714_RS08075,423,504,482,349,284,288,142,292,312,386,204,258
gene-OO714_RS08080,172,198,202,129,72,61,25,70,72,67,65,70
gene-OO714_RS08085,87,96,76,119,68,55,37,72,68,85,59,75
gene-OO714_RS08090,148,162,158,164,63,112,39,90,68,92,55,61
gene-OO714_RS08095,165,201,199,140,63,70,27,69,71,55,51,60
gene-OO714_RS08100,201,229,198,184,53,97,35,57,44,30,36,56
gene-OO714_RS08105,181,199,182,182,116,118,63,93,97,95,74,86
gene-OO714_RS08110,109,103,113,66,60,79,29,83,53,60,36,69
gene-OO714_RS08115,218,218,226,188,235,240,138,254,240,287,190,183
gene-OO714_RS08120,110,168,141,152,67,93,39,76,54,42,48,62
gene-OO714_RS08125,686,859,729,608,422,542,247,449,461,431,371,367
gene-OO714_RS08130,1786,1925,1932,1930,625,810,414,782,491,458,453,562
gene-OO714_RS08135,542,615,533,469,321,357,186,302,238,233,224,282
gene-OO714_RS08140,651,747,839,562,217,308,122,255,200,210,175,170
gene-OO714_RS08145,48,57,52,40,7,11,5,14,11,16,2,10
gene-OO714_RS08150,254,294,283,193,61,74,40,84,74,62,47,40
gene-OO714_RS08155,589,573,450,336,250,210,112,288,179,160,190,230
gene-OO714_RS08160,263,217,195,156,226,208,119,225,174,249,176,122
gene-OO714_RS08165,97,117,130,88,23,21,13,23,27,30,23,34
gene-OO714_RS08170,654,685,683,518,205,222,121,244,130,142,108,107
gene-OO714_RS08175,820,864,805,672,414,449,204,453,387,426,298,277
gene-OO714_RS08180,10191,10502,9544,7930,2479,2646,1361,2745,2620,2256,2372,2743
gene-OO714_RS08185,829,901,835,612,329,360,204,346,357,363,272,297
gene-OO714_RS08190,2854,3117,2973,2377,818,1035,448,954,946,1198,810,800
gene-OO714_RS08195,1031,1098,1036,862,342,407,241,411,355,346,241,243
gene-OO714_RS08200,446,480,474,339,85,74,24,88,69,56,73,96
gene-OO714_RS08205,642,656,717,469,30,45,25,65,30,64,44,67
gene-OO714_RS08210,1088,1128,1203,912,124,141,68,164,114,149,87,123
gene-OO714_RS08215,384,538,465,364,65,58,39,62,47,72,43,50
gene-OO714_RS08220,505,556,595,508,111,106,65,145,68,70,77,81
gene-OO714_RS08225,146,107,132,84,30,56,24,52,51,49,19,31
gene-OO714_RS08230,208,268,229,191,64,90,38,67,84,83,72,59
gene-OO714_RS08235,95,132,138,91,50,51,25,56,48,52,33,51
gene-OO714_RS08240,135,120,159,117,51,62,34,62,65,70,37,46
gene-OO714_RS08245,253,310,309,251,102,125,85,144,139,128,77,132
gene-OO714_RS08250,101,128,151,77,47,75,43,62,83,86,58,40
gene-OO714_RS08255,81,136,123,81,58,50,21,44,60,63,49,45
gene-OO714_RS08260,163,187,173,117,88,70,32,67,105,96,100,63
gene-OO714_RS08265,390,381,448,287,46,44,43,48,38,52,39,19
gene-OO714_RS08270,216,220,206,175,30,30,11,56,37,100,26,39
gene-OO714_RS08275,1051,1088,1059,839,215,216,101,224,201,314,186,185
gene-OO714_RS08280,278,263,281,225,55,81,35,75,49,41,22,19
gene-OO714_RS08285,2,12,5,3,2,0,1,1,2,1,1,0
gene-OO714_RS08290,453,501,422,313,112,100,62,144,73,93,73,99
gene-OO714_RS08295,325,353,312,269,264,230,146,242,348,457,186,235
gene-OO714_RS08300,273,246,234,179,84,75,43,94,66,111,70,78
gene-OO714_RS08305,437,513,419,328,95,99,43,89,74,110,55,58
gene-OO714_RS08310,465,483,436,339,135,164,69,172,133,87,114,136
gene-OO714_RS08315,388,381,395,317,152,185,87,189,157,125,145,156
gene-OO714_RS08320,191,227,248,172,48,71,29,48,52,53,55,49
gene-OO714_RS08325,391,350,379,300,126,150,73,157,95,151,101,103
gene-OO714_RS08330,396,423,434,322,109,167,82,122,72,111,138,122
gene-OO714_RS08335,355,362,331,265,143,146,70,213,136,149,121,116
gene-OO714_RS08340,240,228,247,238,157,143,85,150,160,201,124,146
gene-OO714_RS08345,661,603,652,3387,2361,3173,1654,2586,1784,1863,1457,1886
gene-OO714_RS08350,5263,5465,4908,13576,12056,15508,7633,13316,10312,10450,8777,10412
gene-OO714_RS08355,898,914,919,654,279,320,137,317,257,343,245,229
gene-OO714_RS08360,31,42,18,14,13,19,2,5,4,14,5,3
gene-OO714_RS08365,19525,21251,20592,24140,3104,4786,1966,3825,3202,3276,2174,2780
gene-OO714_RS08370,2881,3056,3487,2870,321,509,260,493,281,350,203,251
gene-OO714_RS08375,8835,9072,9830,7471,812,1030,468,906,828,853,620,767
gene-OO714_RS08380,2521,2645,2808,2262,373,433,242,423,397,476,337,388
gene-OO714_RS08385,1074,1198,1370,1034,183,186,88,206,218,264,202,164
gene-OO714_RS08390,1611,1634,1632,2731,805,1059,475,974,737,793,661,794
gene-OO714_RS08395,981,1047,1129,1009,369,471,197,463,359,417,299,315
gene-OO714_RS08400,238,243,258,220,179,178,81,175,171,177,108,143
gene-OO714_RS08405,66,54,46,49,16,29,9,25,21,21,18,15
gene-OO714_RS08410,266,264,238,274,52,69,27,50,62,83,39,33
gene-OO714_RS08415,671,693,643,483,192,295,126,260,223,282,182,201
gene-OO714_RS08420,255,311,289,278,142,166,72,149,153,148,115,134
gene-OO714_RS08425,24,25,18,24,13,4,4,12,13,26,17,26
gene-OO714_RS08430,354,415,380,316,217,193,116,209,229,309,167,159
gene-OO714_RS08435,660,650,685,504,355,515,296,496,433,417,326,427
gene-OO714_RS08440,39,25,29,38,33,46,21,31,39,31,31,30
gene-OO714_RS08445,478,517,534,564,493,684,274,601,400,384,295,412
gene-OO714_RS08450,418,455,460,430,486,691,326,631,390,427,336,366
gene-OO714_RS08455,8,17,16,16,29,31,17,21,53,302,32,34
gene-OO714_RS08460,1981,2175,1973,1642,866,984,490,1055,693,840,559,624
gene-OO714_RS08465,748,685,669,540,294,322,180,377,400,415,261,348
gene-OO714_RS08470,82,92,78,113,34,45,14,40,57,67,48,61
gene-OO714_RS08475,462,531,482,2727,391,424,210,415,700,658,551,630
gene-OO714_RS08480,560,740,669,2193,343,322,159,398,838,946,728,911
gene-OO714_RS08485,166,154,173,134,66,66,36,64,51,71,42,50
gene-OO714_RS08490,672,681,616,556,189,191,111,218,135,172,137,171
gene-OO714_RS08495,896,815,744,662,343,395,189,423,407,443,370,375
gene-OO714_RS08500,169,205,227,118,77,81,33,97,91,132,80,98
gene-OO714_RS08505,273,313,286,254,191,214,108,233,148,135,111,103
gene-OO714_RS08510,31,34,31,27,14,12,7,18,16,15,16,13
gene-OO714_RS08515,366,430,306,327,164,244,109,201,222,204,176,163
gene-OO714_RS08520,709,953,779,517,739,798,415,848,817,931,582,542
gene-OO714_RS08525,43,64,72,42,24,39,21,29,31,39,22,32
gene-OO714_RS08530,19,37,23,19,8,20,5,6,8,12,7,5
gene-OO714_RS08535,82,92,81,80,51,30,29,53,37,44,25,28
gene-OO714_RS08540,91,94,94,75,29,39,14,31,19,21,16,27
gene-OO714_RS08545,136,172,143,119,21,50,14,49,28,41,29,31
gene-OO714_RS08550,280,325,330,254,105,120,41,122,93,120,64,96
gene-OO714_RS08555,270,256,252,238,118,99,45,91,100,133,57,51
gene-OO714_RS08560,830,857,774,2886,258,255,142,258,218,231,248,218
gene-OO714_RS08565,960,1105,1185,1859,210,340,118,248,251,231,189,202
gene-OO714_RS08570,242,299,228,189,137,131,78,150,132,173,95,89
gene-OO714_RS08575,474,534,468,337,204,187,95,174,156,202,148,142
gene-OO714_RS08580,489,544,539,335,100,131,73,132,130,135,108,119
gene-OO714_RS08585,506,624,532,440,169,201,80,195,192,196,126,170
gene-OO714_RS08590,322,391,373,228,35,50,13,48,26,34,30,43
gene-OO714_RS08595,492,533,534,380,154,264,118,228,233,250,192,208
gene-OO714_RS08600,372,391,427,849,87,132,62,137,93,114,122,94
gene-OO714_RS08605,448,513,472,971,119,153,63,147,122,121,111,125
gene-OO714_RS08610,674,648,605,686,154,218,127,205,228,288,122,139
gene-OO714_RS08615,4492,4975,4533,6142,1355,1763,779,1735,1404,1072,1493,1779
gene-OO714_RS08620,702,793,868,650,252,355,197,339,246,330,232,220
gene-OO714_RS08625,787,834,772,536,404,488,207,445,317,420,307,287
gene-OO714_RS08630,291,308,286,206,92,174,90,143,101,143,57,86
gene-OO714_RS08635,496,523,527,366,251,393,170,320,136,168,141,161
gene-OO714_RS08640,2590,2711,2708,2902,1391,1902,888,1820,1977,2260,1295,1476
gene-OO714_RS08645,740,774,735,637,227,325,121,336,218,250,189,216
gene-OO714_RS08650,407,469,413,446,184,178,79,175,173,127,118,163
gene-OO714_RS08655,17,22,14,13,7,9,7,4,10,17,9,5
gene-OO714_RS08660,123,144,132,109,94,119,44,118,114,130,59,128
gene-OO714_RS08665,92,81,71,83,62,62,35,97,82,92,84,76
gene-OO714_RS08670,88,102,97,100,43,58,37,57,43,67,40,48
gene-OO714_RS08675,211,229,212,147,98,123,51,131,92,87,69,68
gene-OO714_RS08680,34,27,45,20,12,14,7,12,8,10,14,12
gene-OO714_RS08685,447,427,410,330,274,277,139,246,171,148,143,181
gene-OO714_RS08690,76,78,93,75,69,112,54,96,52,71,51,56
gene-OO714_RS08695,446,466,431,397,260,291,158,302,245,275,211,246
gene-OO714_RS08700,91,113,109,153,49,71,42,63,74,101,44,63
gene-OO714_RS08705,236,252,212,222,158,180,79,153,193,166,174,179
gene-OO714_RS08710,479,467,489,428,232,357,169,307,294,313,226,295
gene-OO714_RS08715,221,281,258,185,89,64,39,61,63,50,52,69
gene-OO714_RS08720,210,240,224,201,91,80,45,86,91,88,58,74
gene-OO714_RS08725,465,513,476,526,149,216,82,211,119,131,118,147
gene-OO714_RS08730,547,543,548,526,343,468,236,437,286,302,249,296
gene-OO714_RS08735,93,136,111,136,138,179,78,192,97,95,81,98
gene-OO714_RS08740,98,154,120,188,216,316,147,302,225,311,219,178
gene-OO714_RS08745,886,954,863,582,184,266,134,311,202,231,157,199
gene-OO714_RS08750,670,709,710,535,214,223,112,240,177,174,158,191
gene-OO714_RS08755,481,549,547,586,202,228,119,253,181,241,154,158
gene-OO714_RS08760,155,195,181,184,57,56,26,67,64,86,52,41
gene-OO714_RS08765,421,386,420,428,150,149,88,162,137,141,132,121
gene-OO714_RS08770,307,399,401,441,150,151,65,145,113,128,124,131
gene-OO714_RS08775,345,389,398,469,50,67,50,91,63,43,31,50
gene-OO714_RS08780,543,600,579,597,100,104,61,103,56,53,41,57
gene-OO714_RS08785,295,375,300,221,119,103,72,117,129,150,78,82
gene-OO714_RS08790,396,401,442,334,326,244,145,325,283,392,253,248
gene-OO714_RS08795,7105,7294,6652,5316,1437,1554,757,1735,1415,1054,1312,1556
gene-OO714_RS08800,703,752,826,629,272,321,163,360,296,371,204,228
gene-OO714_RS08805,2736,2933,2558,2136,724,876,427,791,615,487,615,607
gene-OO714_RS08810,1140,1210,1269,931,352,423,202,366,367,334,280,354
gene-OO714_RS08815,1162,1160,1067,864,421,517,255,544,384,371,316,374
gene-OO714_RS08820,694,709,603,589,468,643,319,572,541,619,460,461
gene-OO714_RS08825,616,622,595,1187,442,601,248,485,326,367,280,385
gene-OO714_RS08830,107,108,111,98,61,62,25,65,68,126,29,56
gene-OO714_RS08835,782,783,780,1071,600,693,376,717,550,504,430,500
gene-OO714_RS08840,226,260,233,203,216,298,126,261,354,368,224,237
gene-OO714_RS08845,343,346,352,240,40,34,29,36,44,79,46,29
gene-OO714_RS08850,127,163,111,106,11,25,13,17,29,40,24,26
gene-OO714_RS08855,225,195,187,139,63,42,33,66,30,48,31,19
gene-OO714_RS08860,618,720,629,664,394,348,187,379,578,705,446,507
gene-OO714_RS08865,643,737,670,487,139,164,84,195,154,186,145,129
gene-OO714_RS08870,1329,1365,1249,983,1236,1500,706,1507,1243,1247,999,1172
gene-OO714_RS08875,1157,1268,1056,841,915,1317,607,1116,1102,1345,729,881
gene-OO714_RS08880,562,589,559,516,109,133,78,133,140,125,109,102
gene-OO714_RS08885,373,340,338,460,555,648,323,642,494,436,452,598
gene-OO714_RS08890,81,83,87,56,54,89,54,87,51,61,54,41
gene-OO714_RS08895,1244,1282,1114,877,639,988,450,859,652,762,575,576
gene-OO714_RS08900,346,351,374,290,105,103,50,122,109,95,81,92
gene-OO714_RS08905,192,237,205,177,84,145,58,94,126,151,100,100
gene-OO714_RS08910,474,562,558,419,140,135,88,162,128,135,118,118
gene-OO714_RS08915,165,167,194,117,42,22,15,40,47,46,24,41
gene-OO714_RS08920,479,507,542,422,216,218,117,242,295,409,238,233
gene-OO714_RS08925,826,835,852,674,279,296,175,371,249,293,225,286
gene-OO714_RS08930,1001,1070,1018,4351,857,850,521,825,1709,2134,1366,1517
gene-OO714_RS08935,30,30,40,170,22,19,10,24,37,39,37,42
gene-OO714_RS08940,301,348,346,924,416,448,222,438,697,780,556,669
gene-OO714_RS08945,35,48,41,69,24,47,22,44,50,53,48,39
gene-OO714_RS08950,2632,2828,2568,1856,1264,1757,769,1733,704,542,821,985
gene-OO714_RS08955,1472,1680,1434,1287,1388,1931,975,1695,1428,1726,1037,1100
gene-OO714_RS08960,291,302,301,244,67,62,39,77,34,37,21,47
gene-OO714_RS08965,547,585,666,450,89,128,52,119,136,109,90,79
gene-OO714_RS08970,225,247,187,173,134,135,50,130,107,135,97,100
gene-OO714_RS08975,880,894,860,757,289,395,221,356,265,232,279,318
gene-OO714_RS08980,199,230,204,179,106,134,45,117,91,49,65,88
gene-OO714_RS08985,85,92,74,71,40,73,42,66,53,64,33,35
gene-OO714_RS08990,796,871,838,630,310,376,197,405,451,467,313,369
gene-OO714_RS08995,503,544,522,16890,1494,1113,684,1236,8251,27662,5056,3968
gene-OO714_RS09000,37,60,45,50,32,23,22,31,31,56,26,37
gene-OO714_RS09005,679,731,669,725,403,430,237,451,522,524,389,475
gene-OO714_RS09010,34,29,33,29,14,21,9,35,35,33,15,16
gene-OO714_RS09015,1546,1868,1516,17777,1794,1872,1005,1620,2111,2382,1792,2031
gene-OO714_RS09020,233,222,250,305,270,256,120,312,347,331,286,311
gene-OO714_RS09025,206,250,222,217,79,115,56,103,133,152,109,99
gene-OO714_RS09030,950,990,926,2581,805,854,430,805,1346,1307,1175,1264
gene-OO714_RS09035,538,658,597,1970,631,687,351,632,1214,1280,899,897
gene-OO714_RS09040,692,736,843,1687,528,635,303,635,1100,902,1048,1160
gene-OO714_RS09045,582,718,667,1791,537,492,278,509,1391,1448,952,1154
gene-OO714_RS09050,639,678,635,3126,449,430,247,414,1289,1545,906,987
gene-OO714_RS09055,123,140,127,151,112,115,62,117,106,149,115,110
gene-OO714_RS09060,449,492,417,352,566,722,339,698,838,970,655,712
gene-OO714_RS09065,2097,2390,2240,1914,1813,2366,1192,2321,2390,2523,1957,2124
gene-OO714_RS09070,350,374,474,321,500,686,300,549,349,395,210,317
gene-OO714_RS09075,501,546,519,529,316,494,208,396,220,217,195,245
gene-OO714_RS09080,537,574,595,549,247,228,149,200,230,258,178,178
gene-OO714_RS09085,329,387,383,307,107,118,70,128,148,170,86,95
gene-OO714_RS09090,3182,3258,3008,2956,1938,2295,1111,2026,1620,1647,1333,1520
gene-OO714_RS09095,321,290,258,705,532,626,303,525,266,564,245,300
gene-OO714_RS09100,113,131,100,156,79,114,60,97,71,106,65,89
gene-OO714_RS09105,313,388,323,295,310,417,177,348,369,453,213,248
gene-OO714_RS09110,1303,1440,1501,2053,737,1034,502,887,1787,1970,1415,1767
gene-OO714_RS09115,2793,3028,3056,4904,1696,2333,1173,1947,4072,3986,2887,3400
gene-OO714_RS09120,2139,2343,1996,1623,1685,1865,917,1886,3083,3005,1828,2098
gene-OO714_RS09125,3166,3131,2597,2541,1302,1710,844,1512,1715,1384,1647,1904
gene-OO714_RS09130,848,834,821,734,304,478,262,417,439,597,257,311
gene-OO714_RS09135,4975,5264,5043,4414,1965,2652,1304,2396,2444,2304,1848,2195
gene-OO714_RS09140,438,450,466,362,157,201,100,191,147,205,122,147
gene-OO714_RS09145,1837,1892,1854,1449,513,608,274,547,585,791,506,481
gene-OO714_RS09150,850,890,837,928,535,766,339,646,653,661,463,499
gene-OO714_RS09155,2445,2620,2513,2270,1666,2204,1003,1929,1945,1932,1569,1747
gene-OO714_RS09160,242,239,207,184,89,103,60,124,101,144,89,97
gene-OO714_RS09165,1106,1266,1047,1013,569,629,273,599,431,520,433,445
gene-OO714_RS09170,393,369,403,380,215,243,128,268,211,249,229,201
gene-OO714_RS09175,327,328,321,626,208,190,118,199,206,144,209,217
gene-OO714_RS09180,128,147,143,159,51,93,39,74,82,67,51,53
gene-OO714_RS09185,2088,2123,1811,1551,6213,6164,3868,5615,4082,4060,3833,3584
gene-OO714_RS09190,2232,2199,2146,1450,422,444,241,549,406,423,332,385
gene-OO714_RS09195,1954,2049,1937,1259,637,743,341,760,778,899,673,592
gene-OO714_RS09200,389,431,372,327,132,162,73,143,170,180,107,154
gene-OO714_RS09205,1713,1823,1588,1266,704,822,408,818,1122,1180,860,927
gene-OO714_RS09210,528,616,639,500,179,250,112,247,184,214,161,160
gene-OO714_RS09215,461,529,501,454,166,198,83,171,113,125,125,133
gene-OO714_RS09220,247,250,266,309,92,111,62,91,91,120,88,108
gene-OO714_RS09225,690,773,834,764,255,270,162,296,216,234,146,184
gene-OO714_RS09230,607,661,655,604,159,189,99,204,149,177,149,139
gene-OO714_RS09235,1413,1557,1531,1139,291,401,172,444,297,298,229,306
gene-OO714_RS09240,36,45,56,17,8,9,2,4,8,11,20,13
gene-OO714_RS09245,1471,1655,1520,1296,686,889,417,785,659,774,578,638
gene-OO714_RS09250,305,341,356,232,103,102,44,79,79,71,68,56
gene-OO714_RS09255,254,242,228,263,64,85,39,80,69,59,68,58
gene-OO714_RS09260,70,97,95,99,17,24,15,18,15,18,7,14
gene-OO714_RS09265,50,56,39,48,14,14,10,25,21,33,16,13
gene-OO714_RS09270,15,3,20,9,2,3,0,0,0,0,0,0
gene-OO714_RS09275,2856,2955,2760,5329,1344,1929,780,1664,2123,2128,1700,1897
gene-OO714_RS09280,1670,1580,1631,2223,674,1071,509,813,792,798,691,791
gene-OO714_RS09285,708,761,759,659,298,375,175,373,447,525,321,335
gene-OO714_RS09290,1424,1596,1417,1149,495,640,310,602,586,648,392,402
gene-OO714_RS09295,657,750,745,670,138,156,89,179,128,212,120,146
gene-OO714_RS09300,1590,1686,1612,1424,603,835,378,752,474,478,544,586
gene-OO714_RS09305,1349,1389,1379,2630,787,1124,521,1015,713,803,620,737
gene-OO714_RS09310,1036,1183,1071,2351,1623,2275,1147,1858,1556,1771,1201,1466
gene-OO714_RS09315,23094,24233,21508,27979,23929,32402,15639,27071,23976,20957,18283,20694
gene-OO714_RS09320,3061,3189,3027,3067,2094,2602,1216,2416,2387,2548,2052,2266
gene-OO714_RS09325,359,431,399,308,134,176,83,163,128,197,96,131
gene-OO714_RS09330,566,686,562,384,301,353,175,330,316,372,336,312
gene-OO714_RS09335,3716,4043,3729,3557,2941,3549,1757,3478,2803,2644,2550,2802
gene-OO714_RS09340,1590,1726,1607,1339,1093,1341,633,1261,1045,1392,1005,1036
gene-OO714_RS09345,1543,1420,1243,919,1865,1912,1113,1856,2952,3179,2314,2354
gene-OO714_RS09350,512,488,499,443,173,204,124,214,152,145,155,167
gene-OO714_RS09355,127,148,184,114,38,37,23,42,26,65,29,23
gene-OO714_RS09360,61,65,67,44,60,61,24,64,85,88,52,35
gene-OO714_RS09365,361,369,358,288,87,98,46,117,91,114,75,99
gene-OO714_RS09370,845,911,840,822,388,489,227,420,287,279,300,367
gene-OO714_RS09375,1038,1057,863,773,594,692,332,613,632,630,474,486
gene-OO714_RS09380,252,297,335,244,73,103,33,97,83,59,55,64
gene-OO714_RS09385,576,537,567,438,181,221,112,227,217,271,142,152
gene-OO714_RS09390,662,697,618,538,447,545,240,518,521,492,361,448
gene-OO714_RS09395,1022,1045,987,781,394,505,289,488,423,446,373,400
gene-OO714_RS09400,4914,4980,5171,4762,2197,3016,1348,2734,1971,1774,2202,2655
gene-OO714_RS09405,233,197,268,209,218,327,153,276,205,223,187,228
gene-OO714_RS09410,988,1022,1139,896,255,274,152,288,243,203,179,270
gene-OO714_RS09415,1416,1481,1328,1041,567,639,320,617,496,584,378,448
gene-OO714_RS09420,1923,2094,1926,1672,618,831,357,867,499,405,520,649
gene-OO714_RS09425,576,676,584,575,305,357,163,337,267,346,199,231
gene-OO714_RS09430,932,1032,960,987,628,742,373,672,520,444,478,541
gene-OO714_RS09435,673,707,638,663,554,650,324,608,541,541,437,528
gene-OO714_RS09440,2070,2299,2038,2274,2275,2864,1522,2722,2063,2313,1726,2141
gene-OO714_RS09445,1137,1246,1219,1453,1289,1756,861,1565,1495,1803,1145,1286
gene-OO714_RS09450,2890,3231,2828,5570,4500,6082,2803,5029,3736,3661,3232,4095
gene-OO714_RS09455,46,30,38,52,65,50,31,72,85,120,48,61
gene-OO714_RS09460,1347,1445,1261,1982,1255,1683,808,1542,1037,1089,980,1165
gene-OO714_RS09465,326,353,389,258,293,348,180,333,289,317,210,252
gene-OO714_RS09470,182,221,174,140,153,187,92,152,137,185,92,130
gene-OO714_RS09475,501,482,561,499,301,401,217,369,191,276,165,199
gene-OO714_RS09480,761,756,807,552,201,320,112,310,252,353,244,227
gene-OO714_RS09485,342,376,375,308,111,145,62,138,137,187,128,113
gene-OO714_RS09490,981,1030,1046,1011,647,988,423,777,514,497,415,469
gene-OO714_RS09495,409,391,461,412,180,282,147,229,137,213,149,158
gene-OO714_RS09500,252,320,328,238,123,164,79,154,104,156,78,66
gene-OO714_RS09505,2056,2289,2153,2084,1082,1391,669,1400,1306,1410,989,1208
gene-OO714_RS09510,214,224,251,209,211,250,151,263,252,292,169,217
gene-OO714_RS09515,1124,1286,1195,1045,427,496,277,473,410,524,327,353
gene-OO714_RS09520,285,311,297,389,256,267,176,250,163,200,147,176
gene-OO714_RS09525,433,474,460,335,181,209,114,200,170,236,169,167
gene-OO714_RS09530,10353,11544,11377,18345,9062,12510,5659,10407,6968,6166,6612,7838
gene-OO714_RS09535,307,304,312,224,136,165,102,184,125,162,89,143
gene-OO714_RS09540,8126,8737,7870,11642,13020,15938,8302,14738,15836,15358,11371,12687
gene-OO714_RS09545,80,63,61,61,17,22,18,19,37,36,18,17
gene-OO714_RS09550,519,513,529,395,175,252,113,260,164,179,124,167
gene-OO714_RS09555,763,691,550,448,400,417,237,464,533,645,428,486
gene-OO714_RS09560,504,483,482,393,134,180,82,218,145,210,154,141
gene-OO714_RS09565,819,885,806,744,492,579,269,514,641,712,489,533
gene-OO714_RS09570,478,479,435,724,546,629,336,589,614,815,413,381
gene-OO714_RS09575,243,243,240,288,264,339,165,282,415,363,208,214
gene-OO714_RS09580,7448,7544,7135,8285,5004,6075,3110,5902,4972,4547,4250,5031
gene-OO714_RS09585,5609,5603,4988,5301,4081,5197,2510,4812,3284,2953,3150,3487
gene-OO714_RS09590,831,810,681,539,542,454,267,498,634,866,595,448
gene-OO714_RS09595,217,223,229,124,252,251,111,263,379,614,237,199
gene-OO714_RS09600,15940,15790,13541,10280,5449,6837,3147,6912,5371,5000,5714,6953
gene-OO714_RS09605,271,296,312,293,121,190,79,188,186,197,141,169
gene-OO714_RS09610,459,428,438,342,149,163,73,200,143,107,117,111
gene-OO714_RS09615,522,591,542,390,352,335,199,385,364,329,262,286
gene-OO714_RS09620,428,525,476,486,281,332,140,348,269,242,208,241
gene-OO714_RS09625,635,712,635,659,271,384,168,347,282,297,260,309
gene-OO714_RS09630,521,629,574,479,271,367,187,330,261,302,229,273
gene-OO714_RS09635,1726,1746,1600,2366,1391,1910,900,1739,1408,1481,1119,1231
gene-OO714_RS09640,34,30,48,35,3,8,3,5,9,11,6,14
gene-OO714_RS09645,55,57,87,62,7,10,5,12,8,11,8,6
gene-OO714_RS09650,442,410,417,296,119,120,54,115,74,88,53,70
gene-OO714_RS09655,457,511,538,397,37,71,27,62,39,47,38,41
gene-OO714_RS09660,1181,1282,1433,1008,174,210,90,186,205,240,135,132
gene-OO714_RS09665,1624,1926,2117,1455,201,271,125,261,215,266,151,198
gene-OO714_RS09670,28,51,23,34,9,11,8,17,15,3,13,8
gene-OO714_RS09675,729,866,798,586,190,222,121,210,135,185,113,113
gene-OO714_RS09680,3444,3541,3329,2297,1481,1928,799,1810,1159,1271,1076,1380
gene-OO714_RS09685,868,976,867,525,434,468,245,542,579,567,383,403
gene-OO714_RS09690,1986,2112,1881,1538,377,437,197,456,336,423,276,298
gene-OO714_RS09695,244,239,236,171,90,112,36,80,147,138,142,108
gene-OO714_RS09700,351,426,418,295,171,251,111,271,267,268,176,170
gene-OO714_RS09705,421,415,376,290,99,115,54,122,127,187,71,110
gene-OO714_RS09715,671,709,725,489,128,150,66,138,144,169,94,127
gene-OO714_RS09720,1530,1733,1758,1338,615,742,356,669,1731,1881,1291,1405
gene-OO714_RS09725,1142,1219,1185,1093,278,344,178,397,758,815,582,706
gene-OO714_RS09730,397,456,423,311,172,207,91,162,503,740,320,355
gene-OO714_RS09735,190,191,183,158,57,62,26,51,116,126,119,114
gene-OO714_RS09740,1479,1576,1550,1330,686,847,416,763,1896,2024,1377,1409
gene-OO714_RS09745,1905,2166,2100,1659,637,795,325,752,2304,2638,1658,1983
gene-OO714_RS09750,694,803,780,641,322,466,182,409,697,936,524,542
gene-OO714_RS09755,22,30,42,27,18,14,7,16,47,66,20,12
gene-OO714_RS09760,679,716,700,521,169,196,111,178,436,448,310,386
gene-OO714_RS09765,186,188,174,137,78,91,38,78,296,410,195,219
gene-OO714_RS09770,135,159,131,111,26,29,21,29,47,50,16,20
gene-OO714_RS09775,466,569,420,303,90,131,54,168,116,119,89,73
gene-OO714_RS09780,1066,1081,992,1317,666,889,447,802,494,626,478,538
gene-OO714_RS09785,665,666,601,492,458,481,241,497,657,717,487,525
gene-OO714_RS09790,445,478,479,323,112,119,68,131,89,102,63,75
gene-OO714_RS09795,364,370,360,450,130,169,87,142,95,84,105,102
gene-OO714_RS09800,316,341,373,359,104,93,46,120,44,61,55,54
gene-OO714_RS09805,648,626,696,757,207,233,134,233,127,144,156,173
gene-OO714_RS09810,888,887,805,1178,487,560,262,550,494,555,350,357
gene-OO714_RS09815,350,342,365,419,209,311,131,232,247,341,207,239
gene-OO714_RS09820,203,217,239,123,92,122,49,136,73,82,47,43
gene-OO714_RS09825,145,172,139,144,89,136,64,152,111,93,67,67
gene-OO714_RS09830,284,304,278,232,137,169,98,130,110,115,94,77
gene-OO714_RS09835,180,172,154,162,56,53,31,59,30,45,39,36
gene-OO714_RS09840,197,226,224,156,88,73,46,109,90,78,89,66
gene-OO714_RS09845,158,202,179,144,84,109,41,113,93,94,79,72
gene-OO714_RS09850,73,91,72,81,28,38,25,56,36,31,21,30
gene-OO714_RS09855,1913,2094,1976,2034,919,1395,614,1349,655,716,733,912
gene-OO714_RS09860,194,190,223,147,65,50,35,78,76,63,51,50
gene-OO714_RS09865,230,248,209,150,85,111,43,97,107,102,53,55
gene-OO714_RS09870,285,331,306,374,139,191,85,173,152,162,119,162
gene-OO714_RS09875,467,451,388,432,230,288,127,242,172,214,159,172
gene-OO714_RS09880,610,693,623,563,187,251,116,209,194,198,180,209
gene-OO714_RS09885,202,224,214,156,44,60,37,53,61,65,48,49
gene-OO714_RS09890,418,454,364,299,240,252,154,259,290,524,159,154
gene-OO714_RS09895,3262,3397,3240,3203,1555,1841,865,1765,1350,1416,1147,1343
gene-OO714_RS09900,3395,3616,3746,3627,1420,1749,933,1810,1378,1460,1159,1231
gene-OO714_RS09905,970,1066,1027,1074,721,970,429,930,632,683,508,606
gene-OO714_RS09910,298,299,285,240,48,54,35,78,45,62,28,46
gene-OO714_RS09915,477,475,489,418,306,285,164,330,319,328,229,268
gene-OO714_RS09920,403,497,428,689,291,399,147,381,266,301,199,240
gene-OO714_RS09925,571,612,529,1247,518,585,309,677,530,380,447,521
gene-OO714_RS09930,1148,1114,1081,993,573,608,370,598,583,672,487,496
gene-OO714_RS09935,1000,1162,1219,1169,396,452,224,475,517,609,316,430
gene-OO714_RS09940,504,463,380,1087,537,757,370,647,389,546,300,292
gene-OO714_RS09945,3899,4095,3896,3570,2816,3557,1741,3084,3038,3254,2466,2989
gene-OO714_RS09950,838,912,857,820,480,725,317,604,386,352,354,405
gene-OO714_RS09955,1883,1900,1912,1815,770,964,482,917,656,669,644,762
gene-OO714_RS09960,1311,1446,1370,1975,1114,1750,801,1566,1237,1677,902,1066
gene-OO714_RS09965,1284,1354,1285,1149,627,764,390,785,718,782,567,702
gene-OO714_RS09970,13,10,12,5,2,13,6,7,20,23,5,10
gene-OO714_RS09975,190,263,227,378,121,117,55,102,311,334,382,423
gene-OO714_RS09980,243,220,202,538,162,167,103,213,702,619,666,734
gene-OO714_RS09985,304,333,312,258,222,225,105,234,223,200,130,194
gene-OO714_RS09990,418,451,430,318,99,122,54,120,92,93,76,77
gene-OO714_RS09995,40,41,36,18,16,26,18,22,22,41,23,16
gene-OO714_RS10000,98,111,106,90,25,46,11,37,36,49,24,46
gene-OO714_RS10005,4,2,9,6,1,8,2,2,2,2,2,2
gene-OO714_RS10010,1069,1196,1196,1259,428,527,254,491,385,356,351,377
gene-OO714_RS10015,331,417,319,247,222,229,131,198,249,202,167,177
gene-OO714_RS10020,230,271,211,179,94,119,58,122,90,165,97,95
gene-OO714_RS10025,295,313,278,255,214,232,113,283,243,252,144,176
gene-OO714_RS10030,301,298,347,250,67,85,41,79,70,80,35,75
gene-OO714_RS10035,188,211,247,199,49,77,35,76,50,43,45,46
gene-OO714_RS10040,484,476,466,444,311,485,174,371,287,279,211,206
gene-OO714_RS10045,1111,1121,1196,942,499,675,307,636,388,322,360,403
gene-OO714_RS10050,1199,1351,1325,932,652,871,345,787,424,363,463,490
gene-OO714_RS10055,1075,1179,1102,709,1001,1225,563,1192,541,696,453,522
gene-OO714_RS10060,357,393,417,266,169,218,115,238,169,184,150,115
gene-OO714_RS10065,490,569,557,446,116,107,63,122,88,118,96,90
gene-OO714_RS10070,705,753,752,551,195,186,100,216,181,160,135,162
gene-OO714_RS10075,733,822,780,555,381,427,236,474,332,269,241,266
gene-OO714_RS10080,131,112,133,105,68,65,37,65,52,87,51,59
gene-OO714_RS10085,721,819,796,2476,479,584,248,571,466,415,425,565
gene-OO714_RS10090,583,551,501,1752,313,411,184,357,403,337,372,475
gene-OO714_RS10095,78,62,71,149,20,33,17,45,24,28,37,58
gene-OO714_RS10100,418,419,406,394,179,240,137,202,230,219,168,195
gene-OO714_RS10105,207,201,179,197,80,80,44,111,83,103,64,45
gene-OO714_RS10110,349,290,328,304,136,142,75,125,119,101,95,151
gene-OO714_RS10115,110,156,149,184,23,54,10,51,27,29,16,42
gene-OO714_RS10120,141,169,161,148,73,63,33,74,57,39,31,52
gene-OO714_RS10125,301,250,245,227,93,71,40,91,99,39,50,91
gene-OO714_RS10130,257,279,248,212,66,81,26,97,56,50,44,63
gene-OO714_RS10135,124,142,167,128,45,52,23,59,50,45,26,26
gene-OO714_RS10140,7,10,9,9,1,0,2,4,1,1,1,3
gene-OO714_RS10145,338,332,378,282,95,118,56,127,96,89,69,82
gene-OO714_RS10150,796,895,853,595,234,267,165,311,198,210,156,246
gene-OO714_RS10155,315,310,280,212,149,202,100,176,154,147,127,148
gene-OO714_RS10160,198,252,198,177,85,118,48,131,87,96,68,91
gene-OO714_RS10165,394,389,397,360,197,238,126,214,179,208,166,167
gene-OO714_RS10170,91,77,83,82,36,45,42,67,58,47,52,34
gene-OO714_RS10175,104,142,119,110,48,49,45,53,39,50,26,39
gene-OO714_RS10180,635,729,778,562,274,302,167,296,253,245,199,235
gene-OO714_RS10185,181,193,197,169,55,55,26,77,57,53,33,44
gene-OO714_RS10190,134,180,159,118,32,48,22,53,40,50,18,31
gene-OO714_RS10195,848,973,913,645,249,214,104,254,244,245,174,204
gene-OO714_RS10200,578,672,715,575,147,247,125,211,136,198,132,150
gene-OO714_RS10205,965,1039,1003,958,473,627,300,605,413,419,303,390
gene-OO714_RS10210,1952,2117,1824,1407,2153,2305,1175,2307,1945,2197,1406,1732
gene-OO714_RS10215,353,400,351,336,200,280,122,230,212,215,163,209
gene-OO714_RS10220,122,134,148,91,59,59,27,47,49,52,37,49
gene-OO714_RS10225,230,249,263,202,70,74,36,102,48,64,45,57
gene-OO714_RS10230,182,186,186,129,61,58,30,69,55,49,29,37
gene-OO714_RS10235,517,519,515,422,273,269,150,240,223,234,184,205
gene-OO714_RS10240,273,240,242,188,106,166,78,143,129,105,97,131
gene-OO714_RS10245,357,400,373,350,191,223,96,201,176,159,164,179
gene-OO714_RS10250,2,7,4,5,2,0,4,4,3,8,3,6
gene-OO714_RS10255,313,378,332,325,175,214,85,169,173,170,136,129
gene-OO714_RS10260,283,293,283,288,120,130,57,134,67,62,49,88
gene-OO714_RS10265,312,318,265,247,126,131,56,135,57,62,70,60
gene-OO714_RS10270,281,349,296,199,76,153,47,111,45,26,52,59
gene-OO714_RS10275,187,251,246,168,111,147,83,106,77,63,81,91
gene-OO714_RS10280,0,3,0,1,0,0,0,0,0,0,1,0
gene-OO714_RS10285,171,138,134,183,359,359,225,425,267,304,256,242
gene-OO714_RS10290,358,417,376,289,160,149,70,152,101,119,116,123
gene-OO714_RS10295,689,849,823,626,354,360,187,402,351,400,282,241
gene-OO714_RS10300,417,473,470,347,100,135,49,125,125,118,100,82
gene-OO714_RS10305,633,703,557,541,173,194,97,169,162,106,162,187
gene-OO714_RS10310,1016,1041,902,823,1647,1983,975,1977,1076,1027,1022,1178
gene-OO714_RS10315,1186,1296,1174,995,457,447,246,469,490,517,393,452
gene-OO714_RS10320,352,309,308,538,168,150,68,180,215,261,224,209
gene-OO714_RS10325,512,548,431,426,283,312,142,310,375,308,286,336
gene-OO714_RS10330,33,41,34,32,5,7,7,5,16,20,3,15
gene-OO714_RS10335,527,577,449,419,127,127,86,114,123,167,74,103
gene-OO714_RS10340,1343,1505,1538,1913,512,564,266,560,459,506,335,443
gene-OO714_RS10345,910,967,910,807,424,442,240,483,620,642,427,445
gene-OO714_RS10350,65,38,53,19,12,30,19,30,45,59,31,33
gene-OO714_RS10355,102,132,106,333,27,26,13,30,41,71,34,35
gene-OO714_RS10360,113,111,76,153,23,31,11,20,42,32,21,38
gene-OO714_RS10365,23,34,32,24,18,8,9,10,13,20,5,9
gene-OO714_RS10370,76,87,62,63,22,22,22,22,29,43,20,25
gene-OO714_RS10375,50,52,43,38,26,21,9,19,38,42,23,27
gene-OO714_RS10380,181,189,183,164,23,25,18,31,24,21,20,21
gene-OO714_RS10385,807,989,883,735,187,280,107,247,177,203,154,202
gene-OO714_RS10390,645,702,645,578,146,137,61,133,130,113,82,122
gene-OO714_RS10395,559,598,576,467,101,126,80,137,117,120,90,91
gene-OO714_RS10400,422,403,420,499,50,58,29,64,54,72,50,44
gene-OO714_RS10405,1980,2117,1979,2229,326,341,208,415,367,382,242,266
gene-OO714_RS10410,2466,2431,2265,3068,585,613,304,639,925,967,800,865
gene-OO714_RS10415,2026,2009,2052,3313,221,273,124,335,292,332,267,336
gene-OO714_RS10420,1254,1399,1416,2279,203,226,129,233,288,225,187,231
gene-OO714_RS10425,493,482,514,867,110,105,60,86,104,114,92,113
gene-OO714_RS10430,1080,1133,1235,2420,242,256,123,265,243,275,196,283
gene-OO714_RS10435,676,715,675,1194,160,215,105,206,209,152,232,239
gene-OO714_RS10440,448,517,477,459,254,324,187,358,241,260,253,287
gene-OO714_RS10445,2141,2192,2227,2513,1660,2176,948,2076,1842,1737,1471,1892
gene-OO714_RS10450,366,411,409,438,159,169,92,159,132,198,128,118
gene-OO714_RS10455,1822,1979,1838,1527,240,320,158,315,264,247,204,232
gene-OO714_RS10460,166,188,170,129,70,87,42,83,70,99,72,66
gene-OO714_RS10465,171,170,170,165,31,34,19,48,30,51,47,56
gene-OO714_RS10470,218,220,231,196,68,96,36,95,75,100,56,89
gene-OO714_RS10475,88,102,109,104,30,38,13,31,13,34,15,19
gene-OO714_RS10480,58,80,87,79,18,27,15,37,12,16,26,23
gene-OO714_RS10485,322,321,370,276,65,77,50,103,84,115,68,76
gene-OO714_RS10490,668,674,751,652,187,189,103,167,135,105,146,146
gene-OO714_RS10495,370,481,395,323,165,162,93,215,186,160,140,129
gene-OO714_RS10500,302,348,348,284,73,97,46,95,73,72,50,63
gene-OO714_RS10505,404,428,406,424,108,133,75,148,107,114,63,109
gene-OO714_RS10510,332,342,362,332,115,117,72,126,106,96,74,92
gene-OO714_RS10515,525,517,533,415,210,294,146,280,185,258,171,161
gene-OO714_RS10520,746,894,918,612,293,336,144,289,253,258,213,209
gene-OO714_RS10525,1614,1654,1557,1167,505,545,301,680,320,285,295,362
gene-OO714_RS10530,207,223,236,165,67,53,36,82,45,45,50,56
gene-OO714_RS10535,1163,1233,1246,950,490,662,302,653,487,451,315,424
gene-OO714_RS10540,2120,2278,1978,1660,1508,1443,682,1602,923,699,867,989
gene-OO714_RS10545,237,254,239,214,288,339,175,322,154,151,94,124
gene-OO714_RS10550,238,245,277,237,123,162,76,161,111,94,77,101
gene-OO714_RS10555,143,160,157,238,137,111,77,131,103,84,99,97
gene-OO714_RS10560,181,187,162,216,122,149,72,164,113,127,97,97
gene-OO714_RS10565,96,92,115,86,46,39,14,57,33,33,37,39
gene-OO714_RS10570,273,282,301,215,78,89,36,95,100,106,62,82
gene-OO714_RS10575,231,245,225,183,40,61,24,55,63,41,33,40
gene-OO714_RS10580,287,319,265,195,84,61,46,89,91,90,53,58
gene-OO714_RS10585,108,143,117,129,102,120,68,156,111,117,83,106
gene-OO714_RS10590,263,245,252,210,102,119,60,141,185,141,103,107
gene-OO714_RS10595,475,532,533,366,140,165,88,172,163,143,128,123
gene-OO714_RS10600,224,195,222,192,97,110,49,89,91,79,79,91
gene-OO714_RS10605,226,269,266,246,79,85,47,70,88,81,59,55
gene-OO714_RS10610,27,36,37,34,22,23,5,21,7,19,10,14
gene-OO714_RS10615,316,406,392,346,193,230,119,238,192,168,136,161
gene-OO714_RS10620,116,149,135,113,67,92,42,77,93,104,83,74
gene-OO714_RS10625,177,215,185,127,77,100,44,101,59,75,70,77
gene-OO714_RS10630,0,13,8,12,2,2,2,9,1,3,1,1
gene-OO714_RS10635,421,499,476,438,234,283,120,280,172,194,152,235
gene-OO714_RS10640,213,220,196,187,111,148,97,158,108,91,82,99
gene-OO714_RS10645,130,159,167,130,110,89,50,119,82,114,64,71
gene-OO714_RS10650,99,87,117,87,61,66,30,63,39,46,27,24
gene-OO714_RS10655,193,188,235,179,84,94,58,108,68,85,58,68
gene-OO714_RS10660,187,183,201,195,173,216,114,208,119,188,106,105
gene-OO714_RS10665,161,167,133,124,74,98,42,84,68,66,49,58
gene-OO714_RS10670,379,447,440,386,173,205,106,182,150,128,169,170
gene-OO714_RS10675,795,895,814,791,358,483,232,512,319,300,275,348
gene-OO714_RS10680,594,627,652,579,170,147,78,178,140,93,116,136
gene-OO714_RS10685,474,518,527,391,233,238,127,267,229,184,155,197
gene-OO714_RS10690,665,617,603,452,186,206,90,213,150,122,139,156
gene-OO714_RS10695,439,502,512,449,114,112,68,142,116,103,106,98
gene-OO714_RS10700,798,796,764,739,330,380,249,370,378,374,214,270
gene-OO714_RS10705,329,417,374,251,116,136,86,190,172,205,113,132
gene-OO714_RS10710,166,203,181,152,103,151,59,142,139,193,110,93
gene-OO714_RS10715,125,151,156,106,41,32,14,50,33,52,32,19
gene-OO714_RS10720,1433,1496,1348,1202,327,485,239,424,294,437,278,256
gene-OO714_RS10725,88,87,111,74,16,20,15,13,32,26,18,14
gene-OO714_RS10730,252,292,295,223,41,47,24,69,26,53,31,37
gene-OO714_RS10735,874,1022,888,757,189,191,88,208,177,204,147,169
gene-OO714_RS10740,270,320,311,186,142,204,116,205,197,242,139,147
gene-OO714_RS10745,204,231,218,167,92,71,55,108,109,92,52,81
gene-OO714_RS10750,499,586,549,647,263,283,146,325,198,266,237,271
gene-OO714_RS10755,833,901,900,892,354,447,199,386,329,301,257,313
gene-OO714_RS10760,1222,1340,1327,1229,430,419,252,501,461,484,399,433
gene-OO714_RS10765,603,666,595,757,267,269,123,253,279,283,226,332
gene-OO714_RS10770,233,278,299,433,73,71,32,79,70,64,29,84
gene-OO714_RS10775,274,240,220,430,47,51,17,66,31,59,28,30
gene-OO714_RS10780,263,277,291,331,51,54,17,43,41,22,23,46
gene-OO714_RS10785,197,253,257,268,26,49,29,48,42,32,8,25
gene-OO714_RS10790,189,281,235,255,48,49,20,71,26,41,29,30
gene-OO714_RS10795,278,297,308,351,57,49,24,59,34,39,29,35
gene-OO714_RS10800,120,152,97,173,13,29,10,20,9,5,7,10
gene-OO714_RS10805,1016,975,911,1202,199,193,107,214,198,186,133,176
gene-OO714_RS10810,493,571,581,1395,131,152,50,128,123,132,85,129
gene-OO714_RS10815,482,529,573,525,248,235,126,244,219,201,184,210
gene-OO714_RS10820,1013,1074,978,800,809,903,506,1003,695,639,557,606
gene-OO714_RS10825,496,483,488,431,270,305,187,323,203,218,149,195
gene-OO714_RS10830,301,312,328,240,102,121,57,136,120,144,119,116
gene-OO714_RS10835,113,149,149,98,51,84,37,48,69,81,60,65
gene-OO714_RS10840,335,387,333,355,152,194,103,202,187,184,152,170
gene-OO714_RS10845,10,13,19,4,3,6,3,2,5,2,6,11
gene-OO714_RS10850,291,370,322,367,183,203,114,223,124,93,99,158
gene-OO714_RS10855,141,143,111,193,102,97,75,104,80,110,52,62
gene-OO714_RS10860,594,662,556,509,512,520,242,528,394,393,293,347
gene-OO714_RS10865,226,249,264,251,70,106,38,106,79,95,70,82
gene-OO714_RS10870,1111,1202,1137,1046,1036,1164,534,1228,797,717,713,800
gene-OO714_RS10875,463,394,367,943,490,678,333,612,363,461,425,379
gene-OO714_RS10880,238,265,245,177,56,83,50,75,70,81,65,63
gene-OO714_RS10885,53,45,36,16,20,16,5,14,5,13,10,13
gene-OO714_RS10890,333,338,382,613,568,739,312,633,470,511,326,402
gene-OO714_RS10895,184,260,220,255,89,102,53,81,71,107,54,49
gene-OO714_RS10900,712,793,836,622,221,241,107,217,191,214,180,210
gene-OO714_RS10905,635,700,768,551,153,148,90,152,145,128,125,163
gene-OO714_RS10910,130,152,166,163,50,41,19,45,46,58,30,37
gene-OO714_RS10915,204,231,197,165,59,73,30,62,50,56,58,37
gene-OO714_RS10920,485,514,505,376,188,238,97,279,183,175,131,199
gene-OO714_RS10925,1266,1276,1149,1055,302,331,175,298,219,234,191,237
gene-OO714_RS10930,616,706,664,646,393,458,214,395,313,332,223,249
gene-OO714_RS10935,437,446,415,455,241,321,145,232,143,154,109,146
gene-OO714_RS10940,984,1049,1046,1064,457,637,298,621,307,317,232,263
gene-OO714_RS10945,1124,1141,1208,1073,591,649,328,624,458,451,308,398
gene-OO714_RS10950,3072,3383,3087,3394,961,1225,611,1156,716,784,585,680
gene-OO714_RS10955,291,348,272,327,213,256,106,203,135,121,118,143
gene-OO714_RS10960,269,346,306,266,223,292,134,224,136,140,77,109
gene-OO714_RS10965,380,428,390,329,170,244,144,245,122,124,93,122
gene-OO714_RS10970,2503,2857,2556,2660,1463,1892,922,1640,885,1027,758,818
gene-OO714_RS10975,603,747,672,529,252,319,171,278,186,206,148,141
gene-OO714_RS10980,471,472,460,389,153,219,107,210,132,155,96,96
gene-OO714_RS10985,950,984,1051,761,291,369,200,324,223,346,188,192
gene-OO714_RS10990,516,617,526,516,174,320,130,246,129,117,119,125
gene-OO714_RS10995,546,594,678,1489,708,918,414,693,482,557,327,310
gene-OO714_RS11000,2302,2321,2159,3799,1529,2025,1095,1725,1068,1025,833,969
gene-OO714_RS11005,351,354,355,720,300,481,224,348,221,234,164,219
gene-OO714_RS11010,308,332,238,487,440,616,281,465,284,342,204,255
gene-OO714_RS11015,168,143,139,114,66,109,55,132,70,118,51,66
gene-OO714_RS11020,162,168,211,144,66,69,28,66,77,52,69,48
gene-OO714_RS11025,74,77,67,83,19,24,15,24,22,21,20,12
gene-OO714_RS11030,178,202,200,205,76,84,52,73,85,88,74,106
gene-OO714_RS11035,553,471,581,465,162,193,112,187,129,139,109,134
gene-OO714_RS11040,53,55,58,54,12,19,13,16,18,21,16,10
gene-OO714_RS11045,19,25,8,22,4,0,1,5,2,2,3,1
gene-OO714_RS11050,461,547,487,371,101,136,91,119,128,159,104,111
gene-OO714_RS11055,259,298,243,171,74,58,35,73,65,102,53,81
gene-OO714_RS11060,126,111,102,97,12,34,16,33,29,47,22,5
gene-OO714_RS11065,362,446,418,344,134,155,89,144,160,142,128,151
gene-OO714_RS11070,26,25,38,14,15,12,4,17,14,9,10,14
gene-OO714_RS11075,54,53,45,43,21,23,17,22,19,57,16,25
gene-OO714_RS11080,460,503,617,493,219,273,124,256,266,269,220,295
gene-OO714_RS11085,600,707,595,605,319,442,194,442,412,570,317,386
gene-OO714_RS11090,131,138,140,114,27,19,16,25,20,36,34,20
gene-OO714_RS11095,1529,1581,1572,1364,246,354,162,278,213,261,191,195
gene-OO714_RS11100,475,494,551,422,92,108,45,78,61,74,82,51
gene-OO714_RS11105,8188,9184,8767,7004,1853,1920,1073,2111,1713,2279,1313,1429
gene-OO714_RS11110,1044,1218,1198,831,239,263,147,275,227,258,194,230
gene-OO714_RS11115,5654,5809,6526,4986,837,987,484,1017,880,675,839,948
gene-OO714_RS11120,1046,1215,1299,2755,493,588,252,535,894,800,739,827
gene-OO714_RS11125,1020,1064,928,2070,395,574,265,510,744,565,622,728
gene-OO714_RS11130,361,348,295,1389,170,217,134,203,252,247,225,251
gene-OO714_RS11135,481,500,454,2197,410,586,270,489,564,521,420,536
gene-OO714_RS11140,1508,1644,1827,3953,693,1038,450,985,652,670,754,891
gene-OO714_RS11145,557,628,697,448,296,281,127,296,273,348,219,226
gene-OO714_RS11150,965,940,936,971,237,321,174,286,275,209,227,284
gene-OO714_RS11155,427,500,445,390,136,166,87,182,162,204,101,106
gene-OO714_RS11160,140,141,118,87,32,45,19,41,56,73,45,26
gene-OO714_RS11165,482,523,537,363,104,97,48,98,64,55,96,98
gene-OO714_RS11170,271,328,291,355,139,135,68,156,189,192,132,106
gene-OO714_RS11175,110,125,128,74,46,61,18,50,34,51,27,40
gene-OO714_RS11180,355,418,391,369,166,151,80,169,116,140,88,122
gene-OO714_RS11185,184,235,216,160,81,79,37,104,50,59,27,54
gene-OO714_RS11190,342,309,301,312,116,160,70,141,137,114,91,84
gene-OO714_RS11195,71,84,72,82,25,18,5,14,27,33,10,16
gene-OO714_RS11200,506,552,538,427,112,126,46,167,99,107,86,89
gene-OO714_RS11205,148,196,153,121,40,36,15,42,30,41,27,23
gene-OO714_RS11215,698,756,711,550,426,664,300,511,428,518,418,386
gene-OO714_RS11220,1276,1375,1330,1056,384,454,200,451,390,334,313,370
gene-OO714_RS11225,245,210,222,188,118,120,60,109,86,146,77,84
gene-OO714_RS11230,150,136,147,120,26,54,21,49,39,58,21,35
gene-OO714_RS11235,2435,2660,2638,2402,1391,1804,861,1625,1292,1350,1192,1259
gene-OO714_RS11240,346,296,297,240,166,227,92,234,142,173,126,133
gene-OO714_RS11245,878,877,707,541,952,1177,619,1411,1201,1414,929,853
gene-OO714_RS11250,1190,1226,1283,1138,3285,4802,2369,4772,3582,3778,3447,4297
gene-OO714_RS11255,1042,1108,1085,814,561,705,350,707,507,581,474,494
gene-OO714_RS11260,1272,1307,1141,1376,1484,1470,762,1389,1664,2214,1314,1289
gene-OO714_RS11265,387,433,361,300,207,221,118,216,162,192,185,192
gene-OO714_RS11270,231,239,229,176,142,142,66,152,120,150,88,128
gene-OO714_RS11275,457,489,501,370,130,185,76,159,144,121,141,130
gene-OO714_RS11280,1043,1071,1110,795,220,176,79,226,149,152,140,151
gene-OO714_RS11285,680,765,676,464,235,181,124,244,182,191,156,153
gene-OO714_RS11290,0,0,0,0,0,0,0,0,0,0,0,0
gene-OO714_RS11295,0,0,0,0,0,0,0,0,0,0,0,0
gene-OO714_RS11300,2,1,0,1,0,0,0,0,0,0,1,0
gene-OO714_RS11305,0,0,0,0,0,0,0,0,0,2,0,0
gene-OO714_RS11310,1,2,2,0,0,0,0,1,0,0,0,1
gene-OO714_RS11315,0,1,0,1,0,0,0,0,0,0,0,0
gene-OO714_RS11320,0,1,0,0,0,0,0,0,0,0,0,0
gene-OO714_RS11325,1103,1176,971,883,305,376,132,403,341,383,291,364
gene-OO714_RS11330,2070,2220,2053,2073,1411,1819,918,1707,1253,1227,1221,1445
gene-OO714_RS11335,589,660,598,588,824,1123,534,1027,980,1076,630,712
gene-OO714_RS11340,2761,2593,2378,1993,1796,2248,1037,2058,1502,1264,1534,1861
gene-OO714_RS11345,2607,2765,2710,2455,1317,1519,697,1523,1110,803,1234,1404
gene-OO714_RS11350,2519,2464,2455,1879,1748,2513,1130,2146,1797,1915,1519,1782
gene-OO714_RS11355,1213,1308,1264,1182,904,1218,611,1009,949,1028,637,696
gene-OO714_RS11365,70,110,77,58,16,16,13,23,14,25,21,18
gene-OO714_RS11370,146,177,192,138,18,21,6,29,24,26,19,12
gene-OO714_RS11375,1137,1266,1169,999,347,362,202,407,320,362,247,261
gene-OO714_RS11380,3062,3316,2907,2198,889,924,465,1066,805,718,811,785
gene-OO714_RS11385,204,234,230,142,67,91,45,105,60,82,58,45
gene-OO714_RS11390,301,351,314,286,142,168,57,215,210,233,136,142
gene-OO714_RS11395,122,135,128,99,40,60,27,54,54,62,38,40
gene-OO714_RS11400,133,170,189,138,188,274,118,229,159,184,154,199
gene-OO714_RS11405,160,140,160,168,100,99,75,96,92,83,104,77
gene-OO714_RS11410,436,543,504,392,179,177,89,174,151,153,103,153
gene-OO714_RS11415,310,333,340,260,59,73,24,84,81,112,67,76
gene-OO714_RS11420,47,74,85,38,9,11,6,12,9,9,11,6
gene-OO714_RS11425,101,63,61,56,37,16,17,24,45,72,32,34
gene-OO714_RS11430,132,165,153,104,55,45,15,30,41,55,42,30
gene-OO714_RS11435,6309,7071,7459,5013,1348,1813,810,1624,1217,1141,1265,1269
gene-OO714_RS11440,913,1044,1060,726,48,65,19,64,60,41,65,50
gene-OO714_RS11445,3088,3305,3254,2299,868,1313,487,1051,639,812,767,726
gene-OO714_RS11450,212,241,259,180,31,31,12,39,21,28,19,27
gene-OO714_RS11455,145,143,137,113,41,42,28,46,23,37,14,17
gene-OO714_RS11460,420,530,525,372,46,44,22,74,24,46,41,53
gene-OO714_RS11465,1654,1888,1861,1303,607,563,320,593,470,585,420,440
gene-OO714_RS11470,1503,1308,1077,572,830,850,431,727,662,862,582,387
gene-OO714_RS11480,699,781,632,588,421,578,227,525,559,537,509,524
gene-OO714_RS11485,32,54,46,42,25,42,20,39,72,68,34,42
gene-OO714_RS11490,104,143,125,132,55,51,23,43,45,53,47,40
gene-OO714_RS11495,399,434,433,363,187,163,102,232,191,197,158,163
gene-OO714_RS11500,1033,1174,1112,1057,522,626,279,634,809,1035,711,857
gene-OO714_RS11505,168,142,153,138,78,61,39,73,105,116,56,61
gene-OO714_RS11510,217,289,254,196,101,133,63,116,89,128,84,77
gene-OO714_RS11515,228,209,192,321,329,415,201,360,232,280,182,223
gene-OO714_RS11520,6733,7473,6756,6114,8875,12764,5504,11339,4032,3595,3655,4442
gene-OO714_RS11525,116,118,98,96,169,187,89,147,167,440,78,113
gene-OO714_RS11530,2006,2146,1879,1578,1075,1537,697,1329,635,663,544,615
gene-OO714_RS11535,18,22,25,19,5,8,5,8,4,15,4,5
gene-OO714_RS11540,523,529,490,406,114,165,96,136,98,97,85,64
gene-OO714_RS11545,90,66,88,72,18,34,11,20,17,15,16,12
gene-OO714_RS11550,290,288,296,192,98,89,48,100,88,47,76,67
gene-OO714_RS11555,172,219,193,157,88,93,74,94,86,58,52,76
gene-OO714_RS11560,428,410,383,358,88,124,60,117,125,87,42,116
gene-OO714_RS11565,503,525,548,449,180,195,79,163,174,131,141,172
gene-OO714_RS11570,218,252,223,179,77,88,42,70,71,87,58,91
gene-OO714_RS11575,3846,3920,3590,3181,1702,2108,1008,2020,1655,1446,1331,1568
gene-OO714_RS11580,9350,10016,9450,7709,3811,5044,2511,4514,3669,3677,3206,3530
gene-OO714_RS11585,5960,6200,5826,13103,9378,13810,6830,11772,9517,10649,6667,8075
gene-OO714_RS11590,195,241,207,182,141,135,58,116,267,322,150,173
gene-OO714_RS11595,345,374,338,425,278,368,196,352,366,455,255,324
gene-OO714_RS11600,102,106,106,107,59,84,36,62,83,71,64,65
gene-OO714_RS11605,23,28,37,28,17,17,7,13,27,28,17,11
gene-OO714_RS11610,309,339,311,2482,1180,1412,740,1189,1177,1307,931,1031
gene-OO714_RS11615,273,293,274,616,312,372,172,384,278,380,217,240
gene-OO714_RS11620,675,750,711,609,184,199,99,207,177,217,135,142
gene-OO714_RS11625,892,943,971,946,394,521,247,525,255,269,211,313
gene-OO714_RS11630,7835,8993,9596,6873,1139,1259,646,1217,1030,1406,826,951
gene-OO714_RS11635,171,184,187,132,22,30,11,27,10,31,15,20
gene-OO714_RS11640,681,797,684,488,241,300,164,287,238,227,179,202
gene-OO714_RS11645,283,298,284,205,231,299,124,224,274,267,179,187
gene-OO714_RS11650,216,222,200,174,219,208,134,194,237,284,176,171
gene-OO714_RS11655,375,409,450,1540,527,626,324,560,688,906,528,662
gene-OO714_RS11660,1921,2081,1881,2206,2267,2431,1325,2342,1769,1605,1622,1830
gene-OO714_RS11665,593,606,628,839,549,780,375,702,454,430,381,500
gene-OO714_RS11670,76,92,95,58,17,21,5,27,29,19,18,16
gene-OO714_RS11675,2029,2259,2244,1849,1319,1834,791,1666,1211,1469,1075,1148
gene-OO714_RS11680,493,515,554,478,141,200,77,168,165,195,179,175
gene-OO714_RS11685,386,446,394,393,150,163,82,158,161,191,110,118
gene-OO714_RS11690,76097,81448,75518,62516,24975,33377,15507,30976,33133,30028,27144,32662
gene-OO714_RS11695,356,410,321,268,105,163,77,166,125,180,97,133
gene-OO714_RS11700,85,70,82,55,63,59,42,84,86,73,58,71
gene-OO714_RS11705,1195,1179,1010,1293,490,663,293,618,451,500,488,452
gene-OO714_RS11710,389,348,321,394,497,491,316,459,592,940,505,432
gene-OO714_RS11715,2289,2380,2227,2460,826,1221,513,1122,744,680,660,777
gene-OO714_RS11720,713,734,732,1145,658,828,404,722,698,735,514,582
gene-OO714_RS11725,2738,2828,2385,4473,8492,9351,4719,9049,9202,8077,7544,8675
gene-OO714_RS11730,46,48,47,46,17,15,10,21,12,28,14,13
gene-OO714_RS11735,9116,9636,8844,12609,4876,6660,2943,5883,3599,3033,3631,4284
gene-OO714_RS11740,4353,4654,4601,4428,2279,3297,1556,2972,2013,2017,1798,2075
gene-OO714_RS11745,561,581,524,466,341,429,207,449,338,340,256,320
gene-OO714_RS11750,7854,8049,7764,6891,4707,4946,2617,4658,3650,3510,3271,3556
gene-OO714_RS11755,1203,1283,1206,934,263,302,184,277,273,265,188,180
gene-OO714_RS11760,215,237,217,175,43,47,29,51,56,85,41,37
gene-OO714_RS11765,369,510,458,401,93,103,49,126,94,124,59,91
gene-OO714_RS11770,85,103,77,76,35,45,25,49,89,136,42,47
gene-OO714_RS11775,254,293,285,194,72,78,61,104,96,158,83,107
gene-OO714_RS11780,110,124,125,105,54,61,19,81,55,44,27,39
gene-OO714_RS11785,21,25,27,29,17,14,7,20,5,12,2,1
gene-OO714_RS11790,774,866,820,627,343,370,179,436,334,329,259,322
gene-OO714_RS11795,36,49,53,49,51,68,18,62,49,59,39,29
gene-OO714_RS11800,192,196,173,191,165,135,84,148,141,142,88,125
gene-OO714_RS11805,504,485,523,448,255,292,132,313,283,274,209,218
gene-OO714_RS11810,184,172,155,128,94,122,45,84,84,92,65,68
gene-OO714_RS11815,130,134,130,136,39,36,30,62,43,65,48,40
gene-OO714_RS11820,527,575,531,548,221,241,149,247,217,254,224,205
gene-OO714_RS11825,1676,1576,1276,1785,689,716,350,715,792,740,710,680
gene-OO714_RS11830,27,32,28,41,9,14,12,17,22,16,20,16
gene-OO714_RS11835,33,23,20,38,9,24,7,15,10,11,9,8
gene-OO714_RS11840,63,75,58,146,64,55,48,75,42,32,39,39
gene-OO714_RS11845,60,69,56,113,22,36,25,42,32,17,20,23
gene-OO714_RS11850,14,10,19,23,10,11,9,22,11,12,0,14
gene-OO714_RS11855,2,5,0,5,0,1,1,1,6,3,1,0
gene-OO714_RS11860,31,46,49,85,32,24,13,30,27,31,17,22
gene-OO714_RS11865,20,26,19,69,19,10,6,15,8,4,5,9
gene-OO714_RS11870,328,367,337,447,217,233,152,248,226,205,170,193
gene-OO714_RS11875,49,67,41,114,29,25,17,52,26,26,22,30
gene-OO714_RS11880,80,63,72,184,72,40,27,59,43,32,24,33
gene-OO714_RS11885,22,22,11,25,8,7,4,5,8,4,10,7
gene-OO714_RS11890,109,105,106,92,44,53,14,43,63,79,41,40
gene-OO714_RS11895,215,219,207,168,124,126,76,144,119,137,91,116
gene-OO714_RS11900,322,383,315,337,84,145,70,111,83,94,74,105
gene-OO714_RS11905,321,347,379,325,89,105,50,91,71,45,74,60
gene-OO714_RS11910,28,36,51,47,10,13,5,11,6,8,8,9
gene-OO714_RS11915,239,260,199,164,34,51,16,39,31,41,24,40
gene-OO714_RS11920,87,105,95,56,9,27,7,7,11,25,11,19
gene-OO714_RS11925,347,325,275,207,249,212,109,227,285,268,193,214
gene-OO714_RS11930,333,415,347,367,150,231,114,174,173,130,137,141
gene-OO714_RS11935,25,48,31,19,13,20,4,17,18,15,9,14
gene-OO714_RS11940,27,26,26,16,9,5,8,10,5,5,8,7
gene-OO714_RS11945,38,46,61,46,7,6,3,11,4,4,8,8
gene-OO714_RS11950,129,97,113,130,25,36,16,36,23,26,19,33
gene-OO714_RS11955,22,21,22,31,8,15,7,14,6,15,9,13
gene-OO714_RS11960,90,98,89,98,38,41,20,27,20,25,22,21
gene-OO714_RS11965,84,63,63,75,27,28,20,21,32,35,18,12
gene-OO714_RS11970,112,134,128,190,46,56,22,66,50,28,34,44
gene-OO714_RS11975,9,17,10,18,6,11,4,7,11,13,13,1
gene-OO714_RS11980,538,589,592,486,140,208,94,166,193,175,139,176
gene-OO714_RS11985,131,160,161,164,26,31,18,30,20,26,26,18
gene-OO714_RS11990,817,905,831,653,221,271,121,277,227,354,176,173
gene-OO714_RS11995,88,128,104,111,20,23,9,27,16,23,12,16
gene-OO714_RS12000,46,56,38,66,4,4,4,5,4,7,6,7
gene-OO714_RS12005,85,83,87,105,20,17,11,21,10,9,6,12
gene-OO714_RS12010,366,328,380,446,63,88,42,87,78,60,55,67
gene-OO714_RS12015,19,47,43,71,7,6,3,5,0,6,2,3
gene-OO714_RS12020,247,269,271,385,55,62,30,35,34,61,33,47
gene-OO714_RS12025,22,20,26,30,9,13,4,4,4,4,5,9
gene-OO714_RS12030,29,49,37,57,14,20,5,27,18,25,12,8
gene-OO714_RS12035,89,140,113,151,37,38,19,38,38,42,18,35
gene-OO714_RS12040,34,33,33,34,4,22,4,7,16,29,13,11
gene-OO714_RS12045,5127,5149,4851,6658,3831,5067,2503,4560,2835,2768,2558,3021
gene-OO714_RS12050,2064,2144,1924,2951,2930,3486,1687,2941,2666,2527,2143,2144
gene-OO714_RS12055,903,962,1035,733,322,371,192,375,287,245,204,261
gene-OO714_RS12060,262,225,239,389,573,765,354,734,461,435,338,375
gene-OO714_RS12065,403,516,481,402,227,270,121,264,230,232,168,181
gene-OO714_RS12070,657,689,607,611,391,506,255,489,310,331,233,275
gene-OO714_RS12075,4199,4118,4119,3669,1136,1660,772,1496,932,819,946,1150
gene-OO714_RS12080,751,711,547,455,133,122,53,120,151,201,139,136
gene-OO714_RS12085,778,855,749,598,333,389,194,401,325,381,271,308
gene-OO714_RS12090,668,793,795,640,146,171,76,181,90,113,89,132
gene-OO714_RS12095,408,434,413,340,111,138,45,135,88,108,75,65
gene-OO714_RS12100,725,646,596,433,243,231,136,245,245,257,181,215
gene-OO714_RS12105,326,361,352,220,138,167,109,139,127,152,95,142
gene-OO714_RS12110,330,369,325,282,80,114,66,110,74,85,66,87
gene-OO714_RS12115,215,212,208,153,68,74,26,85,70,70,46,53
gene-OO714_RS12120,474,474,552,406,166,162,68,174,147,142,113,142
gene-OO714_RS12125,313,383,401,307,75,64,34,45,53,60,67,60
gene-OO714_RS12130,1010,1141,989,882,324,380,179,414,327,319,327,334
gene-OO714_RS12135,458,533,505,748,928,1288,594,1259,1198,1263,1045,1193
gene-OO714_RS12140,356,456,387,680,388,536,211,488,283,253,380,450
gene-OO714_RS12145,170,220,188,182,92,114,45,99,60,51,59,90
gene-OO714_RS12150,1556,1671,1509,1484,822,912,458,842,721,629,638,672
gene-OO714_RS12155,491,507,469,412,112,142,42,118,112,147,96,102
gene-OO714_RS12160,765,796,742,555,143,165,92,153,117,105,90,117
gene-OO714_RS12165,805,913,929,754,500,681,316,657,277,306,236,293
gene-OO714_RS12170,555,610,564,451,192,228,152,201,130,195,135,129
gene-OO714_RS12175,545,560,530,442,361,429,250,406,331,366,345,358
gene-OO714_RS12180,77,88,60,47,42,42,23,36,44,43,30,41
gene-OO714_RS12185,306,322,351,252,97,148,68,167,120,85,116,131
gene-OO714_RS12190,546,479,461,385,213,205,120,215,152,159,139,155
gene-OO714_RS12195,523,568,553,541,370,446,224,439,437,412,332,401
gene-OO714_RS12200,340,345,362,253,125,139,70,158,144,139,103,116
gene-OO714_RS12205,129,125,136,121,24,37,9,36,26,28,19,26
gene-OO714_RS12210,265,295,394,285,110,99,58,106,122,102,96,144
gene-OO714_RS12215,152,169,179,154,31,24,7,22,13,16,15,9
gene-OO714_RS12220,65,69,65,58,5,16,9,11,13,9,13,5
gene-OO714_RS12225,1777,1872,1901,1504,407,496,225,479,398,383,320,423
gene-OO714_RS12230,1312,1306,1286,1004,527,596,293,549,461,453,388,396
gene-OO714_RS12235,881,881,855,836,356,436,217,389,365,306,293,374
gene-OO714_RS12240,222,260,299,225,82,86,44,77,82,97,73,67
gene-OO714_RS12245,573,702,576,484,260,251,162,300,293,307,178,248
gene-OO714_RS12250,258,261,304,229,94,114,65,120,92,80,74,97
gene-OO714_RS12255,674,707,735,599,198,226,114,230,220,201,182,233
gene-OO714_RS12260,498,594,592,438,201,222,91,243,124,196,113,155
gene-OO714_RS12265,675,728,686,461,343,292,197,352,253,266,235,245
gene-OO714_RS12270,978,991,1010,1041,421,542,305,536,478,414,335,454
gene-OO714_RS12275,281,315,320,193,39,42,19,40,43,61,37,49
gene-OO714_RS12280,73,59,77,49,2,7,2,2,6,0,5,3
gene-OO714_RS12285,96,130,87,86,17,9,4,12,11,18,19,13
gene-OO714_RS12290,80,96,105,43,14,8,2,6,11,16,13,7
gene-OO714_RS12295,1364,1559,1325,1106,349,345,167,371,301,304,231,274
gene-OO714_RS12300,192,282,242,210,103,114,47,113,103,156,89,103
gene-OO714_RS12305,214,214,217,219,67,76,42,79,72,68,60,64
gene-OO714_RS12310,260,290,248,285,148,154,87,149,179,204,129,144
gene-OO714_RS12315,393,396,398,335,175,244,112,223,149,135,125,130
gene-OO714_RS12320,246,255,256,251,186,196,80,186,196,199,156,147
gene-OO714_RS12325,323,435,361,313,159,196,108,202,154,178,143,138
gene-OO714_RS12330,284,343,288,276,94,148,66,114,115,114,73,80
gene-OO714_RS12335,675,759,727,595,143,160,73,178,107,132,105,141
gene-OO714_RS12340,1043,1152,1129,1490,333,396,190,420,279,298,242,270
gene-OO714_RS12345,1529,1671,1590,1307,288,412,184,377,249,240,204,263
gene-OO714_RS12350,745,849,846,705,595,874,368,705,482,509,519,593
gene-OO714_RS12355,3282,3493,3238,3119,509,692,364,608,426,441,389,405
gene-OO714_RS12360,923,1082,1095,983,186,212,82,177,89,143,107,136
gene-OO714_RS12365,1681,1867,1775,1683,275,388,189,385,277,452,228,248
gene-OO714_RS12370,258,312,298,264,59,72,43,56,68,94,48,44
gene-OO714_RS12375,257,269,256,183,48,63,38,45,50,64,34,36
gene-OO714_RS12380,747,893,856,1007,460,645,324,532,329,403,237,307
gene-OO714_RS12385,1116,1342,1222,947,257,326,170,311,223,281,152,182
gene-OO714_RS12390,576,662,603,443,219,301,126,234,275,326,129,163
gene-OO714_RS12395,1495,1719,1621,1346,645,752,395,733,572,603,475,465
gene-OO714_RS12400,525,585,566,384,144,197,99,194,156,168,114,157
gene-OO714_RS12405,947,1019,1047,830,168,241,104,250,170,162,138,144
gene-OO714_RS12410,1187,1274,1191,984,451,462,233,454,388,344,244,396
gene-OO714_RS12415,6096,6614,6214,6018,4052,4526,2420,4078,4061,3444,3309,3848
gene-OO714_RS12420,1881,2159,2178,1855,612,737,391,618,678,722,513,565
gene-OO714_RS12425,12250,12706,12390,11216,4617,5616,2966,5601,5257,4485,3960,4929
gene-OO714_RS12430,258,288,272,228,134,154,74,188,149,198,102,115
gene-OO714_RS12435,554,677,623,718,386,490,218,431,356,357,252,345
gene-OO714_RS12440,1174,1327,1209,1096,571,683,336,766,528,403,481,689
gene-OO714_RS12445,0,0,0,0,0,0,0,0,0,0,0,0
gene-OO714_RS12450,58,66,45,43,64,58,34,68,35,24,34,35
gene-OO714_RS12455,743,816,842,885,895,1042,543,1056,1012,718,802,996
gene-OO714_RS12460,193,227,194,263,183,189,120,216,183,97,186,245
gene-OO714_RS12465,70,63,65,127,112,139,86,125,105,85,94,161
gene-OO714_RS12470,145,129,146,153,153,174,75,122,112,66,127,172
gene-OO714_RS12475,2239,2515,2056,2826,2456,2756,1365,2870,2900,1784,2753,3450
gene-OO714_RS12480,388,446,390,438,405,492,229,444,364,268,361,510
gene-OO714_RS12485,917,1042,1026,908,714,1079,402,1000,710,543,642,958
gene-OO714_RS12490,1527,1732,1582,1332,3818,4539,2163,4291,4759,2949,4471,5526
gene-OO714_RS12495,5648,6201,5280,4750,6516,6856,3611,7297,5976,3983,5216,6718
gene-OO714_RS12500,1189,1205,1056,912,836,872,463,1002,506,426,342,411
gene-OO714_RS12505,915,966,947,774,284,300,176,354,136,130,138,136
gene-OO714_RS12510,385,452,445,320,220,262,154,224,182,180,145,159
gene-OO714_RS12515,510,532,560,431,215,267,131,266,170,174,117,181
gene-OO714_RS12520,22,15,18,20,2,6,5,11,0,0,5,1
gene-OO714_RS12525,367,442,357,342,105,102,63,120,53,78,63,72
gene-OO714_RS12530,441,476,518,408,171,178,101,143,170,115,113,132
gene-OO714_RS12535,122,132,148,93,41,44,26,52,46,37,20,22
gene-OO714_RS12540,102,116,125,95,39,51,21,49,40,36,42,35
gene-OO714_RS12545,607,674,761,610,54,82,41,80,63,86,43,77
gene-OO714_RS12550,1256,1476,1427,1029,371,362,188,410,325,440,203,252
gene-OO714_RS12555,2031,2119,2428,1707,289,406,151,377,263,304,233,284
gene-OO714_RS12560,759,931,1002,761,27,52,21,49,19,32,35,34
gene-OO714_RS12565,281,286,280,258,50,46,27,57,35,41,36,42
gene-OO714_RS12570,9089,9344,9087,6270,2554,2809,1195,2714,2175,2344,2457,3121
gene-OO714_RS12575,378,420,448,317,190,219,100,162,186,242,120,134
gene-OO714_RS12585,1162,1325,1219,1095,737,952,465,834,802,723,774,928
gene-OO714_RS12590,4110,3975,3559,4151,3646,4760,2303,4097,3321,3312,2682,3057
gene-OO714_RS12595,1356,1602,1474,1180,383,498,232,526,409,396,436,457
gene-OO714_RS12600,1287,1236,1247,1319,971,1336,654,1299,1114,1093,880,995
gene-OO714_RS12605,925,956,739,792,817,905,497,936,793,814,672,757
gene-OO714_RS12615,2555,2813,2620,4324,821,890,468,815,1021,1056,857,943
gene-OO714_RS12620,1251,1346,1267,1449,564,815,341,615,758,659,617,767
gene-OO714_RS12625,695,726,787,556,143,132,75,165,140,155,109,133
gene-OO714_RS12630,1441,1597,1575,1295,292,376,185,378,269,232,221,280
gene-OO714_RS12635,956,981,1028,811,175,189,96,181,160,147,150,187
gene-OO714_RS12640,1635,1859,1824,1425,268,353,190,381,380,402,283,286
gene-OO714_RS12645,10223,10950,10243,11428,6559,7937,3827,7576,7905,7351,6600,7885
gene-OO714_RS12650,1320,1322,1267,1211,933,1234,646,1157,968,1003,791,911
gene-OO714_RS12655,1023,1037,1004,766,283,376,193,367,315,385,260,269
gene-OO714_RS12660,520,555,587,467,363,522,213,441,403,472,326,362
gene-OO714_RS12665,611,716,675,501,407,513,256,418,421,477,330,382
gene-OO714_RS12670,1446,1533,1381,2080,1839,2656,1144,2371,1602,1517,1692,2148
gene-OO714_RS12675,121,137,160,89,22,53,14,46,28,39,19,15
gene-OO714_RS12680,433,515,584,450,297,317,147,314,254,338,203,277
gene-OO714_RS12685,82,79,87,66,10,7,8,5,19,13,3,5
gene-OO714_RS12690,1084,1169,1143,1036,194,209,111,207,131,143,148,160
gene-OO714_RS12695,3484,3515,3460,2471,1210,1663,786,1619,1199,1199,1089,1302
gene-OO714_RS12700,21556,20275,18542,12834,8431,9789,4433,10123,10689,6890,12106,14207
gene-OO714_RS12705,223,272,262,238,123,141,81,156,114,150,123,136
gene-OO714_RS12710,139,115,78,171,322,217,146,276,318,581,216,240
gene-OO714_RS12715,2055,2121,1958,1747,847,968,471,874,748,568,633,781
gene-OO714_RS12720,2855,3090,2999,3001,1135,1339,675,1259,1072,1058,975,1172
gene-OO714_RS12725,2992,3309,3084,3094,1353,1702,868,1575,1311,1236,1210,1320
gene-OO714_RS12730,2074,2054,1718,1718,1512,1897,851,1851,1653,1653,1299,1330
gene-OO714_RS12735,432,459,444,516,530,684,340,595,603,705,367,407
gene-OO714_RS12740,332,354,347,323,270,382,186,295,349,355,251,246
gene-OO714_RS12750,1904,2190,2082,1525,707,846,403,885,748,815,540,591
gene-OO714_RS12755,1471,1341,1316,1266,680,857,434,861,667,729,557,514
gene-OO714_RS12760,98,101,101,82,20,33,10,28,35,68,22,18
gene-OO714_RS12765,1370,1529,1387,1041,232,282,158,355,273,330,202,276
gene-OO714_RS12770,881,941,838,628,354,360,159,403,337,369,277,262
gene-OO714_RS12775,17,29,17,46,12,26,12,16,19,16,7,7
gene-OO714_RS12780,25,55,36,43,20,13,2,16,11,8,16,21
gene-OO714_RS12785,1474,1573,1446,1323,962,975,524,1010,804,765,596,735
gene-OO714_RS12790,20,17,25,17,3,3,3,5,4,4,0,2
gene-OO714_RS12795,30,42,31,23,10,6,5,4,9,5,6,7
gene-OO714_RS12800,14,24,19,25,10,17,3,18,10,11,5,2
gene-OO714_RS12805,50,64,55,32,11,19,15,15,16,24,19,14
gene-OO714_RS12810,997,1049,1047,943,532,697,370,661,531,551,448,511
gene-OO714_RS12815,975,901,775,904,152,234,97,179,175,121,177,145
gene-OO714_RS12820,996,1099,957,1592,265,298,129,309,262,270,240,259
gene-OO714_RS12825,1577,1494,1215,1232,1753,1794,994,1861,2294,2372,1987,2065
gene-OO714_RS12830,331,357,278,257,528,528,287,537,702,1106,662,708
gene-OO714_RS12835,58,74,53,50,39,34,15,28,19,18,12,26
gene-OO714_RS12840,268,265,265,364,202,156,100,178,102,111,83,97
gene-OO714_RS12845,654,640,617,680,445,491,247,593,371,354,314,365
gene-OO714_RS12850,29,35,32,24,22,19,10,26,24,17,13,14
gene-OO714_RS12855,1024,1064,920,728,204,217,111,233,145,213,181,210
gene-OO714_RS12860,35,48,52,41,27,30,16,39,27,34,30,23
gene-OO714_RS12865,56,53,48,59,12,31,8,31,35,24,16,22
gene-OO714_RS12870,33,39,41,31,17,15,5,19,8,4,13,21
gene-OO714_RS12875,39,29,38,24,20,10,13,31,7,6,4,11
gene-OO714_RS12880,20,27,12,11,12,9,3,12,14,32,9,7
gene-OO714_RS12885,19,37,23,9,2,14,3,8,10,15,6,10
gene-OO714_RS12890,4,13,13,14,9,5,5,7,19,10,2,0
gene-OO714_RS12895,4,7,7,6,7,3,2,6,5,5,1,3
gene-OO714_RS12900,20,10,21,24,3,8,5,16,5,6,3,4
gene-OO714_RS12905,101,106,100,250,89,78,50,93,50,44,55,60
gene-OO714_RS12910,44,30,42,101,32,32,14,37,19,27,16,16
gene-OO714_RS12915,1,7,4,9,7,11,0,11,4,4,3,0
gene-OO714_RS12920,1,1,0,0,1,1,0,0,2,2,0,0
gene-OO714_RS12925,13,8,8,9,10,16,2,12,9,9,8,4
gene-OO714_RS12930,114,113,140,112,39,77,37,84,65,54,42,39
gene-OO714_RS12935,196,163,190,178,121,105,44,115,95,80,84,79
gene-OO714_RS12940,198,192,201,147,107,118,78,144,83,118,73,79
gene-OO714_RS12945,30,35,34,50,3,15,2,5,3,7,1,5
gene-OO714_RS12950,128,156,171,123,31,38,22,42,33,27,23,24
gene-OO714_RS12955,112,97,105,76,23,43,8,23,14,15,18,34
gene-OO714_RS12960,1268,1284,1212,848,839,801,444,806,860,979,766,654
gene-OO714_RS12965,113,146,111,71,23,32,16,30,41,57,32,27
gene-OO714_RS12970,52,68,78,40,10,27,13,26,15,28,7,21
gene-OO714_RS12975,134,112,131,75,25,21,9,24,17,33,30,15
gene-OO714_RS12980,2167,2224,2332,1588,128,173,103,167,172,220,144,165
gene-OO714_RS12985,2681,2695,2437,1713,276,393,140,361,357,354,311,367
gene-OO714_RS12990,254,211,161,170,156,148,102,145,120,192,77,63
gene-OO714_RS12995,145,154,111,107,48,57,31,56,59,98,56,67
gene-OO714_RS13000,21,24,28,12,8,20,4,10,10,6,6,10
gene-OO714_RS13005,34,39,52,39,5,6,7,4,13,8,1,5
gene-OO714_RS13010,57,56,60,61,11,21,15,10,7,11,4,8
gene-OO714_RS13015,27,52,57,38,14,22,7,10,20,11,12,10
gene-OO714_RS13020,80,100,95,74,27,30,11,25,30,31,21,29
gene-OO714_RS13025,39,44,57,68,15,35,18,23,24,25,7,4
gene-OO714_RS13030,88,90,84,101,67,79,44,70,84,60,83,67
gene-OO714_RS13035,74,95,114,84,13,35,16,27,27,37,15,15
gene-OO714_RS13040,92,114,91,91,12,11,7,22,19,10,15,18
gene-OO714_RS13045,1993,2024,1972,1576,702,826,438,832,632,541,601,628
gene-OO714_RS13050,84,96,74,79,23,42,18,39,38,42,19,35
gene-OO714_RS13055,1971,2169,2093,2289,725,1058,463,877,666,794,538,559
gene-OO714_RS13060,539,563,496,387,249,280,136,272,384,447,271,260
gene-OO714_RS13065,64,64,93,124,34,67,37,46,71,76,55,47
gene-OO714_RS13070,46,44,42,45,24,21,16,24,24,63,16,22
gene-OO714_RS13075,174,163,168,235,57,52,19,68,36,57,29,39
gene-OO714_RS13080,42,52,52,69,7,8,3,13,6,7,11,12
gene-OO714_RS13085,85,80,84,104,20,16,12,14,6,24,2,11
gene-OO714_RS13090,436,467,534,737,107,131,67,106,74,94,84,78
gene-OO714_RS13095,220,217,264,389,56,96,27,68,48,43,57,47
gene-OO714_RS13100,35,35,43,46,10,15,5,11,5,4,0,11
gene-OO714_RS13105,37,57,44,65,28,15,7,13,6,15,8,15
gene-OO714_RS13110,118,130,133,194,28,49,13,28,24,32,8,30
gene-OO714_RS13115,89,71,93,92,30,22,16,29,28,15,14,16
gene-OO714_RS13120,811,877,809,731,161,221,80,247,216,242,162,174
gene-OO714_RS13125,60,78,54,43,8,13,2,16,21,19,13,15
gene-OO714_RS13130,180,238,240,144,92,69,37,80,92,188,58,77
gene-OO714_RS13135,298,322,383,257,67,91,35,89,91,115,58,78
gene-OO714_RS13140,366,313,345,277,101,108,76,104,99,135,51,66
gene-OO714_RS13145,2251,2439,2262,1893,868,931,506,949,766,803,630,671
gene-OO714_RS13150,32616,34574,31775,26667,24216,33003,15976,28889,39708,37128,27994,31705
gene-OO714_RS13155,368,511,425,312,163,227,127,221,211,249,187,189
gene-OO714_RS13160,859,910,855,742,465,550,269,514,507,506,404,506
gene-OO714_RS13165,898,918,868,1597,5517,8576,4205,7548,5373,7320,3991,4649
gene-OO714_RS13170,1893,2121,1928,1649,515,643,297,657,685,768,530,603
gene-OO714_RS13175,664,663,705,563,218,299,127,244,170,155,161,202
gene-OO714_RS13180,619,750,643,509,323,382,183,350,384,401,276,318
gene-OO714_RS13185,28,22,26,23,9,17,0,7,7,19,14,7
gene-OO714_RS13190,2866,3012,2666,3132,2198,2982,1458,2781,1511,1284,1322,1661
gene-OO714_RS13195,1940,2181,1997,1810,792,952,432,944,808,885,687,732
gene-OO714_RS13200,1312,1306,1335,1128,371,440,193,434,354,344,327,396
gene-OO714_RS13205,2293,2516,2413,1904,1295,1444,663,1354,1062,1207,835,1036
gene-OO714_RS13210,338,366,344,293,131,160,137,191,145,138,96,109
gene-OO714_RS13215,363,403,346,342,145,162,73,189,123,114,92,118
gene-OO714_RS13220,96,111,95,124,37,53,28,37,21,43,27,31
gene-OO714_RS13225,173,171,182,186,61,65,26,70,54,36,39,44
gene-OO714_RS13230,195,233,184,240,84,92,58,99,61,63,41,86
gene-OO714_RS13235,1003,1196,1077,927,600,674,289,685,527,552,436,503
gene-OO714_RS13240,103,106,125,86,27,26,18,45,16,21,9,18
gene-OO714_RS13245,95,122,132,126,39,31,31,37,20,24,20,33
gene-OO714_RS13250,247,242,253,197,88,116,51,106,65,91,51,69
gene-OO714_RS13255,209,217,237,186,43,56,27,79,48,86,40,53
gene-OO714_RS13260,358,430,381,1043,425,531,278,527,350,664,348,392
gene-OO714_RS13265,2346,2318,2187,3201,2571,3359,1706,3176,10081,8828,6548,7646
gene-OO714_RS13270,7030,8069,7677,6479,3073,4136,1919,3965,2890,2956,2892,3672
gene-OO714_RS13275,1483,1603,1495,1182,592,733,373,766,610,777,463,491
gene-OO714_RS13280,1269,1406,1324,1941,1003,1232,631,1216,747,800,555,683
gene-OO714_RS13285,962,946,859,669,415,491,261,525,407,401,364,382
gene-OO714_RS13290,476,478,465,337,315,346,184,325,251,330,230,237
gene-OO714_RS13295,6543,7527,6647,5736,4057,4877,2343,4577,3114,2948,2659,3094
gene-OO714_RS13300,2529,2896,2369,1986,2429,3128,1466,2703,1967,2283,1650,1827
gene-OO714_RS13305,68,76,39,41,63,78,44,70,51,65,27,40
gene-OO714_RS13310,2268,2465,2290,3144,1606,2122,999,2060,1508,1843,1264,1616
gene-OO714_RS13315,3002,3309,3130,2700,2093,2556,1277,2422,1882,2091,1625,1788
gene-OO714_RS13320,317,307,318,260,179,155,87,181,189,158,152,140
gene-OO714_RS13325,137,116,103,112,51,59,23,65,56,86,34,36
gene-OO714_RS13330,270,326,259,244,440,446,220,400,342,490,311,357
gene-OO714_RS13335,786,795,785,859,692,983,490,827,704,775,550,743
gene-OO714_RS13340,813,890,767,766,623,804,403,708,551,621,391,549
gene-OO714_RS13345,2530,2591,2173,2228,1602,2132,1050,1959,1608,1326,1212,1568
gene-OO714_RS13350,210,260,241,158,50,39,19,42,49,94,35,54
gene-OO714_RS13355,9,6,7,4,1,0,0,0,3,0,0,2
gene-OO714_RS13360,2682,2825,2778,2682,1602,2044,1002,1980,1560,1747,1367,1628
gene-OO714_RS13365,353,362,375,303,272,299,155,289,277,286,178,213
gene-OO714_RS13370,301,323,331,230,160,173,77,159,121,184,130,137
gene-OO714_RS13375,895,990,973,831,354,524,220,493,359,417,312,346
gene-OO714_RS13380,242,269,272,241,133,158,68,158,124,99,97,100
gene-OO714_RS13385,192,222,189,223,198,223,136,233,233,286,157,199
gene-OO714_RS13390,728,807,723,1674,942,1227,617,1071,972,743,851,885
gene-OO714_RS13395,941,1077,994,902,496,586,318,584,471,479,342,353
gene-OO714_RS13400,502,514,492,400,196,246,141,257,176,276,136,131
gene-OO714_RS13405,4430,4876,4145,23926,2676,2650,1452,2593,4678,4271,4096,4771
gene-OO714_RS13410,3076,3083,2814,2733,2171,2443,1197,2282,3850,3746,3060,3441
gene-OO714_RS13415,317,354,375,301,154,197,93,207,189,221,164,167
gene-OO714_RS13420,1428,1494,1499,1128,375,389,219,453,432,415,275,367
gene-OO714_RS13425,1262,1415,1461,993,183,196,99,172,145,136,124,149
gene-OO714_RS13430,165,161,169,134,360,339,182,295,771,894,537,456
gene-OO714_RS13435,1335,1439,1224,1139,1249,1525,769,1440,1355,1561,977,1287
gene-OO714_RS13440,569,611,542,617,229,272,116,300,253,248,207,265
gene-OO714_RS13445,4854,5162,4624,4788,3171,4073,1905,3746,2570,2284,2512,2805
gene-OO714_RS13450,4230,4283,4328,4046,2610,3378,1686,3098,2461,2608,1991,2345
gene-OO714_RS13455,299,315,321,325,99,89,52,97,95,59,82,111
gene-OO714_RS13460,140,168,185,140,35,40,20,35,50,48,18,33
gene-OO714_RS13465,500,564,569,483,113,149,60,146,127,116,110,155
gene-OO714_RS13470,422,440,417,353,76,70,38,53,54,65,47,61
gene-OO714_RS13475,477,572,571,402,189,165,109,207,167,215,156,153
gene-OO714_RS13480,225,235,187,105,115,100,69,115,146,132,92,122
gene-OO714_RS13485,1345,1434,1360,1657,776,853,440,960,864,930,750,853
gene-OO714_RS13490,1406,1517,1542,1295,426,472,209,445,423,333,366,497
gene-OO714_RS13495,491,622,539,430,131,168,64,156,132,169,83,125
gene-OO714_RS13500,2165,2446,2118,1655,725,795,433,855,583,604,506,644
gene-OO714_RS13505,369,366,344,362,334,375,181,361,295,240,289,293
gene-OO714_RS13510,494,595,593,492,151,188,131,183,117,96,109,144
gene-OO714_RS13515,188,220,187,137,108,152,76,132,132,163,99,106
gene-OO714_RS13520,207,179,223,158,108,117,74,136,93,113,96,103
gene-OO714_RS13525,176,227,174,165,121,107,51,104,80,81,81,96
gene-OO714_RS13530,162,130,127,154,53,58,33,44,67,33,30,68
gene-OO714_RS13535,105,131,102,87,48,65,35,84,56,61,47,66
gene-OO714_RS13540,112,136,124,86,41,68,29,55,44,26,24,40
gene-OO714_RS13545,89,87,104,136,41,45,34,43,44,38,41,44
gene-OO714_RS13550,253,226,256,256,81,97,45,81,62,83,68,73
gene-OO714_RS13555,210,288,290,247,59,58,33,82,65,68,47,58
gene-OO714_RS13560,101,93,89,105,51,44,34,42,25,31,29,25
gene-OO714_RS13565,174,184,211,155,61,70,34,86,41,42,41,83
gene-OO714_RS13570,294,247,294,254,108,122,50,114,80,74,72,71
gene-OO714_RS13575,51,54,37,37,10,17,6,19,10,9,5,6
gene-OO714_RS13580,14,17,26,12,5,12,9,5,6,8,2,2
gene-OO714_RS13585,436,493,454,353,363,499,249,467,367,420,273,357
gene-OO714_RS13590,50,60,57,45,13,26,3,34,19,15,25,21
gene-OO714_RS13595,171,178,163,152,84,120,52,132,75,58,52,67
gene-OO714_RS13600,362,399,331,365,244,315,161,328,364,290,240,321
gene-OO714_RS13605,1350,1440,1413,1231,302,354,171,420,184,145,178,242
gene-OO714_RS13610,2787,3114,2868,2271,1165,1318,678,1242,889,721,904,937
gene-OO714_RS13615,1700,1836,1710,1402,914,1050,512,951,929,1084,775,846
gene-OO714_RS13620,440,523,445,451,389,468,218,513,378,413,422,478
gene-OO714_RS13625,326,333,292,230,66,108,41,72,56,67,62,59
gene-OO714_RS13630,551,671,658,504,136,140,82,178,184,167,115,146
gene-OO714_RS13635,1307,1230,1266,1040,620,685,331,626,563,569,467,491
gene-OO714_RS13640,212,228,187,188,190,298,109,233,212,331,139,183
gene-OO714_RS13645,650,611,539,592,678,796,368,722,744,778,574,633
gene-OO714_RS13650,766,846,741,951,933,1041,488,844,582,600,728,682
gene-OO714_RS13655,3460,3783,3748,4674,3578,4705,2202,4028,3048,2841,3231,3750
gene-OO714_RS13660,2803,2748,2505,2186,4067,4740,2213,3961,2802,2438,3098,3038
gene-OO714_RS13665,1259,1296,1157,1080,2001,2651,1191,2060,1536,1539,1453,1487
gene-OO714_RS13670,2153,2299,2291,2315,3712,5477,2533,4083,2470,2493,2075,2399
gene-OO714_RS13675,3696,3771,3562,3154,2991,4127,1862,3027,1497,1443,1258,1427
gene-OO714_RS13680,3855,4047,3846,5030,4175,5692,2834,4689,4131,4058,3030,3502
gene-OO714_RS13685,231,242,258,224,40,64,32,60,45,63,50,40
gene-OO714_RS13690,479,481,448,420,278,417,209,406,203,197,230,227
gene-OO714_RS13695,1565,1577,1673,1440,518,728,326,624,422,365,389,521
gene-OO714_RS13700,2679,2711,2748,2169,861,872,492,938,782,834,651,676
gene-OO714_RS13705,878,925,966,714,133,164,74,161,132,149,131,131
gene-OO714_RS13710,1621,1906,1848,1423,587,681,318,646,535,681,434,438
gene-OO714_RS13715,355,401,409,349,133,199,101,169,112,184,90,124
gene-OO714_RS13720,568,639,654,483,145,208,88,174,157,155,123,110
gene-OO714_RS13725,1765,1893,1887,1629,808,988,493,895,855,1011,615,719
gene-OO714_RS13730,249,327,334,231,67,86,32,79,48,44,49,64
gene-OO714_RS13735,910,1010,905,726,392,384,209,419,438,417,341,344
gene-OO714_RS13740,332,318,299,251,98,147,72,136,96,94,75,109
gene-OO714_RS13745,535,677,678,579,113,142,47,127,90,88,69,83
gene-OO714_RS13750,645,683,791,621,141,127,79,145,114,106,86,80
gene-OO714_RS13755,300,361,384,273,61,47,23,87,47,44,29,32
gene-OO714_RS13760,657,722,726,501,58,62,37,73,29,18,37,50
gene-OO714_RS13765,988,1222,1217,818,128,140,45,95,68,60,62,60
gene-OO714_RS13770,231,280,235,169,44,51,18,22,21,29,18,17
gene-OO714_RS13775,1088,1169,1114,883,262,339,136,321,129,164,149,128
gene-OO714_RS13780,908,958,940,682,304,430,211,366,275,333,190,191
gene-OO714_RS13785,1834,2066,1647,1118,788,817,391,790,712,741,548,598
gene-OO714_RS13790,1528,1674,1194,777,943,901,401,875,895,1076,844,856
gene-OO714_RS13795,195,244,187,137,43,62,21,52,56,84,31,43
gene-OO714_RS13800,238,220,226,180,68,59,36,78,108,93,64,44
gene-OO714_RS13805,2855,3081,2876,2040,590,678,322,687,677,857,519,534
gene-OO714_RS13810,798,779,755,672,518,691,303,643,610,664,524,504
gene-OO714_RS13815,2149,2218,2312,1863,435,600,288,580,634,763,461,541
gene-OO714_RS13820,695,772,773,614,159,185,92,153,168,210,107,132
gene-OO714_RS13825,1251,1514,1493,1636,232,349,147,358,223,212,194,254
gene-OO714_RS13830,579,651,599,632,191,249,105,254,139,196,120,183
gene-OO714_RS13835,742,800,822,661,483,427,256,485,537,581,383,441
gene-OO714_RS13840,95,127,121,84,15,12,13,21,11,9,7,7
gene-OO714_RS13845,1195,1234,1057,832,357,321,170,340,432,494,359,322
gene-OO714_RS13850,1271,1333,1177,1065,311,361,209,393,296,475,227,259
gene-OO714_RS13855,520,611,575,455,101,121,40,110,97,142,69,63
gene-OO714_RS13860,193,175,228,148,59,75,32,64,54,48,34,39
gene-OO714_RS13865,1040,1150,1079,852,324,314,180,335,335,414,279,345
gene-OO714_RS13870,1311,1572,1419,1123,603,672,341,691,655,879,618,651
gene-OO714_RS13875,132,117,103,80,47,50,21,46,49,55,30,35
gene-OO714_RS13880,1879,1971,1869,1519,829,926,443,912,703,736,498,546
gene-OO714_RS13885,163,134,154,95,26,20,15,33,17,28,15,29
gene-OO714_RS13890,149,156,156,120,87,84,60,89,84,70,72,78
gene-OO714_RS13895,43,39,39,34,24,29,5,16,20,26,13,19
gene-OO714_RS13900,160,195,218,127,74,77,41,56,76,88,55,48
gene-OO714_RS13905,15,27,17,19,6,17,17,13,10,12,13,21
gene-OO714_RS13910,102,122,133,63,27,42,16,41,35,20,34,40
gene-OO714_RS13915,792,864,821,660,304,360,176,331,440,604,317,261
gene-OO714_RS13920,3832,4193,4092,2982,534,603,358,644,756,777,633,702
gene-OO714_RS13930,1067,1232,1178,1091,620,722,301,682,473,456,427,565
gene-OO714_RS13935,1428,1492,1442,1242,1075,1394,700,1344,949,785,923,1098
gene-OO714_RS13940,1274,1365,1166,1052,1208,1787,834,1586,1115,1091,935,1297
gene-OO714_RS13945,743,843,685,577,781,863,461,828,530,623,590,608
gene-OO714_RS13950,1880,2026,1730,2077,2028,2834,1370,2405,2138,2210,1697,2002
gene-OO714_RS13955,1614,1760,1654,1408,926,1094,545,1024,763,728,721,781
gene-OO714_RS13960,870,1008,990,791,369,458,237,374,333,308,250,275
gene-OO714_RS13965,433,440,395,365,287,306,159,307,208,205,155,190
gene-OO714_RS13970,4597,4879,5357,3947,314,521,228,493,502,539,447,508
gene-OO714_RS13975,3251,3574,3781,2740,169,155,70,194,173,179,131,203
gene-OO714_RS13980,2846,3146,3483,2748,385,501,278,507,407,425,320,407
gene-OO714_RS13985,2946,3036,3300,2514,813,950,425,933,765,779,589,643
gene-OO714_RS13990,1852,1938,1630,1294,1046,1100,573,1078,902,728,809,880
gene-OO714_RS13995,413,459,405,325,215,263,108,237,172,208,145,164
gene-OO714_RS14000,224,201,241,177,106,102,58,105,88,92,68,63
gene-OO714_RS14005,562,649,595,825,332,445,192,425,303,513,271,287
gene-OO714_RS14010,2215,2239,2087,2734,1880,2726,1172,2301,1910,1824,1844,2118
gene-OO714_RS14015,755,635,599,540,399,397,220,333,454,365,423,322
gene-OO714_RS14020,2892,3210,2826,3543,1935,2456,1127,2223,1646,1424,1563,1913
gene-OO714_RS14025,243,285,235,192,181,207,110,211,65,190,51,52
gene-OO714_RS14030,584,600,534,493,541,494,315,541,466,524,342,331
gene-OO714_RS14035,135,173,116,143,125,146,111,152,172,179,150,182
gene-OO714_RS14040,1599,1676,1522,1453,1161,1240,652,1288,1363,1633,1220,1257
gene-OO714_RS14045,1315,1542,1421,1538,827,1059,525,1005,1011,1157,803,886
gene-OO714_RS14050,287,288,311,257,254,301,187,261,171,156,160,154
gene-OO714_RS14055,1509,1571,1536,1323,771,1105,543,954,649,716,575,627
gene-OO714_RS14060,2192,2341,2149,13031,24834,33091,16002,29184,18914,19032,16815,20448
gene-OO714_RS14065,555,613,520,557,304,375,201,397,305,364,251,269
gene-OO714_RS14070,998,984,1008,772,335,351,174,366,367,339,265,307
gene-OO714_RS14075,936,934,861,927,896,1352,603,1241,782,832,743,923
gene-OO714_RS14080,1625,1768,1658,2969,2432,3410,1550,2820,2039,2434,1778,2167
gene-OO714_RS14085,831,860,745,1200,774,1126,476,980,729,510,630,780
gene-OO714_RS14090,422,404,385,356,410,558,239,475,402,452,263,381
gene-OO714_RS14095,694,811,752,1579,436,630,255,466,291,361,265,365
gene-OO714_RS14100,10133,10859,9880,9408,6712,8344,4056,7887,6603,6579,5691,6192
gene-OO714_RS14105,1764,1940,1671,1766,1892,2329,1180,2054,1971,1982,1557,1743
gene-OO714_RS14110,955,1072,989,879,480,565,259,614,502,524,419,486
gene-OO714_RS14115,963,1018,947,908,552,723,381,662,617,661,466,504
gene-OO714_RS14120,320,354,326,262,88,112,57,140,85,98,62,95
gene-OO714_RS14125,871,1001,837,744,507,563,286,583,544,577,423,425
gene-OO714_RS14130,665,775,687,556,133,251,112,203,248,258,161,202
gene-OO714_RS14135,2252,2392,2122,5753,3844,4979,2621,4127,3480,4252,2365,2741
gene-OO714_RS14140,50172,53799,51231,65876,32492,46677,21589,38477,28044,24878,23849,29147
gene-OO714_RS14145,10112,10708,9644,10803,10064,13894,7027,11953,10234,10727,7349,8635
gene-OO714_RS14150,4312,4541,4241,4750,3629,4970,2423,4008,4350,5688,3022,3629
gene-OO714_RS14155,1690,1724,1639,2683,1633,2039,971,1962,1783,1890,1629,1913
gene-OO714_RS14160,1936,2123,1791,5123,2483,3157,1568,2842,2955,3233,2170,2399
gene-OO714_RS14165,1064,977,912,979,736,837,441,760,716,602,572,697
gene-OO714_RS14170,616,615,645,477,290,449,180,388,381,364,287,357
gene-OO714_RS14175,316,436,419,277,96,106,63,106,132,149,109,110
gene-OO714_RS14180,3578,3756,3433,3179,2311,2690,1348,2447,2856,2858,2393,2623
gene-OO714_RS14185,1826,2025,2114,1603,289,379,181,337,417,471,284,291
gene-OO714_RS14195,508,503,482,553,149,202,76,197,121,147,113,139
gene-OO714_RS14200,552,591,558,668,245,250,102,248,237,181,153,174
gene-OO714_RS14205,512,474,508,648,147,216,96,176,142,147,118,142
gene-OO714_RS14210,320,377,337,233,109,141,83,144,137,114,107,126
gene-OO714_RS14215,668,676,623,618,193,217,108,206,175,197,180,201
gene-OO714_RS14220,294,300,301,259,159,162,79,162,131,84,80,118
gene-OO714_RS14225,418,369,380,344,148,165,110,174,179,239,127,163
gene-OO714_RS14230,409,429,427,306,96,115,58,133,88,117,61,97
gene-OO714_RS14245,725,722,647,555,609,666,418,617,738,813,537,551
gene-OO714_RS14250,1429,1288,1152,1034,856,1106,486,1026,1002,1016,779,877
gene-OO714_RS14255,745,742,784,634,555,705,362,712,427,593,380,416
gene-OO714_RS14260,1459,1538,1413,1065,1053,899,557,934,850,816,711,775
gene-OO714_RS14265,576,519,526,389,497,518,288,484,419,451,292,296
gene-OO714_RS14270,1267,1428,1319,1198,797,904,451,1026,688,765,551,623
gene-OO714_RS14275,2405,2567,2503,2615,3155,4234,1979,3843,2704,3126,2251,2780
gene-OO714_RS14280,4373,4528,4718,3586,1603,1876,927,1819,1562,1626,1155,1263
gene-OO714_RS14285,5595,5960,5586,4177,2210,2897,1331,2767,1918,1906,1588,1854
gene-OO714_RS14290,1217,1375,1291,1020,612,751,419,762,677,894,476,580
gene-OO714_RS14295,288,308,291,229,1656,2050,1036,2047,1996,2670,1685,2069
gene-OO714_RS14300,7176,6995,6173,3988,3986,4853,2509,4525,4012,4649,3677,3725
gene-OO714_RS14315,9534,10216,10300,7588,3142,4677,2272,4095,2478,2302,2099,2677
gene-OO714_RS14320,1163,1351,1278,1339,1032,1384,703,1051,677,582,555,670
gene-OO714_RS14325,1630,1824,1801,1364,573,895,364,753,504,611,368,480
gene-OO714_RS14330,1617,1783,1604,1338,644,880,414,807,580,676,485,549
gene-OO714_RS14335,686,779,664,559,209,250,129,234,199,212,176,161
gene-OO714_RS14340,1426,1568,1370,1255,586,631,259,595,568,578,481,544
gene-OO714_RS14345,1537,1714,1627,1242,776,1231,535,1094,635,747,555,732
gene-OO714_RS14350,1033,1167,1001,869,518,666,321,652,457,533,377,413
gene-OO714_RS14355,466,518,486,423,250,270,166,274,270,249,192,192
gene-OO714_RS14360,706,770,763,4433,1589,2004,901,1698,857,1281,982,1081
gene-OO714_RS14365,781,785,670,1007,1803,1987,1067,1623,1303,1333,929,1043
gene-OO714_RS14370,4022,4327,3961,4280,2122,2635,1326,2490,1744,1824,1497,1796
gene-OO714_RS14375,6501,7288,7089,6693,2141,3016,1552,2802,1880,1864,1656,2063
gene-OO714_RS14380,2004,2048,1659,1645,2503,3102,1636,2661,2567,2602,1708,1938
gene-OO714_RS14385,5683,5691,5059,4945,5121,6458,3274,5351,5183,4831,3826,4574
gene-OO714_RS14390,2583,2908,2669,3318,1601,1862,908,1810,1382,1993,1595,1899
gene-OO714_RS14395,1046,1159,983,1047,1154,1183,637,1244,1260,1023,974,1098
gene-OO714_RS14400,922,910,915,810,335,401,244,356,515,595,337,401
gene-OO714_RS14405,852,994,999,715,426,546,255,503,412,458,386,463
gene-OO714_RS14410,3316,3556,3165,2975,2056,2590,1222,2280,1969,1837,1588,1913
gene-OO714_RS14415,783,915,771,789,375,527,256,527,319,294,419,486
gene-OO714_RS14420,528,574,524,431,338,414,223,380,338,315,240,296
gene-OO714_RS14425,1566,1723,1516,1162,1465,1560,825,1469,1415,1455,1124,1190
gene-OO714_RS14430,2466,2664,2571,1980,1881,2114,1089,2026,1884,1851,1505,1661
gene-OO714_RS14435,692,757,658,592,178,224,99,195,114,150,117,140
gene-OO714_RS14440,187,205,233,176,35,62,13,46,48,67,33,39
gene-OO714_RS14445,627,614,588,513,297,345,197,311,371,355,237,231
gene-OO714_RS14450,1122,1233,1103,1018,1216,1413,745,1424,1295,1242,1185,1284
gene-OO714_RS14455,4833,4210,3838,2940,10497,12840,6991,10460,3953,4552,2827,2449
gene-OO714_RS14460,1875,2008,1870,1697,911,1080,476,958,697,657,609,730
gene-OO714_RS14465,1452,1429,1244,1625,1259,1593,755,1374,1213,1344,904,1061
gene-OO714_RS14470,1378,1442,1461,1146,1047,1190,623,1136,941,1068,691,787
gene-OO714_RS14475,424,475,418,334,223,263,137,267,213,249,174,239
gene-OO714_RS14480,519,518,551,514,259,385,179,344,181,173,221,232
gene-OO714_RS14485,417,489,388,375,463,591,309,500,330,351,283,335
gene-OO714_RS14490,351,355,365,294,262,328,160,309,219,230,143,177
gene-OO714_RS14495,2245,2333,2155,2868,2002,2447,1242,2107,1800,1923,1474,1763
gene-OO714_RS14500,481,557,542,477,427,593,316,546,508,627,363,384
gene-OO714_RS14505,590,602,524,426,239,300,152,303,222,205,197,191
gene-OO714_RS14510,559,635,668,518,68,71,36,76,95,131,84,71
gene-OO714_RS14515,3792,3961,3974,3209,672,752,381,768,583,586,445,490
gene-OO714_RS14520,1540,1642,1588,1248,250,277,124,266,214,274,215,193
gene-OO714_RS14525,5390,5722,5426,4181,1535,1637,850,1664,1847,2041,1438,1541
gene-OO714_RS14530,6008,6354,6011,4773,1679,1698,864,1783,1768,1670,1556,1579
gene-OO714_RS14535,2262,2269,2021,1883,1075,1494,694,1401,737,784,766,859
gene-OO714_RS14540,1199,1198,1177,1076,582,786,356,728,534,520,432,486
gene-OO714_RS14545,693,693,674,576,250,322,126,305,233,267,235,243
gene-OO714_RS14550,696,773,767,566,477,520,277,438,436,501,365,361
gene-OO714_RS14555,2015,2114,1957,1909,1509,2073,1093,1846,1834,1887,1382,1542
gene-OO714_RS14560,408,503,483,4224,1801,2128,915,1886,2461,2640,1899,2344
gene-OO714_RS14565,3495,3804,3541,3422,2272,2937,1530,2679,2040,2065,1704,2154
gene-OO714_RS14570,91,98,70,83,74,64,44,92,111,193,73,91
gene-OO714_RS14575,869,868,863,757,278,382,169,358,203,211,235,298
gene-OO714_RS14580,220,183,197,161,204,301,125,234,222,281,148,243
gene-OO714_RS14585,1717,1821,1775,1360,749,890,431,881,681,615,541,633
gene-OO714_RS14590,917,1003,947,1034,414,499,256,513,400,362,346,386
gene-OO714_RS14595,551,602,588,433,151,198,95,149,147,147,119,129
gene-OO714_RS14600,1439,1546,1608,1217,478,611,312,639,501,465,349,426
gene-OO714_RS14605,188,186,196,138,124,146,89,148,140,131,137,114
gene-OO714_RS14610,2838,3138,2768,10747,2962,3252,1618,3138,3637,3299,2893,3232
gene-OO714_RS14615,501,507,519,1404,1194,947,478,852,2267,2665,1626,1562
gene-OO714_RS14620,575,605,573,391,324,395,207,368,347,443,241,303
gene-OO714_RS14625,1632,1933,1773,1590,680,895,395,819,620,576,532,699
gene-OO714_RS14630,2130,2368,2205,2046,945,1160,539,1080,832,903,645,847
gene-OO714_RS14635,954,1050,956,844,365,546,224,454,297,336,321,294
gene-OO714_RS14640,1706,1618,1520,1394,1313,1645,736,1494,1048,1054,980,1061
gene-OO714_RS14645,5708,6012,5542,7170,5480,7052,3222,6168,2783,2214,2840,3336
gene-OO714_RS14650,6882,7423,6934,9431,5563,8046,3539,6973,2949,2191,2878,3721
gene-OO714_RS14655,6482,6845,6357,8367,5444,7617,3397,6300,2925,2555,2753,3354
gene-OO714_RS14660,635,616,571,651,550,820,376,679,361,335,271,356
gene-OO714_RS14665,1461,1536,1331,1432,1433,1776,849,1588,829,703,772,830
gene-OO714_RS14670,2437,2601,2365,2701,2346,2927,1374,2462,1235,1076,1107,1310
gene-OO714_RS14675,6017,6203,5788,7046,4078,5445,2581,4888,2191,1799,2106,2622
gene-OO714_RS14680,9984,10425,9366,10203,9888,13705,6627,11491,6430,5998,5063,5943
gene-OO714_RS14685,7735,8283,7417,8685,5838,7902,3805,6981,3802,3131,3331,3922
gene-OO714_RS14690,1980,2050,1788,2193,1800,2461,1186,1996,1202,1051,973,1204
gene-OO714_RS14695,8862,9249,8109,9567,8044,10256,5241,9014,5601,5078,4578,5347
gene-OO714_RS14700,3567,3952,3627,3609,2955,3786,1759,3333,2060,1586,1909,2208
gene-OO714_RS14705,4679,4914,4548,5157,2325,3380,1559,3063,1583,1274,1741,2187
gene-OO714_RS14710,1192,1315,1243,939,464,607,279,543,369,549,322,360
gene-OO714_RS14715,156,180,148,233,392,498,265,410,571,874,270,261
gene-OO714_RS14720,4277,4350,3779,3992,4625,5097,2555,5039,4490,4775,3536,3963
gene-OO714_RS14725,1786,1702,1432,4812,4359,5137,2741,4782,4246,4053,3569,3889
gene-OO714_RS14730,28,28,25,26,6,4,0,6,4,6,3,6
gene-OO714_RS14735,10601,11293,10069,16948,10705,12815,6625,11776,15852,14760,11584,13639
gene-OO714_RS14740,16,28,7,7,12,8,11,16,15,26,17,22
gene-OO714_RS14745,4604,4904,4291,6309,4718,6249,3090,5462,6303,5737,4652,5570
gene-OO714_RS14750,1139,1264,1329,1256,609,790,391,698,743,696,499,590
gene-OO714_RS14755,376,438,403,308,160,173,111,204,116,124,94,107
gene-OO714_RS14760,170,191,243,115,82,96,58,94,116,127,64,73
gene-OO714_RS14765,137,147,122,122,64,72,38,59,84,186,63,75
gene-OO714_RS14770,173,260,218,197,158,192,97,177,136,179,117,134
gene-OO714_RS14775,367,414,415,453,194,304,141,241,176,282,139,146
gene-OO714_RS14780,624,675,563,548,342,448,206,390,314,419,233,266
gene-OO714_RS14785,112,104,95,65,26,33,21,27,42,52,37,21
gene-OO714_RS14790,164,179,148,126,52,29,9,26,23,26,26,43
gene-OO714_RS14795,177,190,196,159,40,25,19,17,27,19,19,18
gene-OO714_RS14800,3600,3546,2939,2106,3303,3927,1838,3418,3617,3347,3155,3430
gene-OO714_RS14805,3021,3304,3078,3867,8058,10507,4987,8686,6143,5547,5236,6123
gene-OO714_RS14810,1595,1771,1720,2117,5139,7250,3424,6768,4782,5337,4025,4964
gene-OO714_RS14815,460,540,460,297,224,212,94,232,269,271,189,195
gene-OO714_RS14820,133,119,137,91,44,62,17,44,47,69,29,61
gene-OO714_RS14825,328,396,327,298,205,230,130,284,223,201,165,176
gene-OO714_RS14830,233,248,250,168,524,864,332,693,231,268,193,226
gene-OO714_RS14835,128,110,128,105,165,260,108,209,74,83,71,80
gene-OO714_RS14840,569,602,591,532,374,515,220,461,400,350,346,353
gene-OO714_RS14845,651,668,661,549,152,186,114,189,156,126,107,169
gene-OO714_RS14850,412,464,469,448,131,142,85,166,125,119,126,120
gene-OO714_RS14855,180,233,182,173,55,74,19,57,75,71,46,45
gene-OO714_RS14860,293,298,304,229,97,116,42,115,96,92,86,128
gene-OO714_RS14865,1341,1567,1486,1178,342,307,174,388,269,312,248,307
gene-OO714_RS14870,556,525,542,410,111,142,54,127,102,119,97,77
gene-OO714_RS14875,563,648,540,686,362,374,205,433,368,367,308,388
gene-OO714_RS14880,789,949,952,716,197,217,97,231,215,209,202,203
gene-OO714_RS14885,2052,2246,2293,1740,731,904,459,836,856,613,662,832
gene-OO714_RS14890,2296,2517,2601,2003,374,512,222,439,448,416,412,440
gene-OO714_RS14915,3490,3692,3306,2719,2195,2522,1282,2469,1867,1558,1587,1790
gene-OO714_RS14920,2526,2569,2326,2166,1353,1610,854,1536,1407,1269,1177,1346
gene-OO714_RS14925,520,594,571,459,154,166,76,198,128,151,128,171
gene-OO714_RS14930,544,551,532,433,199,196,117,235,195,262,193,153
gene-OO714_RS14935,1658,1916,1864,1577,510,532,254,570,577,599,596,725
gene-OO714_RS14940,948,1100,965,828,141,151,86,162,151,152,127,121
gene-OO714_RS14945,5469,5822,5545,4193,1114,1384,651,1450,1014,1054,793,985
gene-OO714_RS14950,681,774,665,529,913,937,593,935,1142,1202,721,733
gene-OO714_RS14955,1759,1880,1754,1435,796,1013,519,944,751,702,638,711
gene-OO714_RS14960,4893,5276,5139,3991,1432,1794,812,1773,1183,1012,1133,1452
gene-OO714_RS14965,191,263,232,188,61,90,44,81,87,107,48,53
gene-OO714_RS14970,1846,1931,1853,1763,1091,1195,655,1177,968,819,970,912
gene-OO714_RS14975,4287,4646,4413,4334,2088,2614,1325,2438,2261,2057,2061,2444
gene-OO714_RS14980,379,392,423,324,131,208,105,210,144,144,136,162
gene-OO714_RS14985,1070,1144,1055,882,475,654,347,678,459,456,407,496
gene-OO714_RS14990,695,707,615,551,487,563,299,555,335,300,284,366
gene-OO714_RS14995,414,501,476,358,376,414,197,385,424,608,349,347
gene-OO714_RS15000,703,707,608,448,316,389,165,331,317,410,266,285
gene-OO714_RS15005,2498,2732,2511,2295,1162,1381,683,1408,1236,1523,925,998
gene-OO714_RS15010,1150,1304,1350,1069,313,403,177,375,317,407,243,298
gene-OO714_RS15015,1256,1448,1313,1063,488,532,275,540,588,602,485,459
gene-OO714_RS15020,973,979,958,751,341,410,175,431,378,339,313,359
gene-OO714_RS15025,385,429,373,240,107,118,72,169,116,111,91,90
gene-OO714_RS15030,2333,2473,2518,2312,600,774,349,759,632,647,593,616
gene-OO714_RS15035,505,491,531,411,61,78,36,71,81,80,45,53
gene-OO714_RS15040,2342,2300,2581,2232,521,766,323,625,453,486,390,523
gene-OO714_RS15045,6381,6669,6362,5599,1799,2235,1140,2168,1753,1627,1592,1805
gene-OO714_RS15050,2672,2874,2886,2474,768,995,492,931,746,689,689,658
gene-OO714_RS15055,6654,6765,6588,5797,2322,3162,1571,3009,1832,1590,1948,2472
gene-OO714_RS15060,1720,1829,1684,1679,801,950,462,958,520,456,647,765
gene-OO714_RS15065,1144,1313,1259,2693,391,442,239,464,516,750,403,410
gene-OO714_RS15070,8516,9055,8710,6705,3157,3223,1616,3148,3800,3739,3090,3323
gene-OO714_RS15100,1204,1345,1274,1139,1842,2195,1123,2116,1430,1636,1114,1335
gene-OO714_RS15105,1188,1221,1115,857,780,1009,505,862,737,936,485,531
gene-OO714_RS15110,1487,1517,1281,957,1327,1363,798,1419,1400,1711,877,891
gene-OO714_RS15115,3859,4019,3932,2829,1284,1516,728,1526,1138,1020,979,1090
gene-OO714_RS15120,1024,1121,1037,893,179,217,112,198,178,224,156,187
gene-OO714_RS15125,910,1076,958,826,398,453,223,399,363,425,255,273
gene-OO714_RS15130,147,158,160,160,69,89,59,78,89,95,54,65
gene-OO714_RS15135,1889,2123,1989,1689,902,1117,561,1082,1030,909,736,850
gene-OO714_RS15140,1274,1372,1212,1191,929,1081,557,1034,890,1006,753,817
gene-OO714_RS15145,973,1020,1043,1098,461,593,259,547,373,375,301,316
gene-OO714_RS15150,2532,2634,2586,2065,1328,1699,789,1663,1137,1158,1026,1207
gene-OO714_RS15155,3865,4198,3897,3560,2022,2581,1207,2328,1983,2193,1609,1822
gene-OO714_RS15160,2337,2548,2295,1906,783,954,429,929,601,518,568,625
gene-OO714_RS15165,1784,1957,1831,1700,904,1314,654,1140,923,841,749,788
gene-OO714_RS15170,1676,1928,1773,1376,654,688,298,654,637,707,530,666
gene-OO714_RS15175,2579,2613,2516,4958,2050,2693,1159,2552,1700,1633,1605,2086
gene-OO714_RS15180,3074,3311,3157,2630,1393,1790,895,1711,1126,1244,1117,1335
gene-OO714_RS15185,1492,1657,1557,1937,1237,1918,800,1634,1310,1304,1022,1105
gene-OO714_RS15190,13034,14121,14024,11711,3637,5129,2309,4733,3418,3374,2825,3419
gene-OO714_RS15195,92,80,98,68,58,65,43,63,71,94,63,36
gene-OO714_RS15200,4560,4679,3938,9138,2128,2920,1359,2324,1774,1242,1499,1911
gene-OO714_RS15205,665,759,596,720,1268,1325,638,1165,1478,1728,971,1090
gene-OO714_RS15210,7902,8498,8227,8061,4261,5286,2595,4908,3840,3535,3245,3818
gene-OO714_RS15215,2950,3114,3014,2426,1194,1556,688,1406,1050,886,881,1040
gene-OO714_RS15220,1198,1426,1477,1169,409,528,211,484,351,488,251,332
gene-OO714_RS15225,180,191,173,130,26,25,15,19,32,60,25,14
gene-OO714_RS15230,478,506,525,377,52,56,29,46,44,50,43,62
gene-OO714_RS15235,7758,7955,7005,9204,7894,10910,5216,8868,7000,4761,6452,7756
gene-OO714_RS15240,1170,1213,1136,1468,1670,2298,1236,1936,1574,1302,1403,1693
gene-OO714_RS15245,34,49,50,42,18,15,7,12,14,18,10,8
gene-OO714_RS15250,943,1113,1067,901,340,420,194,394,289,336,269,300
gene-OO714_RS15255,395,404,453,319,105,129,56,143,111,92,110,128
gene-OO714_RS15260,775,782,718,596,476,701,307,621,470,494,427,483
gene-OO714_RS15265,7512,7663,6695,6404,8563,10966,5176,9558,6774,6063,6123,6702
gene-OO714_RS15270,7254,7661,7089,7370,5381,6980,3353,6147,4560,4700,3797,4276
gene-OO714_RS15275,1292,1437,1421,1376,573,743,339,662,572,648,509,501
gene-OO714_RS15280,1164,1201,1231,860,607,747,382,658,621,566,365,440
gene-OO714_RS15285,497,557,481,326,257,345,191,317,252,395,192,252
gene-OO714_RS15290,2022,2107,1906,1607,1175,1609,731,1383,1181,1330,993,982
gene-OO714_RS15295,1449,1519,1524,1295,689,985,507,896,554,640,458,530
gene-OO714_RS15300,2308,2426,2419,2194,1189,1554,701,1360,811,844,762,904
gene-OO714_RS15305,588,632,751,551,333,433,176,384,283,252,228,295
gene-OO714_RS15310,6045,6442,6027,5616,2674,3644,1820,3622,2433,2392,2221,2697
gene-OO714_RS15315,193,235,198,177,39,57,17,58,28,63,29,53
gene-OO714_RS15320,338,351,411,319,79,100,38,97,89,122,89,80
gene-OO714_RS15325,1150,1262,1264,1129,505,603,306,645,406,449,421,420
gene-OO714_RS15330,13067,13606,12795,10708,4977,5657,2947,5735,4773,5073,3759,4299
gene-OO714_RS15335,4372,4550,4402,3640,1861,2253,1148,2260,1813,1935,1485,1858
gene-OO714_RS15340,1676,1838,1847,1372,616,726,336,655,533,434,496,528
gene-OO714_RS15345,3745,3787,3587,3199,1583,1907,882,1940,1338,1196,1195,1408
gene-OO714_RS15350,1982,2130,1936,1571,1234,1467,790,1392,1148,1374,839,993
gene-OO714_RS15355,1069,1100,1133,970,568,790,309,671,417,480,394,482
gene-OO714_RS15360,608,636,623,574,389,483,268,494,286,313,225,286
gene-OO714_RS15365,898,845,872,1161,1048,1239,692,1114,1226,1219,851,958
gene-OO714_RS15370,1698,1912,1603,1486,2392,2607,1288,2437,3042,4217,1746,2085
gene-OO714_RS15375,919,1067,1117,971,283,300,163,338,270,314,223,259
gene-OO714_RS15380,1616,1817,1722,2629,550,725,334,692,458,318,404,457
gene-OO714_RS15385,221,203,237,299,65,80,36,81,36,32,44,37
gene-OO714_RS15390,2028,2118,1996,2484,554,824,367,782,439,429,454,479
gene-OO714_RS15395,587,659,702,494,195,210,92,206,195,228,135,131
gene-OO714_RS15400,68,76,76,69,7,21,10,23,22,18,16,8
gene-OO714_RS15405,970,956,962,876,249,328,178,312,255,216,203,309
gene-OO714_RS15410,1269,1398,1360,1066,546,777,380,783,570,507,407,569
gene-OO714_RS15415,913,958,959,869,356,410,139,445,285,241,262,285
gene-OO714_RS15420,489,454,422,338,284,292,172,320,287,288,233,175
gene-OO714_RS15425,47,38,56,56,2,3,3,4,14,5,2,6
gene-OO714_RS15430,2162,2213,2129,1919,998,1339,614,1346,728,753,811,878
gene-OO714_RS15435,251,339,292,246,230,225,118,239,225,210,212,199
gene-OO714_RS15440,4099,4424,4086,4736,4375,5141,2588,4951,5492,4839,4510,5207
gene-OO714_RS15445,1209,1245,1275,992,376,500,230,480,366,382,326,455
gene-OO714_RS15450,1134,1323,1158,1204,679,896,434,754,740,828,612,746
gene-OO714_RS15455,705,690,707,572,211,263,106,232,184,230,151,155
gene-OO714_RS15460,3486,3529,3086,2676,1692,1882,981,1845,1388,1287,1369,1544
gene-OO714_RS15465,747,739,681,434,93,112,59,87,107,112,111,87
gene-OO714_RS15470,102,106,105,88,22,32,7,24,30,39,11,16
gene-OO714_RS15475,138,173,143,94,19,27,10,17,16,23,12,14
gene-OO714_RS15480,2920,3209,3107,2323,669,771,398,743,918,1012,691,693
gene-OO714_RS15485,5197,5439,5040,7831,3575,4688,2345,4075,2925,2661,2032,2458
gene-OO714_RS15490,1034,1054,996,1177,551,650,346,574,462,560,314,322
gene-OO714_RS15495,10545,11540,10558,9867,5552,6811,3525,6396,5010,5192,4035,4631
gene-OO714_RS15500,91,122,74,67,99,74,32,102,63,124,51,56
gene-OO714_RS15505,4322,4369,4172,4638,4210,5121,2746,4671,3818,3822,2636,3134
gene-OO714_RS15510,1029,1172,1080,1116,1199,1395,690,1280,1007,1043,887,1131
gene-OO714_RS15515,1605,1625,1755,1444,686,906,444,940,680,781,467,554
gene-OO714_RS15520,3845,4092,3711,3173,9922,14283,6612,13236,11628,13444,9347,11017
gene-OO714_RS15525,5064,5265,5422,4394,15320,18902,9137,17776,14803,12579,13825,16303
gene-OO714_RS15530,1933,2133,2122,1697,7091,8463,4037,7994,6479,5903,5460,6540
gene-OO714_RS15535,569,565,510,1205,701,988,493,862,668,705,513,628
gene-OO714_RS15540,3980,3881,3318,4532,2123,2504,1175,2344,1791,1404,2064,1970
gene-OO714_RS15545,1360,1354,1086,982,631,831,407,818,543,538,493,477
gene-OO714_RS15550,568,656,595,623,337,499,274,460,323,321,254,324
gene-OO714_RS15555,16822,16709,14484,9881,4743,6352,2782,5859,4330,3497,4268,4793
gene-OO714_RS15560,2732,2937,2706,2316,1077,1593,743,1432,945,953,958,1061
gene-OO714_RS15565,2798,2844,2723,2101,1279,2234,1041,1801,1536,1895,947,998
gene-OO714_RS15570,619,688,702,480,141,167,72,150,184,186,107,159
gene-OO714_RS15575,8244,8971,8433,6856,1863,2417,1112,2293,1652,1593,1574,1914
gene-OO714_RS15580,5816,5888,5567,5426,3267,4217,2118,3853,2917,2596,2705,3132
gene-OO714_RS15585,3602,3837,3723,3395,1046,1346,644,1347,801,797,890,928
gene-OO714_RS15590,6556,6754,6651,6166,2674,3288,1610,3193,2259,2002,2356,2526
gene-OO714_RS15595,3977,4351,4062,3632,2217,2827,1450,2701,1922,1787,1774,2009
gene-OO714_RS15600,1372,1495,1329,1153,1118,1436,673,1357,1158,1262,809,894
gene-OO714_RS15605,3341,3669,3542,2900,1339,1676,844,1541,1103,1292,1106,1243
gene-OO714_RS15610,9721,9918,8663,6740,4850,5461,2796,5199,4703,4674,3855,4182
gene-OO714_RS15615,1803,1559,1386,2684,3857,4842,2606,4257,2847,2886,2519,2520
gene-OO714_RS15620,879,804,715,1114,870,1035,493,844,502,456,546,617
gene-OO714_RS15625,197,190,208,156,81,99,52,99,77,99,40,66
gene-OO714_RS15630,356,392,352,273,161,217,110,170,210,240,127,160
gene-OO714_RS15635,3833,4085,3640,4704,7528,9552,4266,8782,8388,7633,7425,8603
gene-OO714_RS15640,557,606,623,716,743,957,429,850,739,761,627,769
gene-OO714_RS15645,557,680,587,523,162,189,91,204,149,207,129,146
gene-OO714_RS15650,1802,1963,1766,1464,565,669,336,704,616,623,487,531
gene-OO714_RS15655,4194,4521,3913,4268,3016,3760,1877,3588,3038,2786,2607,3056
gene-OO714_RS15660,3877,4069,3986,4073,1687,2066,952,2075,1408,1140,1231,1501
gene-OO714_RS15665,1691,1693,1677,1761,1242,1450,696,1395,826,869,816,871
gene-OO714_RS15670,2402,2383,2370,2619,1814,2458,1129,2290,1225,1066,1098,1274
gene-OO714_RS15675,1971,2041,2011,2030,2388,3030,1444,2937,1772,1276,1740,2218
gene-OO714_RS15680,4957,5130,4661,5112,7847,9411,4531,9471,5660,4331,5476,6799
gene-OO714_RS15685,1128,1187,1103,2120,637,944,409,811,659,650,560,720
gene-OO714_RS15690,1053,1156,1120,1500,948,1072,588,1052,1169,1118,859,997
gene-OO714_RS15695,6856,7385,6564,5564,4447,5763,2863,5279,3165,2956,2571,2994
gene-OO714_RS15700,364,409,367,302,337,500,224,435,405,578,299,322
gene-OO714_RS15705,1702,1845,1746,1318,781,713,365,862,806,934,655,715
gene-OO714_RS15710,31912,33985,30212,23193,11094,13758,6481,13074,11839,11066,10503,11607
gene-OO714_RS15715,3915,4242,3679,5065,2920,3632,1804,3559,2518,2545,2355,2624
gene-OO714_RS15720,7091,7233,6148,6095,5362,7207,3413,6171,4770,4583,3804,4433
gene-OO714_RS15725,2820,3198,2873,5493,1635,1608,850,1589,2119,2472,1751,1967
gene-OO714_RS15730,841,929,784,698,308,441,193,395,253,303,206,244
gene-OO714_RS15735,6687,7220,6510,5604,7209,9266,4547,8852,7133,7252,5007,5905
gene-OO714_RS15740,2480,2542,2587,2405,1076,1521,705,1411,930,863,790,975
gene-OO714_RS15745,2090,2228,2063,2017,2418,2653,1339,2611,2364,2375,1855,1923
gene-OO714_RS15750,4800,5097,4451,6273,3581,4443,2248,4270,2990,3015,2522,2961
gene-OO714_RS15755,937,972,950,880,281,435,197,384,256,297,240,302
gene-OO714_RS15760,841,939,875,693,252,339,116,281,252,282,205,222
gene-OO714_RS15765,115,126,115,94,19,10,6,28,22,12,15,19
gene-OO714_RS15770,121,130,133,93,42,51,18,38,49,33,40,23
gene-OO714_RS15775,294,267,274,234,66,75,26,88,78,79,50,62
gene-OO714_RS15780,1024,1112,1020,841,492,555,280,564,495,528,358,452
gene-OO714_RS15785,659,662,560,481,288,279,151,332,291,329,225,298
gene-OO714_RS15790,1049,1127,1080,852,390,425,230,463,316,269,270,292
gene-OO714_RS15795,342,288,257,218,131,146,76,130,145,147,63,78
gene-OO714_RS15800,30,17,28,10,7,8,1,5,4,14,3,8
gene-OO714_RS15805,299,356,348,276,122,140,73,179,131,133,107,91
gene-OO714_RS15810,157,168,202,116,27,41,14,53,35,32,22,35
gene-OO714_RS15815,46,60,48,47,7,22,14,16,14,27,7,22
gene-OO714_RS15820,79,73,105,176,91,102,60,58,56,59,34,71
gene-OO714_RS15825,340,390,331,273,133,152,80,170,148,152,111,133
gene-OO714_RS15830,23,23,13,26,6,12,5,14,3,1,2,3
gene-OO714_RS15835,396,413,426,291,118,148,55,145,114,98,62,103
gene-OO714_RS15840,888,881,860,528,374,408,200,360,400,480,325,317
gene-OO714_RS15845,1824,2032,1862,1762,1488,1972,1036,1847,1337,1234,1131,1312
gene-OO714_RS15850,279,250,293,255,110,115,69,163,76,127,92,78
gene-OO714_RS15855,362,440,403,300,189,188,87,227,131,183,119,152
gene-OO714_RS15860,864,951,926,895,601,888,383,742,646,588,478,530
gene-OO714_RS15865,673,768,772,748,269,385,181,379,207,226,130,241
gene-OO714_RS15870,1148,1208,1230,979,516,675,326,647,553,584,379,424
gene-OO714_RS15875,1499,1610,1370,1318,1412,1595,801,1563,1321,1614,1114,1129
gene-OO714_RS15880,658,730,585,1013,922,962,597,879,1462,1793,1125,1162
gene-OO714_RS15885,2055,2119,1686,5189,3778,3462,2043,3481,5718,5281,4712,5226
gene-OO714_RS15890,1342,1494,1355,2394,1686,1987,937,2136,3045,3550,2364,2906
gene-OO714_RS15895,2031,2215,1991,1586,706,953,443,977,615,673,488,578
gene-OO714_RS15900,613,650,614,583,446,513,234,478,409,343,297,351
gene-OO714_RS15905,1811,1961,1735,2187,939,1147,576,1151,1412,1385,1115,1155
gene-OO714_RS15910,4915,4868,4384,4678,5153,7490,3472,6048,3923,4149,3352,3867
gene-OO714_RS15915,191,179,172,172,144,206,115,143,163,159,97,147
gene-OO714_RS15920,2275,2500,2551,2660,1998,2622,1319,2437,1964,1842,1806,2174
gene-OO714_RS15925,5835,5595,4180,3679,5911,5144,2821,5417,7376,7982,6401,6292
gene-OO714_RS15930,1429,1379,1225,1356,1798,2045,1051,1905,1979,2503,1465,1540
gene-OO714_RS15935,490,546,485,326,278,306,138,303,178,165,208,250
gene-OO714_RS15940,330,363,325,243,160,215,74,162,113,95,135,130
gene-OO714_RS15945,2052,2241,2089,1566,1000,1165,595,1137,1054,1154,960,980
gene-OO714_RS15950,816,839,774,927,1456,1507,706,1445,1810,1616,1687,1787
gene-OO714_RS15955,1459,1566,1682,1285,185,190,108,228,169,177,138,164
gene-OO714_RS15960,13835,14331,13410,10932,7121,8808,4420,8451,6099,5883,5054,5737
gene-OO714_RS15965,1978,2056,1846,1496,2042,2104,1007,2216,1863,1625,1469,1615
gene-OO714_RS15970,275,264,288,195,208,255,117,199,204,265,145,172
gene-OO714_RS15975,762,738,693,933,498,518,263,512,439,478,382,389
gene-OO714_RS15980,76,104,96,66,61,86,37,66,71,116,44,34
gene-OO714_RS15985,2121,2294,2118,2124,1213,1406,654,1320,1049,1020,914,994
gene-OO714_RS15990,695,816,720,637,407,461,210,401,275,304,263,316
gene-OO714_RS15995,1325,1452,1516,1270,619,871,393,727,509,499,481,548
gene-OO714_RS16000,1360,1478,1445,1155,494,657,347,629,542,576,387,541
gene-OO714_RS16005,3634,3670,3375,3670,1963,2282,1176,2080,1386,1315,1376,1465
gene-OO714_RS16010,1151,1204,1049,954,841,840,461,885,931,1164,700,751
gene-OO714_RS16015,7601,7839,6916,6042,4278,5313,2690,5008,4613,4004,3931,4623
gene-OO714_RS16020,1576,1588,1603,1247,359,338,181,339,353,350,266,325
gene-OO714_RS16025,1884,2084,2086,1645,276,322,126,333,253,223,174,231
gene-OO714_RS16030,1869,1987,2062,1660,593,869,377,791,596,642,508,600
gene-OO714_RS16035,3795,4163,3870,3125,1390,1652,832,1628,1190,982,1161,1260
gene-OO714_RS16040,4977,5272,4559,4140,3889,3915,2014,4070,3195,2728,3001,3225
gene-OO714_RS16045,2235,1994,1819,1157,1501,1679,1000,1548,1371,1412,1161,1106
gene-OO714_RS16050,960,976,848,783,328,394,170,384,408,392,322,326
gene-OO714_RS16055,192,212,223,161,24,46,18,25,46,65,33,28
gene-OO714_RS16060,4738,5025,4345,4155,1720,2041,928,1919,1556,1224,1317,1537
gene-OO714_RS16065,1862,2030,1833,1952,1194,1403,667,1229,1144,1164,1006,1124
gene-OO714_RS16070,646,632,656,519,164,192,131,226,215,196,121,164
gene-OO714_RS16075,3326,3485,3459,2918,794,799,445,849,698,588,672,701
gene-OO714_RS16080,398,395,452,746,132,111,57,78,225,271,185,170
gene-OO714_RS16085,1789,2020,1810,1532,581,604,297,663,707,840,539,635
gene-OO714_RS16090,178,224,204,118,40,48,34,54,102,150,52,64
gene-OO714_RS16095,706,786,693,526,279,332,170,342,287,323,255,239
gene-OO714_RS16100,644,723,677,628,313,382,205,395,357,397,290,302
gene-OO714_RS16105,976,1080,972,918,1284,1510,792,1408,1571,1730,1381,1441
gene-OO714_RS16110,4910,5037,4526,4441,2732,3182,1669,3080,3085,2681,2599,2656
gene-OO714_RS16115,2369,2521,2475,2915,1654,1998,930,1815,1610,1323,1376,1699
gene-OO714_RS16120,963,1056,939,822,567,777,357,629,507,484,453,494
gene-OO714_RS16125,487,526,481,402,555,604,366,582,552,666,275,342
gene-OO714_RS16130,1082,1201,1191,926,309,384,149,363,276,302,206,251
gene-OO714_RS16135,598,630,617,605,153,151,50,155,113,108,122,130
gene-OO714_RS16140,582,601,575,463,94,135,41,111,82,88,60,95
gene-OO714_RS16145,1619,1698,1647,1327,603,667,351,651,539,533,597,560
gene-OO714_RS16150,1743,1770,1597,1302,843,1077,461,919,721,813,637,708
gene-OO714_RS16155,8200,8673,8430,7318,5607,7317,3672,6721,6256,6399,4435,5055
gene-OO714_RS16160,802,909,803,762,1175,1643,759,1526,1090,1180,832,1018
gene-OO714_RS16175,645,684,716,452,116,113,79,120,94,112,81,93
gene-OO714_RS16180,562,578,596,444,83,128,60,96,78,104,58,96
gene-OO714_RS16185,1760,1853,1567,1335,1324,1660,838,1565,1243,1398,960,1055
gene-OO714_RS16190,193,187,164,124,124,122,52,109,136,96,102,121
gene-OO714_RS16195,1049,1111,1053,1097,630,916,479,800,645,561,607,718
gene-OO714_RS16200,500,554,547,412,109,142,50,145,64,64,91,106
gene-OO714_RS16205,448,515,475,389,179,185,88,182,187,144,102,118
gene-OO714_RS16210,910,845,831,759,1226,1572,684,1344,1472,1511,1201,1357
gene-OO714_RS16215,25,27,26,51,101,130,53,124,28,63,27,16
gene-OO714_RS16220,340,295,331,293,245,368,165,313,213,211,158,155
gene-OO714_RS16225,1646,1732,1587,1106,388,540,212,539,288,260,304,382
gene-OO714_RS16230,769,699,727,827,462,592,270,551,425,419,390,448
gene-OO714_RS16235,1113,1204,1224,872,365,433,190,468,294,234,245,326
gene-OO714_RS16240,462,511,440,383,129,158,85,174,107,98,104,112
gene-OO714_RS16245,66,51,51,44,63,89,50,92,53,90,52,50
gene-OO714_RS16250,1733,1712,1633,1383,815,1072,506,885,727,641,626,693
gene-OO714_RS16255,1057,1121,1129,1004,460,564,284,548,430,479,328,388
gene-OO714_RS16260,1157,1371,1332,1029,262,289,201,309,269,268,220,261
gene-OO714_RS16265,1391,1395,1272,1079,975,1021,606,1045,1122,1127,823,920
gene-OO714_RS16270,560,557,536,499,378,503,287,469,458,497,271,319
gene-OO714_RS16275,6813,7113,6617,5921,5256,7127,3406,6684,4099,4164,3413,4221
gene-OO714_RS16280,706,664,476,346,368,338,226,387,355,289,435,350
gene-OO714_RS16285,1274,1472,1365,1365,1187,1419,663,1376,1169,1158,986,1075
gene-OO714_RS16290,3312,3684,3488,3088,1815,2363,1167,2170,1699,1592,1443,1635
gene-OO714_RS16295,1302,1301,1235,903,186,240,120,242,88,104,63,89
gene-OO714_RS16300,3078,3028,2428,1376,3161,2702,1618,2710,1291,1211,1098,949
gene-OO714_RS16305,534,566,529,511,346,440,189,402,380,466,292,350
gene-OO714_RS16310,1833,1957,1833,1428,575,762,404,690,516,487,502,555
gene-OO714_RS16315,1079,1199,1130,943,731,861,429,838,653,779,501,559
gene-OO714_RS16320,1407,1641,1559,1310,842,1082,551,1036,713,743,613,756
gene-OO714_RS16325,10465,10675,9640,7033,5465,7140,3439,6797,5130,4806,4326,4955
gene-OO714_RS16330,649,672,766,641,148,127,61,120,105,168,95,106
gene-OO714_RS16335,926,1003,1039,921,804,749,411,759,944,1214,657,768
gene-OO714_RS16340,344,351,337,599,415,557,271,573,554,516,417,404
gene-OO714_RS16345,1241,1303,1195,980,523,648,299,621,540,557,536,499
gene-OO714_RS16350,11442,11888,11623,11305,6265,8688,3993,7298,5421,5034,4774,5419
gene-OO714_RS16355,5107,5179,4462,7462,11724,14009,7396,11676,14862,13895,10581,11420
gene-OO714_RS16360,621,653,709,527,462,433,235,436,453,492,337,397
gene-OO714_RS16365,2229,2479,2527,2132,932,1229,629,1050,876,826,710,870
gene-OO714_RS16370,4103,4450,4321,3671,1764,2097,1034,2110,1697,1722,1267,1532
gene-OO714_RS16375,4875,5163,5155,4215,1847,2012,1047,2023,1687,1685,1341,1516
gene-OO714_RS16380,435,442,471,534,531,728,368,611,782,945,485,520
gene-OO714_RS16385,985,967,1038,1065,545,708,330,660,550,516,474,565
gene-OO714_RS16390,338,389,352,353,282,357,222,316,300,315,244,257
gene-OO714_RS16395,2042,2316,2144,2174,1750,2536,1195,2287,1784,1672,1360,1677
gene-OO714_RS16400,928,1009,901,894,621,762,349,657,514,610,385,510
gene-OO714_RS16405,2011,2018,1925,1934,1844,2254,1168,2147,1865,1914,1294,1512
gene-OO714_RS16410,670,765,755,581,235,271,133,278,169,185,154,176
gene-OO714_RS16415,1092,1161,1204,971,618,812,382,795,710,845,555,601
gene-OO714_RS16420,1873,1927,2075,1641,1169,1555,747,1472,1016,1067,816,1007
gene-OO714_RS16425,2029,2350,2334,1962,1018,1268,611,1186,1062,1071,862,911
gene-OO714_RS16430,4747,5353,5025,6750,3370,4288,2165,3885,3011,2964,2721,3089
gene-OO714_RS16435,498,543,513,718,497,681,311,596,381,313,324,434
gene-OO714_RS16440,2162,2314,2364,2987,1958,2545,1210,2265,1618,1660,1377,1609
gene-OO714_RS16445,282,341,284,408,313,413,172,353,269,297,215,207
gene-OO714_RS16450,109,87,93,109,100,132,93,135,87,112,77,78
gene-OO714_RS16455,452,436,451,468,238,306,137,251,170,194,145,176
gene-OO714_RS16460,1994,2181,1945,1413,1940,2200,1242,1865,1366,940,1288,1272
gene-OO714_RS16465,23174,24111,23776,20709,15242,20080,9681,17164,10668,9701,8768,9804
gene-OO714_RS16470,10163,10912,10923,8905,4649,6160,2837,5264,3150,2899,2616,3123
gene-OO714_RS16475,3578,3865,3729,2928,1051,1869,823,1564,683,586,625,796
gene-OO714_RS16490,1347,1471,1193,854,1254,1283,794,1261,1264,1104,926,976
gene-OO714_RS16495,2385,2724,2468,1930,1609,2089,1022,2078,1200,1203,1113,1333
gene-OO714_RS16500,891,987,944,717,363,449,219,485,325,436,256,305
gene-OO714_RS16505,681,729,705,565,170,185,113,181,136,150,85,129
gene-OO714_RS16510,729,860,829,668,258,293,165,241,204,226,136,192
gene-OO714_RS16515,915,922,1047,762,247,321,161,330,324,244,238,303
gene-OO714_RS16520,1638,1739,1754,1416,635,847,379,768,496,429,518,644
gene-OO714_RS16525,2197,2478,2209,1802,838,1146,506,1065,661,621,670,842
gene-OO714_RS16530,627,636,532,638,571,587,334,556,348,487,277,334
gene-OO714_RS16535,998,1060,1045,848,454,579,262,535,355,454,363,368
gene-OO714_RS16540,1465,1599,1381,1329,869,1135,555,1115,822,857,640,690
gene-OO714_RS16545,2930,3217,2762,2381,3119,3845,1964,3705,2791,2667,2162,2821
gene-OO714_RS16550,2231,2074,2129,1500,1190,1491,717,1527,1086,948,995,1181
gene-OO714_RS16555,947,989,1020,807,275,311,190,337,232,224,201,251
gene-OO714_RS16560,76,59,73,65,21,36,7,25,13,15,9,17
gene-OO714_RS16565,2228,2371,2405,1808,554,667,365,679,447,438,373,414
gene-OO714_RS16570,1028,1103,1039,868,523,667,315,597,516,547,398,412
gene-OO714_RS16575,142,154,128,78,55,101,38,71,87,102,42,49
gene-OO714_RS16580,349,417,376,309,226,210,113,207,238,199,152,179
gene-OO714_RS16585,2329,2485,2270,1725,1553,1674,949,1727,1440,1350,1378,1412
gene-OO714_RS16590,2925,3293,3326,2376,543,604,318,667,524,505,486,534
gene-OO714_RS16595,12940,13591,12761,9620,3609,4078,2044,4385,4186,4016,3535,3913
gene-OO714_RS16600,291,383,387,285,111,162,64,150,110,133,101,84
gene-OO714_RS16605,123,153,146,93,39,42,37,63,51,101,35,47
gene-OO714_RS16610,2063,2068,1886,2191,1186,1531,798,1495,1095,1277,987,1014
gene-OO714_RS16615,10643,11588,10489,14140,10356,15190,6990,13005,8333,7753,6475,7848
gene-OO714_RS16620,2421,2765,2384,3329,3306,4411,2077,3727,2468,2223,1884,2332
gene-OO714_RS16625,249,216,237,183,109,94,55,128,125,164,65,82
gene-OO714_RS16630,372,435,406,490,75,90,58,127,118,118,77,124
gene-OO714_RS16635,155,166,162,98,123,153,63,125,144,129,104,92
gene-OO714_RS16640,729,853,784,608,365,353,185,463,384,372,349,402
gene-OO714_RS16645,1943,2098,1846,1741,1407,2099,935,2112,1333,1513,1298,1752
gene-OO714_RS16650,669,659,654,746,912,1161,536,1070,1069,1267,796,838
gene-OO714_RS16655,255,267,252,161,82,81,40,62,70,86,61,60
gene-OO714_RS16660,7470,7861,7371,6475,2796,3299,1554,3358,2907,3584,2318,2737
gene-OO714_RS16665,360,358,350,294,350,482,235,369,408,549,312,279
gene-OO714_RS16670,4661,5061,3776,2914,11152,13439,6770,12854,4514,5808,3831,3614
gene-OO714_RS16675,1334,1389,1397,1317,665,926,462,888,443,420,414,603
gene-OO714_RS16680,422,559,485,532,679,813,410,777,631,717,521,589
gene-OO714_RS16685,203,258,208,126,285,362,165,361,310,370,267,295
gene-OO714_RS16690,166,182,128,424,2095,1995,1017,2093,3792,5263,2583,3235
gene-OO714_RS16695,276,281,291,384,7166,8057,3802,8557,7642,9312,8361,11140
gene-OO714_RS16700,48393,49942,45378,52377,40606,52721,26188,46063,37118,32862,28970,33899
gene-OO714_RS16705,38396,40689,37732,41125,23620,30892,15270,26978,22657,20964,18123,20593
gene-OO714_RS16710,2237,2340,1935,1907,3331,4280,2307,3355,2151,2894,1563,1615
gene-OO714_RS16715,8701,9270,8431,8103,11958,15574,7979,12486,7452,7979,5323,5779
gene-OO714_RS16720,21558,22563,21167,20777,13817,18959,8921,15319,9710,7314,8879,9989
gene-OO714_RS16725,7017,7384,7191,6919,5804,8659,4361,6775,4491,4718,3462,4073
gene-OO714_RS16730,15197,16324,15006,11625,3804,5210,2484,4557,3629,3535,3472,3622
gene-OO714_RS16735,11905,12170,12158,10034,3790,4543,2421,4659,2807,2860,2794,3302
gene-OO714_RS16745,10063,10303,9904,10598,4256,5336,2598,4590,3493,2871,2625,2959
gene-OO714_RS16770,6258,6941,6345,5451,2152,2468,1214,2399,1778,1808,1555,1796
gene-OO714_RS16775,1954,1956,2032,1469,505,633,297,638,466,457,460,466
gene-OO714_RS16780,1784,1954,1772,1667,1386,1578,786,1460,1279,1264,975,1077
gene-OO714_RS16785,4084,4500,4500,3631,1336,1791,809,1681,1219,1353,1015,1219
gene-OO714_RS16790,1672,1765,1584,1378,693,748,406,762,666,647,555,572
gene-OO714_RS16795,2214,2524,2373,1797,643,664,355,696,563,621,466,647
gene-OO714_RS16800,1952,2187,1750,2617,2011,2452,1125,2255,2064,2632,1385,1457
gene-OO714_RS16805,570,601,516,388,186,214,107,188,205,239,202,243
gene-OO714_RS16810,1590,1687,1780,1440,626,849,392,900,548,480,493,651
gene-OO714_RS16815,1435,1498,1490,1390,571,767,396,799,429,476,465,486
gene-OO714_RS16820,1327,1458,1575,1122,432,470,243,527,316,350,325,355
gene-OO714_RS16825,2441,2640,2579,2267,1325,1669,851,1608,1034,973,986,1211
gene-OO714_RS16830,2596,2804,2536,2072,1494,1642,773,1694,1281,1036,1205,1354
gene-OO714_RS16835,513,566,603,407,314,299,175,323,354,502,238,249
gene-OO714_RS16840,1662,1806,1790,1914,1108,1663,689,1573,1023,948,781,1003
gene-OO714_RS16845,166,157,159,140,130,162,84,168,139,161,98,80
gene-OO714_RS16850,1164,1161,1035,869,559,715,353,758,544,508,493,539
gene-OO714_RS16855,744,732,784,569,436,511,292,494,437,501,351,398
gene-OO714_RS16860,323,391,367,321,138,180,92,200,128,176,124,160
gene-OO714_RS16865,182,206,210,258,81,84,59,102,57,68,56,54
gene-OO714_RS16870,510,431,455,353,154,153,86,174,166,189,89,107
gene-OO714_RS16875,2779,3004,2875,11143,936,1347,626,1130,1181,1251,785,1074
gene-OO714_RS16880,1012,1100,960,869,667,771,404,729,615,585,426,464
gene-OO714_RS16885,1257,1263,1193,956,489,584,291,617,424,468,330,413
gene-OO714_RS16890,2222,2170,1866,1830,1915,2547,1358,2417,2059,2372,1430,1481
gene-OO714_RS16895,1157,1252,1290,1023,405,669,291,609,394,421,357,455
gene-OO714_RS16900,4912,5090,4854,4655,2403,2754,1391,2805,1674,1200,1804,2289
gene-OO714_RS16905,1245,1338,1224,1092,700,762,410,751,649,638,583,596
gene-OO714_RS16910,893,999,904,1282,560,441,260,460,682,860,686,658
gene-OO714_RS16915,12553,13384,12337,16494,6704,6577,3526,7065,10975,9467,10270,11465
gene-OO714_RS16920,1601,1819,1309,1591,1557,1256,779,1425,3460,2640,3305,3498
gene-OO714_RS16925,688,708,762,551,238,269,183,320,287,338,228,273
gene-OO714_RS16930,976,1075,1001,1054,741,1216,546,1013,692,807,705,870
gene-OO714_RS16935,3446,3792,3262,3884,2352,3010,1431,2837,2445,2542,1923,2221
gene-OO714_RS16940,6232,6410,5569,6228,3916,5116,2545,4710,3223,3027,2867,3270
gene-OO714_RS16945,3050,3191,2789,3621,5773,7260,3741,6717,5849,6221,4508,5071
gene-OO714_RS16950,2121,2432,2059,2149,2511,2880,1387,2648,2166,2635,1743,1907
gene-OO714_RS16955,1583,1676,1705,1376,394,444,222,539,303,410,221,267
gene-OO714_RS16960,4098,4340,4292,3125,621,727,360,825,556,547,424,511
gene-OO714_RS16965,1660,1737,1756,1317,600,767,346,707,739,704,543,582
gene-OO714_RS16970,5723,6043,5631,5357,3091,3776,1770,3526,3162,2746,2649,3065
gene-OO714_RS16975,2160,2308,2352,2330,1127,1454,619,1268,895,796,917,1083
gene-OO714_RS16980,2565,2754,2710,2851,1652,2469,992,2179,1598,1481,1542,1855
gene-OO714_RS16985,2301,2581,2189,3049,2251,2875,1386,2833,1975,1867,1681,1934
gene-OO714_RS16990,245,291,250,234,119,185,112,166,125,143,92,146
gene-OO714_RS16995,894,956,1002,963,653,794,374,765,792,835,595,708
gene-OO714_RS17000,444,405,423,357,101,123,46,133,136,178,107,128
gene-OO714_RS17005,5304,5614,5237,4657,2416,2742,1378,2729,2100,1975,1918,2328
gene-OO714_RS17010,8843,10058,9218,7762,3581,4623,2209,4514,3337,3291,2980,3624
gene-OO714_RS17015,4466,4783,4578,3597,2008,2485,1280,2560,1980,1720,1702,1928
gene-OO714_RS17020,2113,2311,2180,1920,1227,1562,804,1534,1281,1073,1135,1388
gene-OO714_RS17025,4597,5041,4571,4857,2193,2852,1297,2941,2081,1552,1967,2599
gene-OO714_RS17030,783,838,744,1644,1163,1257,645,1132,1113,1462,946,990
gene-OO714_RS17035,170,158,159,131,107,132,55,115,127,198,96,78
gene-OO714_RS17040,1068,1158,1130,904,461,566,267,576,458,414,356,417
gene-OO714_RS17045,734,810,786,613,218,305,145,276,241,196,211,242
gene-OO714_RS17050,168,172,182,123,29,42,19,33,39,37,34,36
gene-OO714_RS17055,284,329,301,212,115,114,53,125,104,123,89,91
gene-OO714_RS17060,782,835,808,1110,198,279,122,266,220,196,130,153
gene-OO714_RS17065,2874,3039,2644,3051,2251,2873,1442,2407,2054,2245,1398,1694
gene-OO714_RS17070,1621,1655,1483,2604,2336,2941,1486,2544,1762,2181,1415,1624
gene-OO714_RS17075,601,525,484,496,487,622,297,614,377,391,319,325
gene-OO714_RS17080,283,304,267,196,129,135,102,148,124,122,86,83
gene-OO714_RS17085,4150,4400,3846,5013,1828,2455,1144,2141,1610,1761,1397,1564
gene-OO714_RS17090,3964,4200,3927,3421,1850,2145,1133,2183,1992,2013,1667,1941
gene-OO714_RS17095,2512,2577,2627,2122,1137,1262,641,1168,960,710,850,910
gene-OO714_RS17100,1329,1359,1420,1088,473,555,238,539,393,260,415,422
gene-OO714_RS17105,417,535,533,399,139,195,114,198,125,160,104,146
gene-OO714_RS17110,6985,7214,6484,6327,5630,7374,3409,6681,5060,4192,4883,5382
gene-OO714_RS17115,620,706,546,482,1742,2229,1045,2246,2143,2006,1787,2333
gene-OO714_RS17120,1410,1549,1448,1398,696,920,425,900,717,685,624,741
gene-OO714_RS17125,419,530,447,337,165,167,108,187,141,168,115,140
gene-OO714_RS17130,1389,1535,1504,1292,463,560,298,514,415,425,330,357
gene-OO714_RS17135,373,380,383,298,102,108,47,102,91,151,62,56
gene-OO714_RS17140,1432,1577,1446,1256,657,809,416,790,540,647,504,591
gene-OO714_RS17145,1229,1372,1210,958,751,751,421,815,649,826,460,458
gene-OO714_RS17150,6225,6741,6727,5200,1324,1797,860,1789,1287,1285,1073,1306
gene-OO714_RS17155,1183,1203,1084,961,355,383,183,408,334,392,297,325
gene-OO714_RS17160,357,450,411,344,137,154,99,159,121,123,100,93
gene-OO714_RS17165,310,375,394,280,131,148,78,139,142,156,100,94
gene-OO714_RS17170,365,357,373,304,61,52,42,60,65,100,54,54
gene-OO714_RS17175,841,889,1031,764,359,553,261,564,321,402,289,379
gene-OO714_RS17180,4669,5195,4904,5130,1189,1404,694,1386,959,1061,906,940
gene-OO714_RS17185,1194,1296,1282,962,161,153,102,160,154,144,142,127
gene-OO714_RS17215,233,173,179,138,80,123,60,97,138,167,75,77
gene-OO714_RS17220,586,622,559,696,140,174,90,205,166,172,137,180
gene-OO714_RS17225,215,250,245,564,81,91,41,81,64,53,61,88
gene-OO714_RS17230,2234,2276,2282,9202,513,617,314,647,462,442,381,467
gene-OO714_RS17235,1744,1872,1863,5029,668,846,407,850,668,611,639,710
gene-OO714_RS17240,2034,2150,1900,2485,1343,1702,841,1602,1401,1420,1076,1200
gene-OO714_RS17245,1971,2099,1975,1428,705,725,368,782,502,580,460,510
gene-OO714_RS17250,382,424,400,258,116,127,66,118,93,98,64,83
gene-OO714_RS17255,203,214,228,198,183,204,105,245,149,235,114,117
gene-OO714_RS17260,1537,1720,1700,1312,470,510,306,553,490,587,369,441
gene-OO714_RS17265,1132,1247,1159,846,420,562,256,491,579,556,405,479
gene-OO714_RS17270,4970,5158,5137,4170,1135,1330,643,1372,1256,1120,1060,1378
gene-OO714_RS17275,450,476,485,330,117,190,78,169,148,200,95,94
gene-OO714_RS17280,426,494,490,1139,432,555,282,489,385,480,260,318
gene-OO714_RS17285,715,810,729,427,3235,4062,2092,3885,5093,7244,3999,3702
gene-OO714_RS17290,9748,9739,8366,11936,13079,15820,7784,13545,7577,6608,7191,8513
gene-OO714_RS17295,29222,29785,25782,41119,45439,58662,29670,50917,27761,23477,21263,25185
gene-OO714_RS17300,14400,15496,13681,24993,17397,22698,11580,19509,10911,10297,8797,10743
gene-OO714_RS17305,20534,21545,19194,37971,28185,36873,18314,30870,19021,16917,14489,17047
gene-OO714_RS17310,4943,5229,4845,10041,5536,8223,3880,6396,3553,3309,2933,3614
gene-OO714_RS17315,3094,3395,2914,6046,5053,7625,3650,6120,3611,3147,2682,3396
gene-OO714_RS17320,7740,8367,8117,17798,5412,8404,3428,6828,2943,2121,3330,4584
gene-OO714_RS17325,17474,17228,16739,27349,15575,18886,9643,17223,8666,8262,8124,9281
gene-OO714_RS17330,3936,3877,3581,2730,1651,2133,1091,1867,1366,1184,1335,1329
gene-OO714_RS17335,773,802,799,713,451,563,226,537,330,359,292,284
gene-OO714_RS17340,871,1000,926,736,927,1131,574,1064,763,892,578,732
gene-OO714_RS17345,1968,2118,1947,1648,792,1057,516,930,651,600,542,681
gene-OO714_RS17350,1262,1462,1297,1074,610,797,429,664,496,502,362,475
gene-OO714_RS17355,1404,1423,1411,1092,597,559,296,577,424,442,499,485
gene-OO714_RS17360,4317,4412,4084,3864,2369,2671,1242,2594,1782,1859,1467,1718
gene-OO714_RS17365,5837,6008,5132,6618,9341,10822,5461,10176,8502,8004,6792,7785
gene-OO714_RS17370,3986,4071,3542,3031,2742,3180,1728,2981,2990,2862,2269,2445
gene-OO714_RS17375,1955,2163,1918,1663,861,1200,635,1126,952,981,692,830
gene-OO714_RS17380,562,502,581,548,193,302,111,263,176,193,144,234
gene-OO714_RS17385,567,566,571,431,205,288,124,212,160,218,165,165
gene-OO714_RS17390,2595,2605,2617,2115,1269,1577,698,1435,1246,996,994,1143
gene-OO714_RS17395,525,663,620,443,156,164,95,204,158,169,96,98
gene-OO714_RS17400,474,524,551,393,182,238,81,192,121,211,111,140
gene-OO714_RS17405,734,670,698,599,328,349,178,327,306,340,288,341
gene-OO714_RS17410,13751,13671,12156,10409,6626,8114,4224,7257,5618,4933,5330,5742
gene-OO714_RS17415,1543,1767,1658,1283,442,612,282,597,487,536,331,400
gene-OO714_RS17420,1392,1317,1355,975,354,407,184,343,309,208,282,326
gene-OO714_RS17425,835,895,881,755,516,620,287,645,360,370,365,420
gene-OO714_RS17430,811,834,797,581,266,316,126,345,232,226,195,233
gene-OO714_RS17435,663,718,642,695,957,1185,557,970,815,853,845,1006
gene-OO714_RS17440,1897,2032,2053,1786,686,771,386,722,596,687,495,633
gene-OO714_RS17445,316,299,260,210,201,314,143,284,237,269,161,190
gene-OO714_RS17450,588,675,581,557,381,497,204,482,363,399,299,408
gene-OO714_RS17465,505,551,512,415,91,111,44,102,84,96,64,79
gene-OO714_RS17470,1644,1744,1785,1296,468,579,286,588,460,421,367,438
gene-OO714_RS17475,1081,1136,1056,861,468,550,272,506,458,493,369,395
gene-OO714_RS17480,1533,1668,1535,1159,877,990,527,1029,769,857,615,663
gene-OO714_RS17485,1314,1323,1324,1022,773,937,449,872,688,665,550,672
gene-OO714_RS17490,3,14,7,10,10,2,5,10,11,7,4,11
gene-OO714_RS17495,600,633,706,520,198,174,109,177,97,83,83,110
gene-OO714_RS17500,774,812,774,568,331,265,152,317,219,248,163,236
gene-OO714_RS17505,278,307,275,249,133,116,66,124,152,182,119,90
gene-OO714_RS17510,91,115,105,67,58,76,55,81,65,77,51,38
gene-OO714_RS17515,130,131,133,92,61,38,32,60,27,41,49,47
gene-OO714_RS17520,452,483,497,365,191,204,87,230,133,169,147,127
gene-OO714_RS17525,422,389,404,333,168,211,116,159,165,186,154,138
gene-OO714_RS17530,285,269,279,332,67,100,47,92,50,40,57,56
gene-OO714_RS17535,504,500,556,471,139,174,67,146,137,82,131,105
gene-OO714_RS17540,811,850,781,651,273,311,162,294,213,211,208,254
gene-OO714_RS17545,412,437,438,398,155,192,97,146,141,103,132,126
gene-OO714_RS17550,770,823,823,658,315,337,159,345,277,252,189,243
gene-OO714_RS17555,828,810,800,609,393,424,185,401,379,347,338,368
gene-OO714_RS17560,2474,2452,2614,2173,647,760,374,796,476,371,414,571
gene-OO714_RS17565,8922,9334,9877,8363,1528,2230,959,2082,1010,1096,815,936
gene-OO714_RS17570,2723,2776,2839,2579,1098,1609,825,1351,866,943,711,800
gene-OO714_RS17575,15193,16089,15450,12443,6926,8944,4541,8699,5568,5138,4645,5658
gene-OO714_RS17580,53878,54077,45859,40720,45071,50016,24608,49698,38013,31102,38194,44263
gene-OO714_RS17585,412,409,395,305,288,309,163,325,237,244,180,237
gene-OO714_RS17590,502,488,541,431,204,238,94,230,134,170,104,122
gene-OO714_RS17595,965,1099,1149,814,514,468,310,567,345,340,269,294
gene-OO714_RS17600,681,787,607,725,399,389,189,398,373,278,409,393
gene-OO714_RS17605,356,412,325,470,220,267,123,267,255,274,199,224
gene-OO714_RS17610,727,759,803,594,168,208,102,221,111,158,103,102
gene-OO714_RS17615,873,989,1066,753,272,254,136,309,186,271,174,198
gene-OO714_RS17620,1254,1361,1254,1030,490,550,312,520,526,526,442,451
gene-OO714_RS17625,969,1036,995,732,204,228,120,199,231,352,218,198
gene-OO714_RS17630,2840,3181,2831,2224,841,989,437,1054,748,916,633,796
gene-OO714_RS17635,829,818,871,711,283,392,149,359,356,424,312,301
gene-OO714_RS17640,5337,5622,5847,5132,3625,4085,2115,4200,3654,3443,2932,3530
gene-OO714_RS17645,232,238,281,171,48,66,39,54,42,79,33,64
gene-OO714_RS17650,919,961,913,834,268,254,138,274,178,160,158,192
gene-OO714_RS17655,568,597,539,356,152,156,68,145,118,79,86,94
gene-OO714_RS17660,288,331,261,242,60,68,28,64,77,161,48,31
gene-OO714_RS17665,252,269,218,332,182,171,87,153,112,157,104,150
gene-OO714_RS17670,1402,1498,1284,1276,1292,1272,653,1271,1086,693,1086,1364
gene-OO714_RS17675,71,85,60,67,56,33,28,43,53,104,62,59
gene-OO714_RS17680,1049,1175,1011,804,258,281,160,250,300,360,235,234
gene-OO714_RS17685,652,699,656,452,159,199,73,243,183,239,179,188
gene-OO714_RS17690,743,677,656,424,181,216,121,236,247,316,231,260
gene-OO714_RS17695,2754,2964,2814,3672,1693,2112,1114,1948,1370,1262,1127,1290
gene-OO714_RS17700,750,839,746,1238,430,560,339,504,320,334,280,333
gene-OO714_RS17705,753,817,824,1152,579,691,345,679,387,349,319,444
gene-OO714_RS17710,459,484,426,325,572,641,332,680,407,405,381,369
gene-OO714_RS17715,1729,1917,1609,3139,2999,3519,1886,3337,2354,2459,1784,2049
gene-OO714_RS17720,1802,2063,2036,1649,547,660,330,690,409,422,365,437
gene-OO714_RS17725,2585,2913,2805,2591,1217,1510,642,1484,900,636,816,946
gene-OO714_RS17730,1469,1647,1751,1368,497,596,293,622,360,349,359,411
gene-OO714_RS17735,6784,7230,7195,6288,2196,2595,1190,2490,1658,1577,1440,1830
gene-OO714_RS17740,1905,2024,1865,2192,1583,1867,913,1752,1639,1808,1392,1609
gene-OO714_RS17745,4084,4335,3948,3728,2062,2266,1082,2144,1876,1925,1738,1936
gene-OO714_RS17750,4730,4911,4793,4134,2772,3619,1704,3212,2988,3171,2400,2700
gene-OO714_RS17755,8226,8775,8959,7186,2521,2928,1463,2959,2084,2209,2052,2282
gene-OO714_RS17760,6193,6611,6200,5325,2418,3162,1447,3056,2092,1741,1776,2143
gene-OO714_RS17765,4197,4535,4366,3976,1999,2413,1093,2267,1682,1645,1449,1774
gene-OO714_RS17770,1066,1216,1114,824,293,411,208,351,259,340,197,230
gene-OO714_RS17775,664,736,721,512,220,308,109,281,205,209,149,193
gene-OO714_RS17780,2568,2685,2492,1844,716,907,393,868,413,308,549,531
gene-OO714_RS17785,3581,4207,3725,2813,1139,1619,671,1479,518,546,535,622
gene-OO714_RS17790,2490,2566,2337,1827,778,901,409,878,598,483,639,607
gene-OO714_RS17795,990,1201,1186,991,326,431,176,350,193,266,198,186
gene-OO714_RS17800,3713,3952,3979,2837,1101,1234,585,1266,976,974,832,849
gene-OO714_RS17805,5865,5993,5905,4869,2858,3310,1722,3083,2530,2646,2135,2200
gene-OO714_RS17810,4551,4742,4507,4066,1652,1982,925,1971,1329,1164,1456,1618
gene-OO714_RS17815,3193,3372,3061,2971,1409,1721,774,1664,1165,1452,961,1077
gene-OO714_RS17820,5684,6161,5647,5669,3169,4053,1940,3845,2691,2707,2497,2976
gene-OO714_RS17825,3126,3401,3334,2987,3218,4376,2048,4127,2995,3400,2597,2932
gene-OO714_RS17830,706,624,604,497,571,750,353,630,645,506,505,579
gene-OO714_RS17835,4705,5123,4676,3787,3350,4038,2044,3636,3274,3850,2210,2388
gene-OO714_RS17840,1414,1541,1370,1283,1790,2285,1164,2184,1763,1851,1264,1499
gene-OO714_RS17845,453,433,455,496,433,500,230,437,318,469,282,318
gene-OO714_RS17850,3448,3644,3554,2964,1565,1924,1011,1970,1241,1008,1190,1536
gene-OO714_RS17855,342,377,400,299,340,437,239,362,312,316,212,244
gene-OO714_RS17860,1823,1854,1639,1320,1606,2168,1053,2285,1507,1502,1244,1507
gene-OO714_RS17865,108,125,117,67,132,165,90,133,91,169,96,165
gene-OO714_RS17870,4350,4717,4530,3385,1264,1299,685,1427,1031,854,763,887
gene-OO714_RS17875,197,199,221,148,56,69,16,49,64,67,31,24
gene-OO714_RS17880,1444,1546,1180,970,506,633,327,671,438,605,397,415
gene-OO714_RS17885,385,457,383,305,120,148,74,154,146,148,93,119
gene-OO714_RS17890,117,105,103,117,42,47,30,57,61,95,51,28
gene-OO714_RS17895,99,125,121,129,37,56,31,64,52,47,31,32
gene-OO714_RS17900,217,247,217,209,53,71,28,55,19,30,20,26
gene-OO714_RS17905,390,505,462,337,98,103,52,128,90,63,69,59
gene-OO714_RS17910,715,777,725,904,473,585,294,524,434,611,333,359
gene-OO714_RS17915,1046,1145,972,973,537,744,321,718,499,639,404,436
gene-OO714_RS17920,1251,1555,1396,958,490,523,287,550,478,449,342,359
gene-OO714_RS17925,1272,1318,1249,973,444,510,213,480,434,430,333,349
gene-OO714_RS17930,565,623,597,510,203,243,113,214,171,191,113,153
gene-OO714_RS17935,560,651,555,462,105,125,50,100,102,103,75,97
gene-OO714_RS17940,1827,2049,2009,1463,306,339,171,350,295,294,285,345
gene-OO714_RS17945,6129,6436,6453,4826,1065,1120,509,1285,1312,1327,1305,1604
gene-OO714_RS17950,8738,8348,7213,4818,3502,3840,2132,4016,6312,6765,4307,4250
gene-OO714_RS17955,5013,5673,5749,3954,864,1272,548,1302,853,880,796,1054
gene-OO714_RS17960,6723,7300,7177,6807,3121,3636,1796,3517,3203,4143,2871,3354
gene-OO714_RS17965,3936,4030,3415,2967,4122,4403,2087,4485,4985,6372,4226,4330
gene-OO714_RS17970,943,988,894,963,1567,2310,1059,1965,1800,2503,1040,1222
gene-OO714_RS17975,6831,7558,6808,6482,8374,9980,4880,9635,7161,5717,6337,8119
gene-OO714_RS17980,1922,2139,2109,1742,1483,1447,871,1598,1346,1206,998,1259
gene-OO714_RS17985,6664,7503,7530,6117,2655,2965,1419,3145,1676,1191,1473,1951
gene-OO714_RS17990,240,239,204,211,181,257,99,182,179,109,109,201
gene-OO714_RS17995,599,699,640,597,1464,1539,840,1453,1396,1100,1157,1536
gene-OO714_RS18000,1330,1730,1380,1439,7314,7567,3849,7270,6900,5680,6065,7946
gene-OO714_RS18005,6954,8409,7632,7368,12110,15441,7510,14861,11226,8326,9732,13239
gene-OO714_RS18010,3685,4413,4036,4365,7547,8657,4497,8573,7468,5825,6186,8030
gene-OO714_RS18015,9734,11076,10192,9582,14190,17347,8453,16107,13039,7673,11456,15088
gene-OO714_RS18020,1557,1739,1717,1408,1239,1574,716,1426,1095,697,995,1267
gene-OO714_RS18025,343,368,387,344,382,444,271,486,262,246,235,318
gene-OO714_RS18030,663,756,858,600,232,254,170,298,214,154,174,244
gene-OO714_RS18035,15941,16773,17502,14474,2271,2876,1212,2930,1666,1108,1587,2217
gene-OO714_RS18040,1816,2124,1962,1733,368,371,174,415,282,214,246,244
gene-OO714_RS18045,7010,8117,7305,5825,4753,5370,2708,5529,4784,4081,3884,4872
gene-OO714_RS18050,1923,1936,1668,1528,2708,2689,1478,2604,2608,2659,2198,2220
gene-OO714_RS18055,3155,3319,3347,2746,721,785,403,822,608,396,474,662
gene-OO714_RS18060,5458,5782,5464,4763,1355,1665,863,1677,1223,888,1249,1515
gene-OO714_RS18065,1278,1314,1128,1350,818,683,411,726,1172,1381,976,1010
gene-OO714_RS18070,4307,4831,4126,4153,3682,3759,1911,3869,3772,2763,3232,3694
gene-OO714_RS18075,115,156,155,82,25,39,23,29,43,42,26,22
gene-OO714_RS18080,787,928,840,600,182,213,115,256,197,203,182,232
gene-OO714_RS18085,265,280,233,191,109,141,77,114,163,191,99,74
gene-OO714_RS18090,211,266,237,153,134,167,76,158,129,159,77,104
gene-OO714_RS18095,1453,1591,1405,1271,570,825,376,795,445,411,423,440
gene-OO714_RS18100,3594,4224,3931,4689,1859,2677,1216,2470,1577,1563,1281,1494
gene-OO714_RS18105,365,369,368,422,608,876,374,718,379,594,256,276
gene-OO714_RS18110,637,680,605,470,98,190,69,172,149,151,97,111
gene-OO714_RS18115,2382,2455,2145,2097,1201,1620,754,1506,1058,995,1017,1107
gene-OO714_RS18120,1089,1126,1106,908,227,303,127,245,245,259,199,193
gene-OO714_RS18125,1058,1095,1206,972,162,288,75,199,166,151,129,144
gene-OO714_RS18130,1291,1343,1237,1131,708,843,446,815,557,626,489,617
gene-OO714_RS18135,1623,1721,1634,1256,840,891,415,888,873,1043,839,885
gene-OO714_RS18140,1598,1637,1489,3185,17058,18511,9420,19202,19976,18530,18434,20061
gene-OO714_RS18145,1409,1487,1406,1474,998,1237,633,1140,983,1074,757,933
gene-OO714_RS18150,776,824,713,673,599,713,357,746,584,682,445,529
gene-OO714_RS18155,2492,2670,2492,2756,2108,2252,1144,2293,2288,2135,1845,2252
gene-OO714_RS18160,3308,3306,2956,2434,17800,20803,10562,21056,20600,20531,17816,20353
gene-OO714_RS18165,346,402,342,316,20542,25198,13092,24242,22311,25875,16611,19364
gene-OO714_RS18170,934,1013,908,796,1896,2751,1188,2544,1993,2121,1657,2158
gene-OO714_RS18175,413,446,460,343,272,338,186,301,190,194,178,204
gene-OO714_RS18180,294,375,321,271,157,261,132,231,152,130,125,151
gene-OO714_RS18185,329,394,374,286,169,252,97,202,116,104,92,160
gene-OO714_RS18190,206,240,214,163,92,103,61,123,65,52,53,73
gene-OO714_RS18195,155,156,201,158,78,116,46,92,77,97,68,61
gene-OO714_RS18200,888,948,951,781,588,749,357,625,721,789,472,534
gene-OO714_RS18205,527,670,596,518,350,398,213,393,262,391,205,279
gene-OO714_RS18210,2878,3244,3115,2249,2089,2903,1216,2651,2234,2030,1825,2318
gene-OO714_RS18215,2584,2573,2522,1892,1300,1624,803,1490,1172,1362,985,1066
gene-OO714_RS18220,6125,6592,6472,6222,4623,6306,3272,5691,4551,4515,3447,3916
gene-OO714_RS18225,412,408,468,386,561,663,341,585,473,610,380,383
gene-OO714_RS18230,886,935,953,850,681,979,478,866,720,843,522,601
gene-OO714_RS18235,1349,1484,1551,1235,503,759,348,650,507,574,455,506
gene-OO714_RS18240,455,470,510,372,57,95,42,72,64,130,63,62
gene-OO714_RS18270,1925,2068,1808,1438,1016,1108,527,1019,736,773,623,705
gene-OO714_RS18275,1261,1415,1351,1138,710,834,461,882,675,767,484,567
gene-OO714_RS18280,116,131,113,145,1911,1979,1091,1885,3724,5569,2178,2149
gene-OO714_RS18285,1129,1050,930,934,5106,6396,2899,6119,3548,2943,4269,4869
gene-OO714_RS18290,817,850,792,681,426,460,244,493,377,426,326,331
gene-OO714_RS18295,1109,1213,1187,962,352,431,199,432,313,376,242,294
gene-OO714_RS18300,22597,24961,21840,16839,6906,9028,4201,8850,6274,6055,4981,6124
gene-OO714_RS18305,91170,97200,90103,72525,38661,53788,25593,48204,41575,42743,28829,34176
gene-OO714_RS18310,1062,1050,1124,892,129,135,72,146,111,180,103,114
gene-OO714_RS18315,1357,1338,1528,1112,146,234,114,253,168,229,151,225
gene-OO714_RS18320,244,243,222,165,231,301,206,252,327,525,165,193
gene-OO714_RS18325,4676,5117,4543,4566,4662,5671,2635,5598,4841,4699,4777,5584
gene-OO714_RS18330,7368,7716,7245,6315,2900,3800,1756,3800,2640,2306,2316,2719
gene-OO714_RS18335,6627,7297,6668,5697,2767,3515,1616,3558,2106,1738,2097,2469
gene-OO714_RS18340,734,869,752,480,374,405,210,401,331,303,226,308
gene-OO714_RS18345,2447,2564,2354,2547,2315,3040,1392,2849,2027,1958,1983,2556
gene-OO714_RS18350,1659,1877,1716,1588,754,942,443,875,525,514,527,644
gene-OO714_RS18355,357,383,389,287,189,282,95,268,156,173,152,192
gene-OO714_RS18360,6745,6796,6293,5046,1294,1757,832,1587,1581,1584,1361,1577
gene-OO714_RS18365,1552,1594,1700,1258,147,167,78,189,114,139,102,115
gene-OO714_RS18370,1904,2014,1938,1496,212,250,129,264,252,240,197,175
gene-OO714_RS18375,983,999,1091,827,162,212,125,226,183,165,109,150
gene-OO714_RS18380,2171,2392,2243,1828,1352,1612,854,1568,1140,1190,847,1053
gene-OO714_RS18385,1555,1524,1257,754,732,862,434,694,568,602,437,442
gene-OO714_RS18390,107,150,123,366,208,278,123,219,249,284,203,261
gene-OO714_RS18395,647,667,550,506,432,522,236,504,523,630,479,449
gene-OO714_RS18400,987,1092,1070,776,296,333,162,354,281,284,242,283
gene-OO714_RS18405,269,244,299,204,116,122,56,120,118,148,97,66
gene-OO714_RS18410,2109,2163,2207,1765,688,830,440,885,694,719,533,650
gene-OO714_RS18415,17379,17911,17459,13599,7453,8760,4604,7983,5088,4299,4431,4996
gene-OO714_RS18420,1656,1721,1679,1220,313,517,241,472,280,218,279,296
gene-OO714_RS18425,2796,3136,2968,2236,1010,1603,673,1423,852,922,737,891
gene-OO714_RS18430,1979,1734,1475,980,873,1314,569,1072,650,643,754,873
gene-OO714_RS18435,56,68,52,36,7,19,6,15,8,17,5,7
gene-OO714_RS18440,11,8,3,4,1,3,4,4,8,5,2,6
gene-OO714_RS18445,209,229,216,129,54,62,30,63,56,64,34,46
