gene,logFC,logCPM,PValue,FDR
gene-OO714_RS18165,-7.09946792473491,11.7606110935681,0,0
gene-OO714_RS02765,-6.77093005346155,11.0720167808487,0,0
gene-OO714_RS06295,-5.59315509471718,12.4437459052413,0,0
gene-OO714_RS03585,-5.17161729410714,11.0784425209007,0,0
gene-OO714_RS01725,-5.14038212190547,10.0807742968071,6.93934375962856e-245,4.93248554434398e-242
gene-OO714_RS01780,-4.69606148214478,11.3182230388323,1.78913121214272e-241,1.0597620546592e-238
gene-OO714_RS02795,-4.93460430756456,10.6958077011406,4.0864938510822e-239,2.07477130667802e-236
gene-OO714_RS18160,-3.93590627144327,11.6526319871813,4.55268728749653e-226,2.02253132747034e-223
gene-OO714_RS14295,-4.11433537619708,8.34100198397708,1.14798836191611e-215,4.53327848694429e-213
gene-OO714_RS04820,-4.7000347896483,9.73596925702014,8.26852591601696e-190,2.93863411055243e-187
gene-OO714_RS16695,-6.08995326353621,10.3930091309097,1.20411475375361e-185,3.89038530440029e-183
gene-OO714_RS05665,-3.30732805087562,10.2037483663144,1.25920626920452e-176,3.72934923396071e-174
gene-OO714_RS02280,-4.28097473740452,9.8303883832381,7.78247404033533e-175,2.12760867225783e-172
gene-OO714_RS04920,-4.38522942265752,9.02033376914677,1.57615399799818e-141,4.0011795063468e-139
gene-OO714_RS07030,-3.31256531932544,8.89750335023325,1.5730897648567e-137,3.72717401620048e-135
gene-OO714_RS15530,-2.8411391595479,10.1620771513857,1.80179936917725e-135,3.9329056395852e-133
gene-OO714_RS15520,-2.81802194945907,10.9536163762627,1.8812435529811e-135,3.9329056395852e-133
gene-OO714_RS07160,2.92912585942153,8.20955625782667,8.0353125605199e-127,1.58652782444932e-124
gene-OO714_RS17115,-3.02634461111445,8.42041020970705,5.38548257636907e-122,1.0073686882324e-119
gene-OO714_RS01920,-3.99423445544369,11.6231068541571,7.39519374072242e-122,1.31412592772637e-119
gene-OO714_RS02310,-2.51628698666947,10.7451278024634,6.907043871737e-121,1.16893494857873e-118
gene-OO714_RS02275,-2.68371246252157,8.43864204744275,8.65920658198788e-110,1.39885546329022e-107
gene-OO714_RS11250,-2.85384341603088,9.39463612529948,4.10006812066505e-108,6.33549656558416e-106
gene-OO714_RS06340,2.66753824207093,6.70542326953792,1.80990875722508e-107,2.6801732179908e-105
gene-OO714_RS05350,-2.49365411716834,8.25944958038182,4.15471436807579e-107,5.90634194565654e-105
gene-OO714_RS18365,2.4925151830447,6.34757421655864,9.01588717944311e-104,1.23240242445157e-101
gene-OO714_RS18000,-3.39411697822133,10.1659398862525,6.52040800173373e-103,8.58278890302284e-101
gene-OO714_RS08375,2.31828229624589,8.85402722147719,1.79146670883514e-102,2.27388310114288e-100
gene-OO714_RS06300,-5.40181237870553,12.9644776420107,4.94398516266689e-101,6.05893905797176e-99
gene-OO714_RS03220,2.72923167434708,8.04085028391526,3.35315965363134e-100,3.9723764696686e-98
gene-OO714_RS01160,-4.57292355509477,8.61291656657046,9.71946842529557e-98,1.11429002527421e-95
gene-OO714_RS00330,2.34480958632812,6.93868917046727,1.42996371485696e-97,1.58815345081302e-95
gene-OO714_RS18280,-5.91553333369961,8.74187026455036,1.99125784324911e-97,2.14452435603253e-95
gene-OO714_RS18170,-2.32550588330088,8.52468484351156,6.24828743095915e-96,6.53129809694966e-94
gene-OO714_RS13975,3.07541118140231,7.27391200154433,2.65454129130514e-94,2.69549707122813e-92
gene-OO714_RS02225,2.78067716312136,6.52281412268072,1.93794137917917e-91,1.91317879488965e-89
gene-OO714_RS07895,-2.12033255357765,6.15547581871992,1.94101862104153e-90,1.86442707545448e-88
gene-OO714_RS09060,-2.09375637904533,7.01252196616176,4.04581673570051e-90,3.78390333649463e-88
gene-OO714_RS05690,-4.30615073413436,8.47478547169954,1.15084614324039e-89,1.04874543412214e-87
gene-OO714_RS15525,-2.73271694961025,11.3719089324306,1.47283983608257e-89,1.30861819435936e-87
gene-OO714_RS07035,-2.54115212898352,8.87030817738875,4.54707478208494e-89,3.9415375062268e-87
gene-OO714_RS16295,2.57959665048201,6.12089766532628,5.54720943781766e-89,4.69399579571523e-87
gene-OO714_RS02800,-2.14203579251176,9.72426032821829,6.78705834851926e-89,5.60958264433429e-87
gene-OO714_RS17285,-4.1002672096986,9.4827649823683,1.56609407652545e-88,1.26497689726624e-86
gene-OO714_RS06335,2.36037144121951,6.20510104208708,1.1971586352514e-87,9.45489286596324e-86
gene-OO714_RS12560,3.6285156571856,5.35645501795157,1.36918442154872e-86,1.05784379004003e-84
gene-OO714_RS15955,2.00295411411522,6.43748740010242,4.0593446221414e-83,3.069555486615e-81
gene-OO714_RS16210,-1.93129767798554,7.93667263382124,5.14341596229776e-83,3.80827090208463e-81
gene-OO714_RS14810,-2.60224986378805,9.85249664300754,9.3766176563224e-83,6.80091819399383e-81
gene-OO714_RS01925,-4.36627941094073,8.77193762168581,1.67532891813606e-82,1.19082379501111e-80
gene-OO714_RS17565,2.04067605495935,9.13226399343704,7.52700770673548e-82,5.24529125288978e-80
gene-OO714_RS16105,-1.83919507984907,8.06638322958459,1.5477473702152e-81,1.05782579879708e-79
gene-OO714_RS03935,-1.86328519813135,9.10660303957727,3.34468573436986e-78,2.24283266036802e-76
gene-OO714_RS08780,2.28325239043238,5.15569000704359,1.07465587889926e-77,7.07282776594066e-76
gene-OO714_RS02900,-2.16030786848936,7.78189609396147,2.44796253698921e-76,1.58182888299267e-74
gene-OO714_RS01145,2.60322903161562,5.19345950456347,9.65298244947786e-76,5.95877906378245e-74
gene-OO714_RS06800,-1.99788237372369,10.5130137357032,9.7222329268651e-76,5.95877906378245e-74
gene-OO714_RS10455,1.71247408908308,6.78382493149351,9.72451282215482e-76,5.95877906378245e-74
gene-OO714_RS06330,3.00408596630781,5.8429387504236,6.07338979568531e-75,3.65844531082468e-73
gene-OO714_RS12980,2.36296624337371,6.74485356273179,1.70964697634706e-74,1.01268089232291e-72
gene-OO714_RS01915,-1.95362855665268,9.61659563477399,1.11998349410238e-73,6.52528088203257e-72
gene-OO714_RS06785,-2.05341279314226,8.32061858120501,7.30322013055797e-71,4.18639424903275e-69
gene-OO714_RS06290,-1.67677597693682,8.22574083627681,2.13252812135985e-70,1.20301665766872e-68
gene-OO714_RS04825,-1.80859839203836,10.6100739794662,3.97654170290415e-70,2.20822331439396e-68
gene-OO714_RS13430,-3.26838989615141,6.40978539784791,1.07741402735515e-69,5.89096838956955e-68
gene-OO714_RS13265,-2.90397233648284,9.99656433598979,1.49008584230951e-68,8.02388649025455e-67
gene-OO714_RS12355,1.77520114897166,7.67927103264875,2.64108725541306e-68,1.40095882175194e-66
gene-OO714_RS12830,-2.57597961487631,6.85833371459438,6.33479329060896e-68,3.3108610815918e-66
gene-OO714_RS03265,-2.42816362801637,7.53382672097624,4.28700888675425e-66,2.20812022949632e-64
gene-OO714_RS08370,2.30964206556804,7.43271851078228,5.03076632874087e-65,2.55419193319215e-63
gene-OO714_RS18370,1.88171050670566,6.73882820255502,1.02361765290279e-63,5.12385512453031e-62
gene-OO714_RS06720,-3.21666927037998,4.33957801801807,3.74244174018184e-63,1.84731082563976e-61
gene-OO714_RS00390,2.34985599977786,9.2242168077471,8.06982271959858e-62,3.92878766376073e-60
gene-OO714_RS08210,1.99382035187166,5.97306182779904,8.40936918426744e-62,4.0387700109306e-60
gene-OO714_RS00300,-1.81609218169459,8.53397638370129,2.68922728911543e-61,1.27433517140216e-59
gene-OO714_RS16025,1.922416415078,6.83225144821385,3.58616288744507e-61,1.67700301341839e-59
gene-OO714_RS18140,-4.47302580091924,11.5599792954467,3.99288929637079e-61,1.84295176094829e-59
gene-OO714_RS15950,-2.24911670616851,8.1376713951147,6.24696763461364e-61,2.84637474018165e-59
gene-OO714_RS02990,-2.38927156710148,5.93589333573563,1.04658309883906e-60,4.70829915604307e-59
gene-OO714_RS00395,2.19034483621665,7.79427485136388,1.12734913066595e-60,5.00824851298348e-59
gene-OO714_RS14515,1.62398841043036,7.89736051571427,1.35820766315524e-60,5.95934572204161e-59
gene-OO714_RS03015,1.79235958680597,8.43732838577671,1.77014889910716e-60,7.67208437491081e-59
gene-OO714_RS18285,-3.18169455041046,9.61332277027313,6.53315365882818e-60,2.79744916909342e-58
gene-OO714_RS11095,1.61026754579246,6.61251415621336,1.47427888202412e-59,6.23760374608776e-58
gene-OO714_RS13980,1.76762467609062,7.52387285010269,3.30647463128583e-59,1.38249539289292e-57
gene-OO714_RS13970,2.02471445842746,7.98065732711823,4.6964594429498e-59,1.94083916979576e-57
gene-OO714_RS12825,-1.8670566393629,8.52081282151956,3.10717076886256e-58,1.26929711638363e-56
gene-OO714_RS09655,2.31823878477861,4.77502079293724,3.70616350636374e-58,1.49678467063826e-56
gene-OO714_RS00420,1.6465776993607,6.89503767042511,1.0965408574599e-57,4.37877101956461e-56
gene-OO714_RS13765,2.86766514960794,5.80033052718953,1.17813801347462e-57,4.65233611098755e-56
gene-OO714_RS09185,-2.2547372759435,9.73359520986138,1.37109020603024e-57,5.35478526618844e-56
gene-OO714_RS01120,1.92131074020389,5.96145474689276,2.54503203796141e-57,9.83156941621178e-56
gene-OO714_RS17995,-2.24767986862564,7.91498288879832,3.03954228519564e-57,1.16156271845003e-55
gene-OO714_RS03590,-2.15635114225356,7.42789788281822,3.66479237035052e-57,1.3856034132155e-55
gene-OO714_RS06395,1.62125938252568,6.0234532354803,3.80776572008407e-57,1.42450519675566e-55
gene-OO714_RS13425,1.99783270764386,6.23321689114001,4.65741352853954e-57,1.72421330004474e-55
gene-OO714_RS04970,1.65040949007592,7.6277602952695,1.04723326353341e-56,3.83697630783271e-55
gene-OO714_RS15635,-2.18367172660776,10.4924713692844,1.91382208241403e-56,6.94053436826474e-55
gene-OO714_RS03290,-1.78938173238124,6.36161643348303,1.98803480762148e-56,7.13684414776438e-55
gene-OO714_RS04190,-1.91533809469679,8.2876338673284,5.67968605167046e-56,2.01856042276368e-54
gene-OO714_RS12690,1.71639872487246,6.14203211905703,6.79553938990702e-56,2.39122247442867e-54
gene-OO714_RS14940,1.59330468813125,5.92203560057331,1.88362103966349e-55,6.56312664212163e-54
gene-OO714_RS07835,2.37025187416479,6.90471374396895,1.91306656139152e-55,6.6010083098888e-54
gene-OO714_RS16945,-1.96718091202473,10.0390512566785,2.4641724209492e-55,8.42083536928216e-54
gene-OO714_RS16160,-1.53079247365343,7.7748160604288,6.82953844446934e-55,2.31163615539467e-53
gene-OO714_RS05445,1.45023307543895,6.7013570330333,1.28824342940736e-54,4.31926146048468e-53
gene-OO714_RS09345,-2.28087615805396,8.6973856495605,1.78758246197611e-54,5.93744679426456e-53
gene-OO714_RS04885,2.07516617280598,4.46390968295493,4.13488929116184e-54,1.36068486488789e-52
gene-OO714_RS04370,-3.29582797471661,10.1080536270354,4.28044378831589e-54,1.39566029574997e-52
gene-OO714_RS11440,2.88814995948119,5.53581618535221,1.03664203851745e-53,3.34929618626457e-52
gene-OO714_RS05695,-1.65785947473641,7.60666336283056,1.44361061116302e-53,4.62215505592194e-52
gene-OO714_RS02155,-1.78730319971827,10.0831962895892,2.30532915098077e-53,7.31530339516577e-52
gene-OO714_RS16960,1.75234922651612,7.93299744616327,3.22523111845959e-53,1.014377999558e-51
gene-OO714_RS01090,2.11973207077094,6.00315090764463,3.56549290498703e-53,1.11155805125648e-51
gene-OO714_RS05575,-1.59686949282528,9.89703810195507,8.19399164942887e-53,2.53229968018002e-51
gene-OO714_RS01130,1.70192004789855,5.74907670685797,1.80881738110478e-52,5.5418422176262e-51
gene-OO714_RS13410,-1.47199372880707,9.16623910209688,1.87935178033002e-51,5.70873181819905e-50
gene-OO714_RS01860,-1.64630081677006,10.0671146066785,2.74184562389972e-51,8.25806724350814e-50
gene-OO714_RS04505,1.45001972793798,7.28714603811877,5.0892023777841e-51,1.51991808828947e-49
gene-OO714_RS09665,1.90279092240468,6.69631905886653,6.00101125934927e-51,1.77729950131061e-49
gene-OO714_RS17185,1.84787653215766,6.13986040986575,1.45365128744499e-50,4.26965014510701e-49
gene-OO714_RS03080,-2.240749033402,7.54261936461323,2.54770362850281e-50,7.42175302926148e-49
gene-OO714_RS01375,1.86904349700866,9.29529329613886,2.80666972301787e-50,8.10967820780935e-49
gene-OO714_RS12345,1.46414588505876,6.70545220033047,6.19650588772525e-50,1.77599854233674e-48
gene-OO714_RS03965,-1.73044547223656,9.57989514619198,9.29073866674416e-50,2.6415428177287e-48
gene-OO714_RS08380,1.47700890644021,7.34009235471448,9.36919053075493e-50,2.64270659891294e-48
gene-OO714_RS01870,1.55423783673525,6.44589066065926,1.82768103965245e-49,5.11462867316915e-48
gene-OO714_RS12545,2.10345052003204,5.24792031239209,5.29133194148269e-49,1.4691713843773e-47
gene-OO714_RS06695,-3.22334345462505,3.62173246563274,5.73576244660449e-49,1.58022478567693e-47
gene-OO714_RS01295,-1.67621931561612,7.77190041825877,7.1105767897935e-49,1.94392230084047e-47
gene-OO714_RS16680,-1.49798721409642,6.95546940425203,3.22282888341398e-48,8.74346095546054e-47
gene-OO714_RS18050,-1.66451084869149,8.85835430481763,5.98716788681078e-48,1.61199959619133e-46
gene-OO714_RS14805,-1.99939471117957,10.3032351702386,1.04288417872356e-47,2.78677471517559e-46
gene-OO714_RS06680,-1.93268761556662,7.32883261048001,3.31290205471366e-47,8.7866073898898e-46
gene-OO714_RS13165,-3.48491019072069,9.97708699632222,3.86374532091721e-47,1.01716673115109e-45
gene-OO714_RS01990,1.92550471656977,7.53263533289485,5.54388688675647e-47,1.4487480879068e-45
gene-OO714_RS00675,-2.90182374448586,8.83095294549255,1.49505990019366e-46,3.87842546371407e-45
gene-OO714_RS00160,-1.44874922613883,6.68142109591667,2.19700563443658e-46,5.65808552520842e-45
gene-OO714_RS00400,1.694233460173,6.34458719528513,3.24561574269641e-46,8.2985024097432e-45
gene-OO714_RS15205,-2.127730792685,7.80976930825141,4.94889339357505e-46,1.25631193719755e-44
gene-OO714_RS01455,2.11582358483323,4.85396826767043,1.79661559267796e-45,4.5284906499131e-44
gene-OO714_RS01545,-1.47715688551291,7.20534828109229,2.23481736449515e-45,5.59333867141956e-44
gene-OO714_RS12555,1.72693064425851,6.98794068503965,3.47931447849436e-45,8.64719136823005e-44
gene-OO714_RS12490,-2.75043173349327,9.52665608399494,5.02870844727048e-45,1.24111318205551e-43
gene-OO714_RS05395,-1.65949527439488,9.70326473907023,8.36466919506012e-45,2.05020926339611e-43
gene-OO714_RS13775,1.68614256940024,6.21887068876523,1.04593196129578e-44,2.54605629482549e-43
gene-OO714_RS18310,1.82389944558573,5.94015714406926,1.21778631440821e-44,2.94422623224951e-43
gene-OO714_RS15230,2.03290521258003,4.79142720873167,1.31268937472063e-44,3.15222840388994e-43
gene-OO714_RS13645,-1.38806861386126,7.03573886731852,1.62622406224127e-44,3.87892638738622e-43
gene-OO714_RS15100,-1.35143800643813,8.27038094901088,2.77435488694609e-44,6.57337151213761e-43
gene-OO714_RS10285,-1.9704516352969,5.79310874603158,6.12670450727398e-44,1.44200714032131e-42
gene-OO714_RS01540,-3.18722529920371,7.42711536874687,1.39886325515797e-43,3.27076316370489e-42
gene-OO714_RS12135,-2.25979913232792,7.65683259232747,1.5751295558791e-43,3.65883035398321e-42
gene-OO714_RS17840,-1.3831994647573,8.39324176636326,1.61825001211348e-43,3.73458476821515e-42
gene-OO714_RS07955,1.3875687297604,6.64552782902784,1.64321054880718e-43,3.75538544537523e-42
gene-OO714_RS16650,-1.72867581908084,7.51165811733673,1.6483965376436e-43,3.75538544537523e-42
gene-OO714_RS13760,3.04971292429793,5.10636801107878,1.81769461951626e-43,4.11470489029349e-42
gene-OO714_RS06920,-1.48301829458934,6.88905959016478,3.03191644358325e-43,6.81989306360436e-42
gene-OO714_RS12405,1.43887077428532,6.04230523715652,3.46002339769686e-43,7.73391393422304e-42
gene-OO714_RS16685,-1.85404898534484,5.81680165865101,4.65689826813946e-43,1.03441352781048e-41
gene-OO714_RS04575,2.03871855137135,7.38710450365779,5.51019705070114e-43,1.21635033032247e-41
gene-OO714_RS14520,1.53897600044591,6.58151027954296,5.79165634166315e-43,1.27058929865869e-41
gene-OO714_RS13665,-1.54087264129066,8.37048714506704,8.58955440228011e-43,1.87283903961371e-41
gene-OO714_RS05460,1.57245370869232,6.02683136853145,1.19639223143566e-42,2.59266950641607e-41
gene-OO714_RS13705,1.47088795370485,5.82553231018539,1.51724679352125e-42,3.26805763889364e-41
gene-OO714_RS02435,-2.0834399197069,6.79634395756195,1.94912159482925e-42,4.1729988843513e-41
gene-OO714_RS18040,1.73681472156121,6.92075044148354,2.09612631378397e-42,4.46085803544205e-41
gene-OO714_RS00535,-1.48354475081212,7.95419712432844,2.16368940001336e-42,4.57723340931398e-41
gene-OO714_RS18010,-1.94862884544666,10.3817593129505,2.59098871164123e-42,5.447641408654e-41
gene-OO714_RS14450,-1.37433470200031,7.93906088715717,2.60579358320534e-42,5.447641408654e-41
gene-OO714_RS11630,1.78574672265124,8.93463735103891,4.13877454341184e-42,8.60187410952379e-41
gene-OO714_RS11335,-1.66974522123062,7.35721242084646,4.24864873552456e-42,8.7788939570083e-41
gene-OO714_RS15120,1.24702796725502,6.12955946026175,4.60470144443481e-42,9.45960053960769e-41
gene-OO714_RS06805,-1.78576140235762,10.2877265527611,7.43387767095396e-42,1.51839087600979e-40
gene-OO714_RS12505,1.52405682987662,6.10991128853241,4.71978843761962e-41,9.58521606131436e-40
gene-OO714_RS03780,1.52688858774176,5.96015610948201,5.43275147434643e-41,1.09704538294473e-39
gene-OO714_RS16690,-5.19733716435339,8.86552997879119,8.44470939978528e-41,1.69562131112073e-39
gene-OO714_RS03370,1.39027494617208,6.26813406929096,9.3107645978458e-41,1.85901445959236e-39
gene-OO714_RS05330,-1.36079797614224,10.2024100907249,1.43121798773302e-40,2.84164733430344e-39
gene-OO714_RS13745,1.69835462156646,5.33542508996643,5.50375676542524e-40,1.08668619690674e-38
gene-OO714_RS06115,-1.35795041410531,8.18266863356562,6.65048862953271e-40,1.30584732537896e-38
gene-OO714_RS09065,-1.26283828216894,8.73820869462528,9.12854936929322e-40,1.7825749702455e-38
gene-OO714_RS17900,2.02045918394389,3.98501115747149,1.01664769063281e-39,1.97440759153498e-38
gene-OO714_RS17965,-1.67383907524425,9.74629283703758,1.17507179405935e-39,2.26967671526463e-38
gene-OO714_RS12630,1.34901939472749,6.68830650907578,1.50725216524627e-39,2.89555361907311e-38
gene-OO714_RS04815,-1.40670151801591,6.99481363516697,2.11847731359965e-39,4.04788622179201e-38
gene-OO714_RS12360,1.89673806528883,5.98916186309738,3.64066064354731e-39,6.91920210008937e-38
gene-OO714_RS00810,-4.52773257787106,13.3604138651628,7.42285154080183e-39,1.40323480723456e-37
gene-OO714_RS17365,-1.59689140611009,10.647919035353,8.32436087962956e-39,1.56533219927002e-37
gene-OO714_RS00060,1.36303925685894,7.3050187178509,1.01953533902649e-38,1.9070676815264e-37
gene-OO714_RS00170,-1.55682634288852,8.23062958112255,1.23872513642087e-38,2.30493671981141e-37
gene-OO714_RS03575,-1.46045475662671,10.2653370602456,2.05578106176194e-38,3.80533640286559e-37
gene-OO714_RS15035,1.70425327129455,4.92786071526476,2.26840234510739e-38,4.177151261405e-37
gene-OO714_RS16355,-2.37709173091041,11.1039188914314,3.18152692100647e-38,5.81945113894924e-37
gene-OO714_RS01850,-1.78742806945834,10.9404822466799,3.19300217246793e-38,5.81945113894924e-37
gene-OO714_RS17465,1.41286412459709,5.08464767531426,6.81342499173546e-38,1.23545471533815e-36
gene-OO714_RS13330,-1.64932040731393,6.16274328471708,1.01765298890439e-37,1.83590798099807e-36
gene-OO714_RS00615,1.61839997256082,5.54960312593812,1.08764163612795e-37,1.95226180545392e-36
gene-OO714_RS06210,-1.67896873472645,9.85257688915224,1.42605490637149e-37,2.54683373730868e-36
gene-OO714_RS11725,-2.62266805667454,10.5217014679969,1.8088239620691e-37,3.2142801805968e-36
gene-OO714_RS07805,-1.37797106558971,5.98705051907558,2.62445276559084e-37,4.64045031289048e-36
gene-OO714_RS12160,1.52559369252435,5.60751210435672,2.89273953939939e-37,5.08950313021061e-36
gene-OO714_RS06840,1.38873961822617,7.47616705270526,4.94528176041213e-37,8.65789722980527e-36
gene-OO714_RS02805,-1.74106380549629,8.62409653918596,5.02489116688385e-37,8.75414863093393e-36
gene-OO714_RS05360,-1.6260762109344,11.3459692324262,5.6589232293188e-37,9.81064056438977e-36
gene-OO714_RS13750,1.62416634320662,5.51291762837988,7.66139869891517e-37,1.32177723184197e-35
gene-OO714_RS16920,-2.25093903483643,8.78676884233274,8.40353863906393e-37,1.44281045039774e-35
gene-OO714_RS01030,-3.56510879536998,9.49303069241591,9.13888076726694e-37,1.56151837725321e-35
gene-OO714_RS02200,-1.33430772639205,9.97554072436146,1.06695997106514e-36,1.81434245797392e-35
gene-OO714_RS08365,1.71489431818256,10.3694495007253,1.10379105659855e-36,1.86803495959583e-35
gene-OO714_RS10925,1.22264941622412,6.44564014326458,1.19560522027462e-36,2.01382983547678e-35
gene-OO714_RS09740,-1.37296561372485,7.98471573115857,1.35698227629332e-36,2.27486557072947e-35
gene-OO714_RS00165,-1.86955841415537,7.90555551868414,1.51411465480341e-36,2.5263678324748e-35
gene-OO714_RS14275,-1.3037230961747,9.20213392280005,2.24216413307648e-36,3.72366884530552e-35
gene-OO714_RS12565,1.63673078068655,4.23263365278404,4.19864749069804e-36,6.94046194508877e-35
gene-OO714_RS03145,1.81104811760904,5.536984123351,5.36306048986331e-36,8.82422082452509e-35
gene-OO714_RS17435,-1.58546968541187,7.44379776759311,5.48668068262138e-36,8.98601988296607e-35
gene-OO714_RS05135,-1.87445330664266,8.8991816142875,7.13864131320053e-36,1.1637950104181e-34
gene-OO714_RS01695,2.02642871717309,9.16144949085898,7.26576918761984e-36,1.17911158414616e-34
gene-OO714_RS15930,-1.66154822379659,8.43195204028457,1.08688913260917e-35,1.75581998967864e-34
gene-OO714_RS18375,1.48414032978376,6.04139155415002,1.60070189452127e-35,2.57416042223013e-34
gene-OO714_RS14105,-1.22404241865277,8.53712216578712,2.55580598132443e-35,4.0915920980302e-34
gene-OO714_RS04875,-1.34105700222799,10.2333075224642,5.54277779492e-35,8.83364676374246e-34
gene-OO714_RS15745,-1.22148593671248,8.78373292946648,5.85435860242459e-35,9.28856717545401e-34
gene-OO714_RS06265,-1.36457643037527,7.63790011790637,6.98750891666108e-35,1.1037158528806e-33
gene-OO714_RS13470,1.63958694044493,4.73659472529299,9.80735693763763e-35,1.54227197152054e-33
gene-OO714_RS10310,-1.40221911584763,8.0117819336767,1.21964904001564e-34,1.90952981859717e-33
gene-OO714_RS03095,-1.48887126664946,6.30554124932958,1.84667088873627e-34,2.87853874498627e-33
gene-OO714_RS15640,-1.40999453007854,7.17170186537127,4.43184325871328e-34,6.87806591330437e-33
gene-OO714_RS01840,1.41580109002887,5.1258690716004,5.37773830403552e-34,8.30977475327923e-33
gene-OO714_RS03630,1.23017448381531,7.50959620229807,7.17968074675648e-34,1.10147075694929e-32
gene-OO714_RS14720,-1.23101746555038,9.74416166594513,7.19024242015293e-34,1.10147075694929e-32
gene-OO714_RS08220,1.65797285238927,5.20569721035361,8.82012558705697e-34,1.34535306164809e-32
gene-OO714_RS12090,1.56270410811136,5.62241368005102,1.3644230923706e-33,2.0722904573868e-32
gene-OO714_RS00925,-1.30948123805659,6.44040204535772,1.47993140210801e-33,2.23816008642207e-32
gene-OO714_RS15440,-1.41307130283824,9.87023921361279,1.91678204793225e-33,2.88654381286069e-32
gene-OO714_RS07330,-1.15514388282173,6.59240546400309,2.10378960044419e-33,3.1547967257294e-32
gene-OO714_RS10405,1.53474489751211,7.05523584524496,2.88752706703262e-33,4.3118786538798e-32
gene-OO714_RS05250,2.9403197210808,5.22638745145446,5.72416716238322e-33,8.51200422389538e-32
gene-OO714_RS08840,-1.55337560690407,5.67340872837698,5.87381981282011e-33,8.69814817281778e-32
gene-OO714_RS05380,1.56710829653405,4.62496719688041,7.121474531261e-33,1.05019587070961e-31
gene-OO714_RS06565,-1.79366684004146,8.28582503992952,1.13905494721215e-32,1.67281044726941e-31
gene-OO714_RS00555,-1.20556054995091,6.16676688299411,1.2660277003815e-32,1.85163063668965e-31
gene-OO714_RS14380,-1.45617759086667,8.83083742561608,1.52109494660678e-32,2.21556206567234e-31
gene-OO714_RS13150,-1.32242639396167,12.5847296632253,1.64322246173079e-32,2.38367862407806e-31
gene-OO714_RS17935,1.35612472862812,5.25026929967369,2.60129587256273e-32,3.75813232971054e-31
gene-OO714_RS01675,-2.5045271901328,6.80321915364157,4.30106997242393e-32,6.18866505343913e-31
gene-OO714_RS10795,1.97165291598452,4.32179975057791,4.35432669437161e-32,6.24003107733737e-31
gene-OO714_RS08215,1.83895484340406,4.77079638311645,5.38424243508295e-32,7.68497896156016e-31
gene-OO714_RS16565,1.18824571244167,7.36929028586637,5.63170407918459e-32,8.00603051896881e-31
gene-OO714_RS02390,1.29621691801611,7.42352578440935,1.18819566059294e-31,1.68240931384354e-30
gene-OO714_RS04135,1.73681142372037,5.52809674597186,1.4113410481784e-31,1.99043892270874e-30
gene-OO714_RS05565,1.16034368514591,6.3238155146757,1.4873206659248e-31,2.08930341766669e-30
gene-OO714_RS04070,-1.62581149203448,5.37521332710822,1.54844015905536e-31,2.16659697845778e-30
gene-OO714_RS17940,1.37433730128909,6.90994305051631,2.03785649018598e-31,2.84021253573372e-30
gene-OO714_RS00350,1.1959625864771,7.75403167225039,2.61605142062774e-31,3.63181513629335e-30
gene-OO714_RS01515,-1.2548887971827,6.91469174828655,2.77463675327532e-31,3.83698794596906e-30
gene-OO714_RS12635,1.33876341689765,5.99736976871061,2.9828723565208e-31,4.10896447871121e-30
gene-OO714_RS08960,1.82811178839397,4.32103643691137,4.39524908950076e-31,6.03116419462768e-30
gene-OO714_RS10400,1.79155729037988,4.75816724850246,4.82030859979795e-31,6.58899106295458e-30
gene-OO714_RS17610,1.40108053093224,5.71354020782413,5.20127485860325e-31,7.08250224041224e-30
gene-OO714_RS01330,1.49845831122792,6.07679134533212,5.34334762197452e-31,7.24818986583872e-30
gene-OO714_RS13435,-1.20883853854646,8.00917502033889,6.97642361144263e-31,9.42745608937912e-30
gene-OO714_RS10380,1.85155523302527,3.58113161611984,9.41525140922684e-31,1.26749255713607e-29
gene-OO714_RS09690,1.29321491011818,7.0168205755384,9.9391056283625e-31,1.33296533596982e-29
gene-OO714_RS07575,1.73476271134055,5.68073998653329,1.27015707892699e-30,1.69704445808516e-29
gene-OO714_RS09745,-1.32957240378261,8.25887603663546,1.50017270806965e-30,1.99685910280133e-29
gene-OO714_RS14945,1.24418602490958,8.53837091444858,1.5113070862372e-30,2.00417365092799e-29
gene-OO714_RS16140,1.56742228781606,5.20461000279651,1.73125118961626e-30,2.28731105126252e-29
gene-OO714_RS04880,1.09827533395524,8.24136250955866,1.81811186654153e-30,2.39317391618096e-29
gene-OO714_RS02855,1.3503862110939,7.52363654090373,1.83441237352787e-30,2.40572013856755e-29
gene-OO714_RS17825,-1.09595264327724,9.34157769174365,2.51748128053439e-30,3.28938546728648e-29
gene-OO714_RS11450,2.02124898740198,3.82939649906587,3.16876838091115e-30,4.12520250027774e-29
gene-OO714_RS09540,-1.78971893600395,11.3272358273008,3.23215176092979e-30,4.18685111774597e-29
gene-OO714_RS02650,1.13813018144936,6.01956441601866,3.23968502357947e-30,4.18685111774597e-29
gene-OO714_RS02755,-1.24198282856706,8.58341134024403,3.9838440513392e-30,5.12992092697809e-29
gene-OO714_RS14890,1.24157666511314,7.30233544755917,4.29089300089195e-30,5.50535513544043e-29
gene-OO714_RS03335,1.09789644078764,8.34899850209183,7.52731614741943e-30,9.62305093090958e-29
gene-OO714_RS16590,1.32358819629875,7.64503071870615,8.82137579195005e-30,1.12369783385629e-28
gene-OO714_RS05735,1.40433767372808,8.16946252098854,1.05464742768864e-29,1.33864891357336e-28
gene-OO714_RS17180,1.1584079559445,8.51202602302521,1.46480564507188e-29,1.85264030696992e-28
gene-OO714_RS07960,1.17948489753661,8.46433615211971,1.48703138454253e-29,1.87408139739863e-28
gene-OO714_RS14950,-1.71403517278575,7.43834202901418,1.66073999745969e-29,2.08560775652712e-28
gene-OO714_RS12335,1.29754613198002,5.60708989654421,2.16662593095939e-29,2.71133399951749e-28
gene-OO714_RS13950,-1.25912425971666,8.70415799640117,2.33376627502519e-29,2.91024748822439e-28
gene-OO714_RS05680,-2.27270619925824,9.45882857892819,2.56687981836942e-29,3.1897520540157e-28
gene-OO714_RS15925,-1.75102734883793,10.192663841175,4.24636695767034e-29,5.25839308974229e-28
gene-OO714_RS05025,2.62112235423477,4.42501683415969,4.85223215391561e-29,5.98778926215836e-28
gene-OO714_RS02770,-1.42346291353446,5.50971094868992,6.46685467014564e-29,7.95266487809605e-28
gene-OO714_RS18225,-1.33479556592066,6.60681828551192,6.93377120043483e-29,8.4974561539122e-28
gene-OO714_RS09720,-1.1885995936615,7.92046780338221,8.88633670387861e-29,1.08529349297542e-27
gene-OO714_RS12215,2.41379526331924,3.38406723357767,9.11143615562662e-29,1.10897411291428e-27
gene-OO714_RS12985,1.56219986444795,7.16926001994665,1.16272471024932e-28,1.41034935843894e-27
gene-OO714_RS15735,-1.15859817195277,10.427982382707,1.19579733398427e-28,1.44553187924493e-27
gene-OO714_RS05755,-1.56433637363152,10.3001312693697,1.27553786019434e-28,1.53669883224769e-27
gene-OO714_RS18315,1.58346931033141,6.38277178649163,1.28419592918788e-28,1.54190281497761e-27
gene-OO714_RS13825,1.53446135404971,6.61066582773458,1.47544135969869e-28,1.7655618156125e-27
gene-OO714_RS03540,-2.26888905911228,10.8074336000248,1.53253518678242e-28,1.82772820598145e-27
gene-OO714_RS14435,1.16509828127409,5.68953525693173,1.56766450879034e-28,1.86337112516417e-27
gene-OO714_RS07795,-1.28042846151905,5.0965210343588,2.14739915805378e-28,2.54395220257438e-27
gene-OO714_RS10735,1.13900297614284,5.97759190444335,2.44951457709127e-28,2.89221754384797e-27
gene-OO714_RS09765,-1.8955018017637,5.14433426145547,2.63693873937286e-28,3.10320539063946e-27
gene-OO714_RS18125,1.67025894138175,6.11208378836681,2.71139573044248e-28,3.18029717029458e-27
gene-OO714_RS17785,1.4678879299935,8.12588935162936,3.03688342270707e-28,3.54885362876646e-27
gene-OO714_RS06505,-1.11957857203645,8.17895188313416,3.04558344618394e-28,3.54885362876646e-27
gene-OO714_RS04490,1.09559025135049,6.81398485638526,3.61637366679218e-28,4.20019346790177e-27
gene-OO714_RS09785,-1.17756430697208,6.73810707619654,3.72055713549542e-28,4.30712054057026e-27
gene-OO714_RS08170,1.17657319347675,5.6780058703373,4.00637311477501e-28,4.62293832789298e-27
gene-OO714_RS09660,1.58999858216081,6.25151927696101,4.08273545076738e-28,4.69580640518682e-27
gene-OO714_RS13670,-1.26189339938278,9.23424137260126,4.50351404927985e-28,5.16306094552922e-27
gene-OO714_RS05760,-1.65799945146457,10.314614839514,5.03655816784646e-28,5.75560377123033e-27
gene-OO714_RS08870,-1.1285105083531,7.9281818021949,5.46653724660649e-28,6.22694659437162e-27
gene-OO714_RS00285,1.19976495576576,7.64795526961534,5.92135717057725e-28,6.72348350933915e-27
gene-OO714_RS09120,-1.5000778699747,8.69635530424031,6.04431710376067e-28,6.84124298941574e-27
gene-OO714_RS00460,-1.1097503526025,8.45814927454226,6.18447802413202e-28,6.97766187230641e-27
gene-OO714_RS14395,-1.24773940738198,7.76431943806154,8.2316231310737e-28,9.25797107842909e-27
gene-OO714_RS11245,-1.75201701263691,7.66909649816118,1.01096681792122e-27,1.13343093718991e-26
gene-OO714_RS07365,-3.01482288167192,7.82830206594539,1.04142074984826e-27,1.16390230973607e-26
gene-OO714_RS16180,1.49569016089892,5.1939892389951,1.14399962387235e-27,1.27453751198819e-26
gene-OO714_RS18005,-1.70436085113437,11.1020692755518,1.37598213149063e-27,1.52820015478678e-26
gene-OO714_RS01060,-1.19391645268817,6.28500465112686,1.74282805152898e-27,1.92959840969906e-26
gene-OO714_RS10390,1.32054711388928,5.4826448754753,1.95550148836593e-27,2.15833922038897e-26
gene-OO714_RS08450,-0.987710839013249,6.50685007045134,2.32469623692993e-27,2.55788558082011e-26
gene-OO714_RS03180,-1.51782513246913,6.27681501973359,2.71664051686043e-27,2.9799198755932e-26
gene-OO714_RS08205,2.38538882240947,5.0609359612262,2.75814082438596e-27,3.01613307380544e-26
gene-OO714_RS00800,-1.06145908765863,7.88822008953665,2.80607587122868e-27,3.05913915532108e-26
gene-OO714_RS17650,1.18824124189524,6.10702069635831,2.81945201357318e-27,3.06432185206088e-26
gene-OO714_RS00430,-1.07058084297959,9.0297674809027,2.84950606639844e-27,3.08754407316465e-26
gene-OO714_RS18325,-1.2899359971445,9.93009069859189,2.88400871539183e-27,3.11543069133816e-26
gene-OO714_RS13920,1.18610550653386,7.95535794277273,4.7891363113177e-27,5.1577546819464e-26
gene-OO714_RS10395,1.19092658017465,5.32167563215813,5.38282851539949e-27,5.77962916728997e-26
gene-OO714_RS00010,1.06355436416772,9.26440802825605,5.53360040162798e-27,5.92361922511622e-26
gene-OO714_RS14365,-1.69282522019601,8.01530319215511,9.50198263706831e-27,1.01411550426849e-25
gene-OO714_RS02735,-1.2639120728644,7.54608692848039,1.04717204732589e-26,1.11426630425036e-25
gene-OO714_RS09440,-1.12462568947718,8.8012121380085,1.12734394264274e-26,1.19599414094098e-25
gene-OO714_RS11115,1.5590560216239,8.47786739697344,1.31160130105141e-26,1.38733066188593e-25
gene-OO714_RS05370,1.68136856362164,4.56605518777334,1.70961697094474e-26,1.80296104294885e-25
gene-OO714_RS13605,1.63939968756252,6.54721749915444,1.90942981488896e-26,2.00772590595129e-25
gene-OO714_RS17150,1.12025385344856,8.83186190849552,1.97922555288753e-26,2.07497569762899e-25
gene-OO714_RS14510,1.44156175036977,5.22381417149026,2.3216414305837e-26,2.42679813067485e-25
gene-OO714_RS15880,-2.0717433876241,7.74432738414329,2.34966254500237e-26,2.44888583136024e-25
gene-OO714_RS08115,-1.28024624305829,5.46271334124083,2.64896145963204e-26,2.75275117764101e-25
gene-OO714_RS03165,-1.05575104912727,7.25903910575365,3.952844050463e-26,4.09574570126691e-25
gene-OO714_RS16950,-1.14429481911728,8.81295572622381,6.28582155463557e-26,6.49413075731826e-25
gene-OO714_RS00385,1.11939792121787,11.5360428206183,6.34508905090791e-26,6.53636130055847e-25
gene-OO714_RS04185,-1.9183597482632,9.7988846492806,7.38122114315482e-26,7.58175142854688e-25
gene-OO714_RS16175,1.50679641134588,5.38924491595647,1.02058889840976e-25,1.04529479681507e-24
gene-OO714_RS09445,-1.36779126984401,8.12172873952935,1.09629316775462e-25,1.11960514890802e-24
gene-OO714_RS16545,-1.09552264525589,9.18353204608189,1.24997916618254e-25,1.27290142023288e-24
gene-OO714_RS09020,-1.53252526441423,5.78881918549572,1.26434854406017e-25,1.28385563588281e-24
gene-OO714_RS18120,1.03422266957562,6.28853637828152,1.40409554830142e-25,1.42169674605791e-24
gene-OO714_RS17495,1.50882949759675,5.51709827442302,1.42507452023507e-25,1.43883944457825e-24
gene-OO714_RS16505,1.22252414035058,5.65149970543249,1.61809181514096e-25,1.62909300595212e-24
gene-OO714_RS03230,-1.02631161216586,8.5364091480084,1.62318588572442e-25,1.6296052649335e-24
gene-OO714_RS17970,-1.96471111623504,8.27525238391619,1.64740526691979e-25,1.64926149820646e-24
gene-OO714_RS07510,-1.1513213551962,4.97524542089701,1.97202193699084e-25,1.96869830451277e-24
gene-OO714_RS05030,-1.16426429725937,6.9622030876109,2.14096108391128e-25,2.13136574011784e-24
gene-OO714_RS05655,-1.93582248025886,4.00144139912562,2.52079164383125e-25,2.50248421848499e-24
gene-OO714_RS16380,-1.71334730518231,6.90441632946712,3.0174208878899e-25,2.98716262828989e-24
gene-OO714_RS12385,1.26788247257956,6.39053786117077,3.28469048581181e-25,3.24271944071532e-24
gene-OO714_RS18035,2.07112708205335,9.86868374998191,3.44409650851769e-25,3.39067008068473e-24
gene-OO714_RS11460,2.27248447094269,4.73331345290696,3.57179782646939e-25,3.49994490837153e-24
gene-OO714_RS01105,1.19203774687905,4.89558628965105,3.57478897506716e-25,3.49994490837153e-24
gene-OO714_RS04290,-0.953289722913427,5.78762982132576,4.14780165027676e-25,4.04980413875923e-24
gene-OO714_RS01630,1.11343364198205,5.91470817184433,4.46156380347632e-25,4.34421856371366e-24
gene-OO714_RS05660,-1.37785261622658,6.27899873469192,4.49939954156412e-25,4.36908906303795e-24
gene-OO714_RS00785,1.35528054973652,6.53731774018365,5.41075397496949e-25,5.2397328684037e-24
gene-OO714_RS15510,-1.09366550562659,7.77748659383667,5.70348999064108e-25,5.50820745291804e-24
gene-OO714_RS01805,1.01212421228888,5.54400553437275,6.1803377667694e-25,5.95255296018928e-24
gene-OO714_RS15370,-1.90403211794126,8.87505106031472,6.28107316864401e-25,6.033225416584e-24
gene-OO714_RS04285,-1.17010919529028,8.86799972560024,8.11834043797075e-25,7.77697625782966e-24
gene-OO714_RS08885,-1.59402490312476,6.63587147055074,8.18544283960174e-25,7.82017845482382e-24
gene-OO714_RS11400,-1.35199368992485,5.18182981064587,8.52391655515626e-25,8.12171566676283e-24
gene-OO714_RS09510,-1.24348732391393,5.50462948792993,9.27881171255344e-25,8.81735209262431e-24
gene-OO714_RS10950,1.02752528677346,8.02821686799004,1.41674706464666e-24,1.34269841806779e-23
gene-OO714_RS12640,1.11726811597926,6.87758174176974,1.46973107353302e-24,1.38920857322776e-23
gene-OO714_RS11260,-1.53305820092021,8.16850784448595,1.48405394662447e-24,1.39902592209639e-23
gene-OO714_RS12605,-1.03781280967462,7.32245003438892,1.48896248782093e-24,1.39993986288772e-23
gene-OO714_RS14090,-1.12831904693248,6.30925851774376,1.72839697157058e-24,1.62077119708756e-23
gene-OO714_RS05005,1.5238974985828,5.60879697217249,1.90784630251558e-24,1.78433835766851e-23
gene-OO714_RS05570,-1.01606675363703,6.60595017499825,1.96632598331385e-24,1.83420539230904e-23
gene-OO714_RS11280,1.5491341452325,6.0441881807184,2.06671617050874e-24,1.92280347381886e-23
gene-OO714_RS17720,0.998716279456857,7.24211048806086,2.15906781065657e-24,2.00347963422284e-23
gene-OO714_RS15890,-2.02846988202342,8.81165573621314,2.5225542300528e-24,2.33467649312699e-23
gene-OO714_RS17710,-1.0975811900257,6.54115873197106,2.94682029732269e-24,2.72025956797009e-23
gene-OO714_RS15040,1.14791659276504,7.44615704765739,3.07923844403035e-24,2.83513301297509e-23
gene-OO714_RS12295,1.06302341595017,6.64033679224966,3.65197735800774e-24,3.35377972360711e-23
gene-OO714_RS10805,1.3751474200873,6.12156642186656,5.23415936351456e-24,4.79438205616772e-23
gene-OO714_RS11710,-1.9465946677965,6.66322815936581,5.30840311159652e-24,4.84988808704731e-23
gene-OO714_RS14040,-1.0113174341547,8.03703579891965,5.58245663820315e-24,5.08719253645487e-23
gene-OO714_RS06605,-2.11097910107847,5.44843226521483,5.64529132822156e-24,5.13129549373387e-23
gene-OO714_RS00110,1.29947053845071,8.31647720955643,5.98993298116963e-24,5.43066883037676e-23
gene-OO714_RS05630,1.04173627712154,6.14343003977724,6.09089161996091e-24,5.50814982629544e-23
gene-OO714_RS01730,-0.980142607882499,6.64289659874944,7.45960020160762e-24,6.7287865777953e-23
gene-OO714_RS04945,-0.96034267103501,8.55565762003319,8.56373732275018e-24,7.70519555570991e-23
gene-OO714_RS08880,1.02077193110232,5.37952551024143,1.020927599027e-23,9.16256739126759e-23
gene-OO714_RS03010,1.70084523977648,4.84731069976092,1.14785340933716e-23,1.02757456342173e-22
gene-OO714_RS17795,1.16742814803753,6.41982430821796,1.1588888152736e-23,1.03484694710613e-22
gene-OO714_RS03545,-1.99104677523293,12.7084683112521,1.37571755234295e-23,1.22538851654808e-22
gene-OO714_RS08590,2.08410993948178,4.30919315670934,1.42025560886995e-23,1.26189710848095e-22
gene-OO714_RS05890,1.40044649590122,5.66660359843882,1.47492878001053e-23,1.30720620552554e-22
gene-OO714_RS12225,1.00245057864233,7.04592856607315,1.63318956918031e-23,1.44386958429523e-22
gene-OO714_RS02760,1.15922527197535,6.2621185893538,2.64774608725977e-23,2.33500982484398e-22
gene-OO714_RS10210,-1.19698171057629,8.57430641675141,2.85434484686098e-23,2.51097564003562e-22
gene-OO714_RS04830,-1.15763761951953,10.8356771255329,2.99489194008452e-23,2.62811011236059e-22
gene-OO714_RS11100,1.64031442623941,5.00675873245977,3.41618840858505e-23,2.99042699608652e-22
gene-OO714_RS05160,-2.09589063924169,9.75629006480224,3.57552857366453e-23,3.12221831715079e-22
gene-OO714_RS08280,1.80115489295532,4.2346689740245,3.62845471818862e-23,3.16066864422607e-22
gene-OO714_RS12060,-1.71329593247833,6.52380491533291,4.42461714893971e-23,3.844765121597e-22
gene-OO714_RS10065,1.18623560612324,5.22464067427344,6.13707257317909e-23,5.30908522037059e-22
gene-OO714_RS00780,1.07217603843957,6.81500458206265,6.13965679677071e-23,5.30908522037059e-22
gene-OO714_RS04675,-1.04520105399213,7.17237168617748,7.17196130935457e-23,6.18668701297237e-22
gene-OO714_RS01700,1.00086505802805,6.62281785448159,7.45200400991648e-23,6.41269303904193e-22
gene-OO714_RS02575,-1.87888200361749,4.91425797778534,8.71631193324779e-23,7.48255377071561e-22
gene-OO714_RS14580,-1.4238559592112,5.41543887821641,1.00143000389847e-22,8.57610176832566e-22
gene-OO714_RS00370,1.27193535209277,5.70127049257857,1.01763152030494e-22,8.69390005568209e-22
gene-OO714_RS00425,-1.02972763717137,10.2185988677124,1.21171811331615e-22,1.03272090520998e-21
gene-OO714_RS02860,-1.79655099910386,8.27693177603041,1.23726733919589e-22,1.05197323528761e-21
gene-OO714_RS05485,1.57730986656967,3.78848109586012,1.3284457957879e-22,1.12680104015041e-21
gene-OO714_RS12525,1.29371140862688,4.85512177182249,1.36410099210861e-22,1.15428926808429e-21
gene-OO714_RS12625,1.15896046962724,5.62073321203076,1.56892567054775e-22,1.32445649242915e-21
gene-OO714_RS10500,1.1085677062681,4.63856430739925,1.6787448534165e-22,1.41085538182489e-21
gene-OO714_RS06705,-1.58017918185704,4.45528936282184,1.67921166716918e-22,1.41085538182489e-21
gene-OO714_RS14035,-1.47442453743943,4.92867584208583,2.03342712006488e-22,1.70443395865815e-21
gene-OO714_RS02300,-0.919018864025073,9.45131418339669,2.09908244893954e-22,1.75532682906615e-21
gene-OO714_RS02710,1.05378714016971,7.2803340763062,2.1261417888804e-22,1.77378120133355e-21
gene-OO714_RS07355,-1.16500839265642,6.46449286430486,2.16760830975641e-22,1.80414049950218e-21
gene-OO714_RS15875,-1.03717906230892,8.08591300856479,3.64364339801961e-22,3.02558613003778e-21
gene-OO714_RS09675,1.24441904977081,5.80215977385174,3.84489385520526e-22,3.18525705393927e-21
gene-OO714_RS00355,0.87893904721454,6.55986778089959,3.94355208156168e-22,3.25939165066749e-21
gene-OO714_RS05750,-1.11014679675911,8.87097887777209,5.1776977141501e-22,4.26949830071681e-21
gene-OO714_RS18395,-1.01814189612458,6.64511393599791,5.29725152914511e-22,4.35797035522725e-21
gene-OO714_RS00770,1.20206673966767,9.39033816773542,6.14412785098707e-22,5.04300932619123e-21
gene-OO714_RS02065,-1.22117004756104,9.62413442737579,7.70756493673895e-22,6.31167875234337e-21
gene-OO714_RS08740,-1.92718303541891,5.45429923796866,7.87788072755037e-22,6.43631910476184e-21
gene-OO714_RS09800,1.49212813230205,4.70945530501355,8.71446067632381e-22,7.10348468891166e-21
gene-OO714_RS14800,-1.37178282993335,9.35347973645114,1.07396273791713e-21,8.72493712865046e-21
gene-OO714_RS09235,1.11178262105313,6.7020680838729,1.07527362474646e-21,8.72493712865046e-21
gene-OO714_RS16020,1.01169847359669,6.78169914706663,1.14162824077157e-21,9.24224776241946e-21
gene-OO714_RS08385,1.25878432940231,6.26787486649263,1.34421037658012e-21,1.08575538144676e-20
gene-OO714_RS00915,1.05830118291961,7.36884710021879,1.38373588373666e-21,1.1151467870295e-20
gene-OO714_RS13840,2.43260928665901,2.8493096985161,1.42236476056362e-21,1.1436842441274e-20
gene-OO714_RS02315,-1.00514076889599,8.35405848461391,1.44873713682469e-21,1.16225999645032e-20
gene-OO714_RS04055,-1.35552546738553,12.1868832303901,1.45396471330228e-21,1.16382670970187e-20
gene-OO714_RS13385,-1.27182769542198,5.38739537126959,1.50285717741517e-21,1.20025941764798e-20
gene-OO714_RS00550,-1.42967118730482,6.47025111978028,1.59336826456987e-21,1.26969300723796e-20
gene-OO714_RS13770,2.21668304634387,3.87285854806027,1.8314128182846e-21,1.45567978993912e-20
gene-OO714_RS13755,1.91238348926762,4.42733131985129,1.83633549497473e-21,1.45567978993912e-20
gene-OO714_RS11110,1.02974972747097,6.31508742679937,1.83905522139185e-21,1.45567978993912e-20
gene-OO714_RS14185,1.17588160497322,6.99495296455292,2.00578188037869e-21,1.58412195619242e-20
gene-OO714_RS02340,-1.06658225198764,9.01110522805165,2.2141987966215e-21,1.74484756611814e-20
gene-OO714_RS06180,1.20206576863447,8.25702456508201,2.47065777667407e-21,1.94263666776541e-20
gene-OO714_RS07280,1.72145564302012,5.69582284981586,2.74891192887739e-21,2.15665187532676e-20
gene-OO714_RS15265,-1.07515338307164,10.551225704156,3.06272289324774e-21,2.39755884638821e-20
gene-OO714_RS00930,-1.02078836173686,7.31079158948727,3.2478213424202e-21,2.53686968152998e-20
gene-OO714_RS09435,-0.81353709431178,6.80074191790188,3.34313961899945e-21,2.60559609779036e-20
gene-OO714_RS02185,0.890396098328965,7.93352437917486,3.84604073366246e-21,2.9909909775572e-20
gene-OO714_RS08775,1.90566650924914,4.70347869678478,3.86706437343772e-21,3.00077440681171e-20
gene-OO714_RS16955,1.20739249473383,6.88263829018451,4.19947469089458e-21,3.25161940118504e-20
gene-OO714_RS10800,2.91548955173931,3.11202771631334,4.44826897412366e-21,3.43677129000771e-20
gene-OO714_RS07485,-1.4729953006004,5.79024891007533,5.22248310962591e-21,4.0261832910218e-20
gene-OO714_RS14245,-1.1922845274404,6.99757892829963,5.69142437202147e-21,4.37820827232993e-20
gene-OO714_RS14830,-1.235757971894,6.21420103897092,5.9139581691666e-21,4.53956961840564e-20
gene-OO714_RS01445,-0.937856798857372,9.24427251487957,7.31777369985919e-21,5.60503614855594e-20
gene-OO714_RS15240,-1.46718535552465,8.32020389094821,7.47474587114321e-21,5.71295630667591e-20
gene-OO714_RS14865,1.08434369435315,6.67620571619771,7.57174933195634e-21,5.77467749480103e-20
gene-OO714_RS07450,-1.17791865687202,6.44530946586584,8.86956812833082e-21,6.74998825012586e-20
gene-OO714_RS17340,-0.947846530896842,7.40629589861331,9.41017675098353e-21,7.14610431046912e-20
gene-OO714_RS03845,1.13661533779216,6.37520202483983,9.52572388441214e-21,7.21842701176988e-20
gene-OO714_RS04210,-1.00253845065186,8.04852821233133,9.94081120959739e-21,7.51694532742748e-20
gene-OO714_RS06150,-1.315983733562,7.05428918062041,1.30082279827066e-20,9.79739885834784e-20
gene-OO714_RS12365,1.35163568944806,6.88020010937402,1.30117396205407e-20,9.79739885834784e-20
gene-OO714_RS16285,-0.885502859231356,7.89170393966276,1.51184362117048e-20,1.13596030224945e-19
gene-OO714_RS03765,0.911257580129559,5.64648358049469,1.52631750062422e-20,1.14441611755664e-19
gene-OO714_RS01335,1.18847465432958,5.14220175257155,1.53160278313304e-20,1.1459613244747e-19
gene-OO714_RS13660,-1.3793569723822,9.32440403669418,1.57382935865341e-20,1.1750818362719e-19
gene-OO714_RS04360,-1.53323697676945,6.0075819651583,1.84156885817416e-20,1.37210392493731e-19
gene-OO714_RS15365,-1.35682442984622,7.70515636636737,1.85885472002079e-20,1.3820857060573e-19
gene-OO714_RS03505,1.61148563716548,4.58588722629352,1.9195026564861e-20,1.42419883948885e-19
gene-OO714_RS14385,-0.986851819739327,9.96714618983722,1.94351873761976e-20,1.43901366531263e-19
gene-OO714_RS16260,1.05482714559669,6.50502227483499,2.10484433345207e-20,1.55522177985211e-19
gene-OO714_RS15700,-1.34430349497354,6.25953319818803,2.23083285785284e-20,1.64489211137116e-19
gene-OO714_RS04550,-2.38216345150058,6.02347799506467,2.48191455194596e-20,1.82623691876107e-19
gene-OO714_RS01285,-1.55820907527003,9.55089947446956,2.73147853166378e-20,2.00571791353989e-19
gene-OO714_RS05545,-1.40995957995192,6.17822518309725,3.01564653263405e-20,2.20981603649101e-19
gene-OO714_RS12455,-1.31150804292994,7.46953776434207,3.32817155499426e-20,2.43381105070979e-19
gene-OO714_RS05815,1.10675598937198,5.70315418708084,3.58028303992411e-20,2.61279793098363e-19
gene-OO714_RS00265,-3.45692010071364,7.38819458007515,3.71576867029935e-20,2.70611513406637e-19
gene-OO714_RS04845,1.64762926501718,5.71383274524412,3.72591481845806e-20,2.70795526887524e-19
gene-OO714_RS01830,0.999740232144784,7.38813242469733,4.2184914047935e-20,3.05969764339512e-19
gene-OO714_RS11635,1.94028197053944,3.47766937925621,4.47578386386992e-20,3.23970180289077e-19
gene-OO714_RS10730,1.64672793606942,4.18173038235226,5.4569161247529e-20,3.94184550962842e-19
gene-OO714_RS04840,1.3686477457237,4.19819608003769,5.5430841558185e-20,3.99596776668944e-19
gene-OO714_RS09990,1.04993950435732,4.97342639757718,5.74145212073373e-20,4.13059126256835e-19
gene-OO714_RS11755,1.15004642573935,6.40929672075263,6.18953352993284e-20,4.44396003341037e-19
gene-OO714_RS11540,1.29303603735133,5.22028285880109,6.32117932064069e-20,4.5293288922494e-19
gene-OO714_RS04205,-1.36469282830282,8.36086756901237,6.94431942440008e-20,4.96581714976215e-19
gene-OO714_RS10385,1.00557328214111,6.02649067187983,7.6919845069837e-20,5.48942026863857e-19
gene-OO714_RS09190,1.16606918659107,7.15762558187442,7.72190039815495e-20,5.49972625551958e-19
gene-OO714_RS17955,1.29123173348461,8.44312956308007,8.33996817053447e-20,5.9280493756159e-19
gene-OO714_RS03905,0.939311611050329,10.0899013803392,8.98108435547746e-20,6.37101273440457e-19
gene-OO714_RS09910,1.4327716425778,4.32554632992219,9.66984976017117e-20,6.84594542781839e-19
gene-OO714_RS06625,1.23998715879157,6.58834981047282,1.17486594154021e-19,8.30114027084273e-19
gene-OO714_RS07420,-1.00351515652913,5.04743662580791,1.24967240546728e-19,8.81217406553712e-19
gene-OO714_RS08820,-0.884049480056648,6.76369424859721,1.27626406715699e-19,8.98186632609095e-19
gene-OO714_RS16405,-0.933032252297934,8.50208176737729,1.30176431595507e-19,9.1432220926963e-19
gene-OO714_RS14555,-0.931930018030129,8.44362789707739,1.32042926145648e-19,9.25602681502235e-19
gene-OO714_RS01280,-0.830907652268848,9.03819390564624,1.37556662002891e-19,9.62355072358809e-19
gene-OO714_RS09790,1.18582182075067,5.04571652397834,1.39289393377731e-19,9.72562876354529e-19
gene-OO714_RS01760,0.923728165359408,7.29695670948291,1.61135168706333e-19,1.12289095996531e-18
gene-OO714_RS02450,-1.36976555670203,9.40807871290326,1.88113209010928e-19,1.30743348472973e-18
gene-OO714_RS17830,-1.09037346046171,6.86303418346138,1.88352826162528e-19,1.30743348472973e-18
gene-OO714_RS13585,-0.908801329930818,6.27777434600454,1.91685456183186e-19,1.32797292646207e-18
gene-OO714_RS07380,-1.10482419665973,6.86114802991136,1.93052514818055e-19,1.33484170751628e-18
gene-OO714_RS14745,-1.33860334132356,10.0475954596874,2.05539680307617e-19,1.41842334721024e-18
gene-OO714_RS07965,1.18110168698359,4.57230973035914,2.17834814647774e-19,1.50035839391122e-18
gene-OO714_RS04375,-0.90974616432528,7.0612129909399,2.5021912988147e-19,1.72007502436894e-18
gene-OO714_RS09405,-1.09828791651626,5.5099171794947,2.5131523060443e-19,1.72427476750607e-18
gene-OO714_RS06120,-1.17577742292032,7.07131266467342,2.68035552449538e-19,1.83544962120551e-18
gene-OO714_RS13940,-1.08051535197144,7.95386270840651,2.87466967011584e-19,1.96472615530609e-18
gene-OO714_RS08265,2.13878959862912,4.51925345190441,2.8830424063136e-19,1.96666654741622e-18
gene-OO714_RS12735,-1.34813562555201,6.69875062431385,3.1725358455904e-19,2.15999854314718e-18
gene-OO714_RS14145,-1.03290383356095,10.9927888176676,3.35844012506003e-19,2.28219812704844e-18
gene-OO714_RS06270,-0.885014403981457,6.67726488701686,3.64380514081421e-19,2.47138997527742e-18
gene-OO714_RS00585,-0.901119157650367,8.23406907052736,3.66394990816859e-19,2.48031961402498e-18
gene-OO714_RS04690,-1.49664817055034,11.5916203416813,3.73296628171978e-19,2.52223615308595e-18
gene-OO714_RS17905,1.3769317979332,4.9463595330729,4.40449935373964e-19,2.97032081654472e-18
gene-OO714_RS15575,1.0533797771965,9.23801400898563,4.46754839840218e-19,3.0071339030154e-18
gene-OO714_RS03825,1.16272107675275,6.83572448347344,5.1088144502252e-19,3.43227345105867e-18
gene-OO714_RS07500,-1.19554165222905,7.89814099206112,5.32115949890939e-19,3.56818884134415e-18
gene-OO714_RS15965,-1.04506887213472,8.47453989221507,5.99106412399652e-19,4.00983839862215e-18
gene-OO714_RS05605,-0.930695174381439,5.62113895040402,6.35013558562218e-19,4.24217704347767e-18
gene-OO714_RS04050,0.873865032991274,7.39690158588932,6.789393277114e-19,4.52711138965537e-18
gene-OO714_RS14425,-1.00499321838714,8.09376811430883,7.07973441395645e-19,4.71186818486914e-18
gene-OO714_RS16665,-1.37554575811201,6.20716495768917,7.64857537243925e-19,5.08094147171011e-18
gene-OO714_RS00645,-1.63392312509189,9.64241950154763,7.92195786868341e-19,5.25273101964568e-18
gene-OO714_RS14075,-1.05014612074314,7.53425401643062,8.24354134396414e-19,5.45578136619154e-18
gene-OO714_RS09650,1.25373915311065,4.91005941746392,8.5667821431498e-19,5.65917169828149e-18
gene-OO714_RS17975,-1.19946996268345,10.5551742532928,9.10366291963313e-19,6.00267495665605e-18
gene-OO714_RS01250,-1.14479637973774,7.97313141773282,9.36263530589457e-19,6.16200108836098e-18
gene-OO714_RS12765,1.09870758976762,6.56903604079914,1.07103589933025e-18,7.03597335715288e-18
gene-OO714_RS17870,1.05330801306455,8.3635324967171,1.09101156970688e-18,7.15397623383444e-18
gene-OO714_RS14180,-0.828557372605887,9.07054438823615,1.12255534283033e-18,7.34725909469428e-18
gene-OO714_RS11650,-1.29195087383916,5.35768384466567,1.27491879440736e-18,8.32915697669809e-18
gene-OO714_RS17860,-1.00617578812236,8.34894807628907,1.48448276781887e-18,9.68046193913444e-18
gene-OO714_RS10415,1.74836013119634,7.09713075513228,1.55143619383859e-18,1.00985425511032e-17
gene-OO714_RS13335,-0.977275830513764,7.22143249749603,1.57494544535671e-18,1.0232826531623e-17
gene-OO714_RS14870,1.15604919018027,5.22699229232828,2.03981110124093e-18,1.32289938938143e-17
gene-OO714_RS03255,1.5430319437408,5.54307999877867,2.47425313512433e-18,1.60172962517885e-17
gene-OO714_RS12740,-1.02201597189043,5.92465429023778,2.53188863684963e-18,1.63606040279338e-17
gene-OO714_RS02680,0.909267078709309,9.3309096076031,2.71473033610834e-18,1.75102570136643e-17
gene-OO714_RS02790,-0.946649228736773,10.7126821113535,2.85099373071407e-18,1.83558545633293e-17
gene-OO714_RS15680,-1.38435059231394,10.3320130684486,2.96528791447106e-18,1.9057202980163e-17
gene-OO714_RS05310,-0.981175893108275,9.58975690333869,3.08385670405315e-18,1.97834417440522e-17
gene-OO714_RS16995,-0.815826109073275,7.22619001011009,3.33174135150554e-18,2.1335150924776e-17
gene-OO714_RS16075,1.09088865339797,7.91234473302614,3.40014385260368e-18,2.17340130434415e-17
gene-OO714_RS13620,-1.07978866709708,6.40955607531799,3.53396426457801e-18,2.25488491854762e-17
gene-OO714_RS03550,-1.65320910194443,10.9092686066487,3.58082568357186e-18,2.28069076692014e-17
gene-OO714_RS12195,-0.736055752750473,6.38912605596374,3.99803632649246e-18,2.5418642404927e-17
gene-OO714_RS10790,1.72453447441042,4.07093315526086,4.1127458724274e-18,2.61012479117981e-17
gene-OO714_RS11435,1.17680060838536,8.84683600699643,4.86291910945349e-18,3.08071559982134e-17
gene-OO714_RS16330,1.33004861569497,5.53942335440422,4.9624437407316e-18,3.13817171789325e-17
gene-OO714_RS00705,-0.913358305861795,7.75321515916279,6.42071984991556e-18,4.05315068323266e-17
gene-OO714_RS12600,-0.880960308989928,7.78086945888468,6.71521728111133e-18,4.23153940018965e-17
gene-OO714_RS09230,0.835707316778785,5.67520462980772,7.66626865589935e-18,4.82228651381704e-17
gene-OO714_RS14485,-0.845428342328949,6.33004839913623,7.86032568147148e-18,4.93561792790629e-17
gene-OO714_RS10780,1.93658100977134,4.22559291364495,8.0947312746937e-18,5.07384037923481e-17
gene-OO714_RS05975,1.16903973579889,4.85177237119833,8.40807971789185e-18,5.26097100658233e-17
gene-OO714_RS09945,-0.806448919200633,9.2780768658495,8.52699755155151e-18,5.32600163413253e-17
gene-OO714_RS11370,1.80303643627984,3.42301335505537,8.61388142022625e-18,5.3708306258744e-17
gene-OO714_RS13810,-0.819841856176726,6.90601487526625,8.77430354824719e-18,5.46127404736786e-17
gene-OO714_RS01800,-0.948418370008411,6.19526331169459,1.08655298586573e-17,6.74442175264039e-17
gene-OO714_RS01690,-1.58229261911097,6.68144668945901,1.08738144745722e-17,6.74442175264039e-17
gene-OO714_RS06765,1.06174053193896,4.89466097428416,1.12560126830089e-17,6.96931516993271e-17
gene-OO714_RS04910,-1.03537705110181,5.58199282873917,1.16030765104029e-17,7.17171024660379e-17
gene-OO714_RS12010,1.35087897507538,4.75413357408942,1.18431075024475e-17,7.30736181661432e-17
gene-OO714_RS16670,-1.32020023761702,10.4609140656004,1.2334006069805e-17,7.59706370400122e-17
gene-OO714_RS03275,0.996196578151251,7.5281275096297,1.25687651870202e-17,7.72826842122312e-17
gene-OO714_RS18420,1.32207918472494,6.83500860539276,1.32277482790434e-17,8.11941578302596e-17
gene-OO714_RS04440,1.07067843434249,5.55668304893615,1.36302472424038e-17,8.35205149991435e-17
gene-OO714_RS15465,1.42049570486802,5.39852755813894,1.39706651297245e-17,8.5459111654115e-17
gene-OO714_RS01970,-0.912287013677517,8.88618957177123,1.48816196534167e-17,9.08750451000736e-17
gene-OO714_RS01580,1.4035384324727,4.0964222563113,1.50944030840777e-17,9.20163097097981e-17
gene-OO714_RS00445,-1.17795165282643,7.26848446655447,1.59006114222254e-17,9.67650222510085e-17
gene-OO714_RS14995,-1.17892154009226,6.32308589353878,1.6200684079546e-17,9.84226174678744e-17
gene-OO714_RS11105,1.10487732071382,9.21645655465769,1.70849193997153e-17,1.03617412195543e-16
gene-OO714_RS13985,0.88417894575245,7.8641076898433,1.84712558078896e-17,1.11834485760204e-16
gene-OO714_RS16130,0.88527122519147,6.46159161555865,1.86115589711213e-17,1.12492313917287e-16
gene-OO714_RS14500,-1.06334736252119,6.59501435809901,1.88228198169171e-17,1.13576063886797e-16
gene-OO714_RS15615,-1.72400365349439,9.2636941227911,2.04347259495148e-17,1.23093247499281e-16
gene-OO714_RS14795,1.9107919758002,3.59173903287618,2.06421802205832e-17,1.24132501698736e-16
gene-OO714_RS00120,-0.784461516184513,7.32896518201008,2.2409404722182e-17,1.34532135781478e-16
gene-OO714_RS11985,1.56759397964831,3.46957987483792,2.71941291890496e-17,1.62981340873326e-16
gene-OO714_RS18055,1.3363386212922,7.78320770711133,2.8402121797669e-17,1.699345805874e-16
gene-OO714_RS14715,-2.60945220128388,6.29429624371133,3.01580158198838e-17,1.80137123065323e-16
gene-OO714_RS08965,1.23585376197549,5.29024699227542,3.30382703740115e-17,1.97010088773888e-16
gene-OO714_RS09320,-0.786977260312036,8.90750938302894,3.98455938084695e-17,2.37204757781073e-16
gene-OO714_RS11595,-1.10302723037903,6.07327982142201,4.17719032705341e-17,2.48256428467355e-16
gene-OO714_RS07260,-2.3067846897051,6.60433383448963,4.24232462138214e-17,2.51706539305378e-16
gene-OO714_RS11200,1.20083019977061,5.2199323189967,4.27808372811878e-17,2.53405159495569e-16
gene-OO714_RS01645,1.19140354784194,6.72286005014618,4.72800503932781e-17,2.79589515969568e-16
gene-OO714_RS06440,1.17426688583564,6.06777868497936,5.5025318629901e-17,3.24850469120711e-16
gene-OO714_RS09110,-1.32717673185528,8.08597038986937,5.74315129723093e-17,3.38493527534971e-16
gene-OO714_RS15910,-0.901350298255084,9.8859038139183,6.43870730145277e-17,3.78860360088794e-16
gene-OO714_RS02290,1.06352303022195,6.09473052517433,6.46638251132077e-17,3.79859891656761e-16
gene-OO714_RS11500,-0.840887819950623,7.27572566402475,6.63475390662722e-17,3.89107514589986e-16
gene-OO714_RS17560,1.19039976825959,7.51876368071258,6.73390303297691e-17,3.94271686642503e-16
gene-OO714_RS16410,0.809456459025753,5.90344935183608,7.13335669789198e-17,4.16972856978752e-16
gene-OO714_RS04730,1.08383051107946,9.56663753416877,7.62598357351723e-17,4.45036873896227e-16
gene-OO714_RS13600,-0.939142784298107,5.91568155059196,8.34596937078753e-17,4.86255330225883e-16
gene-OO714_RS04630,-1.10312263823428,7.61535252307316,8.38589621449533e-17,4.87781917288321e-16
gene-OO714_RS18155,-0.913537798876255,8.77001095747593,8.51004259629991e-17,4.94194303713233e-16
gene-OO714_RS12005,2.07588608564134,2.72949106738404,9.13459414581378e-17,5.29597840036251e-16
gene-OO714_RS08955,-1.04392192421993,8.16480828237009,9.3020347011465e-17,5.38427220323691e-16
gene-OO714_RS00830,-0.926204607477656,7.70881749987835,9.43268762554814e-17,5.4510198083249e-16
gene-OO714_RS12710,-2.58464321668579,5.69166326035005,1.0067608887972e-16,5.80848733569036e-16
gene-OO714_RS09715,1.08017278335179,5.54434346700497,1.10566927361931e-16,6.36879837673102e-16
gene-OO714_RS05270,-1.30252486952603,9.28442723847488,1.21642845104506e-16,6.99544775892257e-16
gene-OO714_RS11480,-0.870520147338497,6.71925223879323,1.41628841431751e-16,8.13164624310891e-16
gene-OO714_RS17740,-0.88934625285178,8.38918092508699,1.53242969948016e-16,8.78428250314918e-16
gene-OO714_RS15475,1.86309030715053,3.21177093165881,1.5363969794596e-16,8.79284197262388e-16
gene-OO714_RS18150,-0.783783076749859,6.94865439495296,1.56267874298441e-16,8.92887500412636e-16
gene-OO714_RS00500,-0.886992359714589,7.52275556972284,1.58302834764535e-16,9.03063041337332e-16
gene-OO714_RS01980,0.898513636001558,7.57926447260687,1.68080368464131e-16,9.57303893463978e-16
gene-OO714_RS06100,1.1171903682644,5.26136284427352,1.8211059563979e-16,1.0355536910461e-15
gene-OO714_RS12280,2.96651290705856,2.04492446921319,2.02360381761723e-16,1.14886389262167e-15
gene-OO714_RS02100,-0.987144833812533,8.85168018512567,2.09155289768489e-16,1.18554688969252e-15
gene-OO714_RS09465,-0.88923932407908,5.85663720892768,2.1148470047227e-16,1.196841760316e-15
gene-OO714_RS10695,0.960114081171502,5.20830974652626,2.32348242253004e-16,1.31282297769026e-15
gene-OO714_RS06925,0.906909559311284,5.84557132997602,2.33148480567011e-16,1.31525349196057e-15
gene-OO714_RS07295,-0.799192749544545,8.54913679092609,2.68263358882483e-16,1.51094766635237e-15
gene-OO714_RS07085,-0.891223599207686,6.78670458815976,2.78672072424976e-16,1.56708947056704e-15
gene-OO714_RS03800,-1.03470252234581,6.43318021717486,3.34069106152127e-16,1.87564234323011e-15
gene-OO714_RS06795,1.38552747257598,6.75453975302761,3.41344793155231e-16,1.91346907708784e-15
gene-OO714_RS03760,1.06599371284447,6.2237997103032,3.87472436400652e-16,2.16862525821719e-15
gene-OO714_RS02180,1.02056956659182,6.07596410383634,5.20000911595796e-16,2.90579125756519e-15
gene-OO714_RS02385,0.969275992339407,6.79661719033722,5.25233009814308e-16,2.93042090562017e-15
gene-OO714_RS04130,0.821167606846838,6.45432667366926,5.61646145881957e-16,3.12530104822211e-15
gene-OO714_RS09155,-0.751411851299322,8.57659593748407,5.61921038214386e-16,3.12530104822211e-15
gene-OO714_RS04500,1.0032451905623,7.34800779073352,6.47283739860425e-16,3.59444751791242e-15
gene-OO714_RS03470,0.714452132812175,6.8567834466036,6.63662629800181e-16,3.67965208472675e-15
gene-OO714_RS00005,0.809487521855079,10.1451097985317,6.65513912056902e-16,3.68416891503151e-15
gene-OO714_RS11915,1.45548984536306,3.91440863497344,7.31430011484594e-16,4.04277178976088e-15
gene-OO714_RS07700,-1.15522287772461,5.79313247450547,7.63424076587688e-16,4.21305771458485e-15
gene-OO714_RS02635,-1.17415960879766,9.84647533151059,7.76076085350286e-16,4.27623939121692e-15
gene-OO714_RS17735,0.868987274749752,9.14733092147356,8.28628209335246e-16,4.55873785755026e-15
gene-OO714_RS08860,-0.959350950102358,6.62303778733118,8.4701118941251e-16,4.65267042839577e-15
gene-OO714_RS04935,-1.85463810034014,8.55498217515173,9.72485639267768e-16,5.33366352153958e-15
gene-OO714_RS08015,1.27035800090131,3.76946311748613,9.80051615121033e-16,5.36687741161811e-15
gene-OO714_RS16555,0.841400852787719,6.29298538364319,9.87862012948408e-16,5.40132552925945e-15
gene-OO714_RS00540,-0.73106823197843,7.45538880958643,1.00663171979789e-15,5.49549789886589e-15
gene-OO714_RS05555,0.919413743618726,7.35761379892229,1.03813112613131e-15,5.65876997280779e-15
gene-OO714_RS12730,-0.853043636053241,8.31516198162869,1.04431795241552e-15,5.68377642095676e-15
gene-OO714_RS09565,-0.744774858168545,6.88430040519296,1.23207634646393e-15,6.69541182772599e-15
gene-OO714_RS08305,1.31479589380363,4.91168064938138,1.28668921362022e-15,6.97231728989559e-15
gene-OO714_RS09295,1.02232746806231,5.70385199113036,1.28695558305332e-15,6.97231728989559e-15
gene-OO714_RS16890,-1.05142331680927,8.63226933275317,1.30940404050106e-15,7.08313844739843e-15
gene-OO714_RS13300,-0.866548378070909,8.81324729641412,1.44870722751009e-15,7.82478037472777e-15
gene-OO714_RS09455,-2.08415356618028,3.59247020818634,1.54980045309593e-15,8.35810441624117e-15
gene-OO714_RS17130,0.701420757443274,6.95726529300664,1.59397993404274e-15,8.58334043270896e-15
gene-OO714_RS07435,-1.0320633769221,10.0222766116805,1.64353577941038e-15,8.83680205752568e-15
gene-OO714_RS12275,1.33655765905354,4.22629866418835,1.79034022740688e-15,9.61158484622967e-15
gene-OO714_RS09410,0.96907508305215,6.28508665755213,1.7974353155787e-15,9.63512083192563e-15
gene-OO714_RS03155,0.791812404802268,7.81432702047856,1.83791534366019e-15,9.83727580025349e-15
gene-OO714_RS09750,-1.07925533922813,6.80423891773265,1.96973698380142e-15,1.05269853239553e-14
gene-OO714_RS10070,0.905048618420404,5.77241198127108,1.99174115325786e-15,1.06286006887064e-14
gene-OO714_RS15190,0.812556764463924,10.0902518352519,2.06509864665137e-15,1.10035391157406e-14
gene-OO714_RS04030,-0.803717759851993,8.9170632314159,2.10728111843497e-15,1.12114926570627e-14
gene-OO714_RS10420,1.58522911941496,6.62033735471232,2.28256509177101e-15,1.21259138059106e-14
gene-OO714_RS08065,1.07660640671686,5.94258969596764,2.32676972539249e-15,1.23422979164849e-14
gene-OO714_RS09575,-1.42039212456926,5.7925806217267,2.33533180265487e-15,1.23692536909619e-14
gene-OO714_RS11620,0.832689069848527,5.78014141789314,2.4016193086658e-15,1.2701421165176e-14
gene-OO714_RS12815,1.30495600144098,5.94672771314539,2.42006096401752e-15,1.27799356108741e-14
gene-OO714_RS01460,1.79025812855998,3.90843806328799,2.43140381610356e-15,1.28207851074659e-14
gene-OO714_RS05040,-1.08140169804524,5.20300549474115,2.74363812601407e-15,1.44457628145985e-14
gene-OO714_RS04495,0.984341611725892,7.83863744287128,2.82022860603129e-15,1.4827059860703e-14
gene-OO714_RS02870,-1.23700183766052,9.51763894798228,3.01710064837184e-15,1.58386642604336e-14
gene-OO714_RS12050,-1.25394540878081,8.9931660001474,3.08622429552772e-15,1.61776418087102e-14
gene-OO714_RS07235,3.4589357116986,1.57823540051593,3.10258585941553e-15,1.62244481265255e-14
gene-OO714_RS12855,1.10152110308415,6.08439535724248,3.10428382837292e-15,1.62244481265255e-14
gene-OO714_RS04740,-0.963099331898344,10.3184230903635,3.13371174674987e-15,1.63542019793672e-14
gene-OO714_RS10905,1.02938468834565,5.62492252150654,3.17584059653318e-15,1.65497617009955e-14
gene-OO714_RS06385,0.76624639243785,8.56375233286505,3.19167538400014e-15,1.66079272543726e-14
gene-OO714_RS13820,1.01612936324105,5.7296176471435,3.31918532956556e-15,1.72461764053743e-14
gene-OO714_RS07490,-1.78483924623979,10.8348030189574,3.32883533973923e-15,1.72710668575667e-14
gene-OO714_RS07940,-0.808541343939376,5.1465742413116,3.46158540672351e-15,1.79336363491186e-14
gene-OO714_RS08875,-1.10220605864033,7.67726027683135,3.5172613208192e-15,1.81955556538449e-14
gene-OO714_RS06235,-1.6025693912625,9.57092872971559,3.62696244393608e-15,1.87357914618442e-14
gene-OO714_RS02425,0.958795811697336,6.44095224636374,3.63463550899984e-15,1.87481779375696e-14
gene-OO714_RS03835,2.22515521476469,2.90789496078389,3.66319239231198e-15,1.88680953076475e-14
gene-OO714_RS13945,-0.942746300710174,7.08480138984232,3.78718444579089e-15,1.94785145012168e-14
gene-OO714_RS09730,-1.45654955530608,6.0819359803442,3.79596611104388e-15,1.94954675703034e-14
gene-OO714_RS12590,-0.847183592156368,9.47056881630492,4.15050658840369e-15,2.1285570584685e-14
gene-OO714_RS00760,-1.3927568898797,12.0384643848951,4.17763824695411e-15,2.13938419735949e-14
gene-OO714_RS03530,-1.22278801561988,4.74813230357491,4.34129887470518e-15,2.2199965756406e-14
gene-OO714_RS00410,0.910675460809244,6.89671386208659,4.65661819364018e-15,2.37781911784442e-14
gene-OO714_RS09390,-0.737175104066771,6.59878674996469,4.70074141629834e-15,2.39690602489588e-14
gene-OO714_RS04000,1.06012623570258,4.06255203272425,5.45435240107892e-15,2.77670860815763e-14
gene-OO714_RS04235,0.874063326800464,8.40886056867543,5.46122486522843e-15,2.77670860815763e-14
gene-OO714_RS12650,-0.723481578612344,7.68826952242782,5.76251341647549e-15,2.92571038316484e-14
gene-OO714_RS09980,-2.3635705457532,6.37185976950153,5.7739408276194e-15,2.92733034256196e-14
gene-OO714_RS16335,-1.06875395459414,7.38399169130336,6.89685625974917e-15,3.4916562887676e-14
gene-OO714_RS07065,-1.34126649466059,6.71120670929366,7.41084200053493e-15,3.7465337795023e-14
gene-OO714_RS16265,-0.838045511051189,7.69389879720433,7.75280444838854e-15,3.91384474567796e-14
gene-OO714_RS03270,-0.777644702427557,8.16875323108767,9.7056077504456e-15,4.89272765178492e-14
gene-OO714_RS07945,-1.43821211527952,5.92436805995863,1.03169661125617e-14,5.19355489575696e-14
gene-OO714_RS16475,1.1703432698759,8.21033066893259,1.09779620297639e-14,5.51848331736646e-14
gene-OO714_RS06490,1.24842210964236,5.17042128098961,1.18567689680473e-14,5.95183007237856e-14
gene-OO714_RS16240,0.880315429138116,5.24169408756469,1.31753032095201e-14,6.60437624917268e-14
gene-OO714_RS02400,0.940754159497733,7.39893390620387,1.34028018472408e-14,6.70895179790056e-14
gene-OO714_RS13090,1.52354874272098,5.23280280886132,1.35833580981381e-14,6.7897685908274e-14
gene-OO714_RS07585,1.15438821511779,5.49298952655015,1.46457393389034e-14,7.31052775427848e-14
gene-OO714_RS18360,0.815836751842163,8.89136205156225,1.48024643143671e-14,7.37839525571678e-14
gene-OO714_RS07140,-0.865565896087019,10.094870658274,1.51240123206327e-14,7.5281148161805e-14
gene-OO714_RS05400,-0.745667528502872,6.9305920022596,1.52565903461375e-14,7.58348560701718e-14
gene-OO714_RS14735,-1.3765225062986,11.2899573546616,1.56148772423147e-14,7.75073655295898e-14
gene-OO714_RS11660,-0.964067431736411,8.6120114761503,1.6171124828247e-14,8.01564541695814e-14
gene-OO714_RS14150,-1.08519822374458,9.68514520859809,1.65434200230254e-14,8.18876250164793e-14
gene-OO714_RS03485,0.992161945747248,6.14822106552475,1.72703228240765e-14,8.53667973807619e-14
gene-OO714_RS13720,0.89844969929513,5.5537244738384,1.80626688859266e-14,8.91593405841435e-14
gene-OO714_RS00360,-1.18505535826559,4.38857077095552,1.8171747639921e-14,8.95733579920653e-14
gene-OO714_RS01590,1.00372105505806,5.37298966213032,1.89957083931371e-14,9.35051906221735e-14
gene-OO714_RS10525,1.02839099977245,6.96362481876964,1.99828876090338e-14,9.82284682745592e-14
gene-OO714_RS06460,0.871464923994133,7.89522799543849,2.10190325209087e-14,1.03179062954847e-13
gene-OO714_RS01765,0.819243725205078,8.4682312313576,2.12686488539844e-14,1.04260383485601e-13
gene-OO714_RS07460,-0.81518287352794,6.96184560549079,2.22521030674069e-14,1.0893109407929e-13
gene-OO714_RS14845,0.973665120632804,5.64085889495803,2.30596203483407e-14,1.12728873064653e-13
gene-OO714_RS11905,1.2383322700704,4.71436338254933,2.79726567177374e-14,1.36558821394009e-13
gene-OO714_RS18345,-0.995079364006307,8.86792845161648,2.84804579052547e-14,1.38847115768553e-13
gene-OO714_RS07695,1.01890503000777,5.42492557068807,2.94061877418458e-14,1.43163823608931e-13
gene-OO714_RS05620,-0.927448826530095,6.36009614389595,3.0095310083114e-14,1.46318374877411e-13
gene-OO714_RS15030,0.744641058599282,7.60385610427715,3.06617202318958e-14,1.48868515989287e-13
gene-OO714_RS18065,-1.03536745443176,7.63138086516742,3.10800116007739e-14,1.5069353510116e-13
gene-OO714_RS06430,-1.48000123141059,11.143477121884,3.12530009633354e-14,1.51325838451899e-13
gene-OO714_RS02160,0.834419881000489,5.44572680631693,3.48916094898945e-14,1.68713986567463e-13
gene-OO714_RS15375,0.733154357928125,6.39044999248588,3.78084304749577e-14,1.82569513461956e-13
gene-OO714_RS12660,-0.754827082801794,6.38394971564276,3.79883953088382e-14,1.83189629481155e-13
gene-OO714_RS02430,-0.825417972601396,7.23869570107838,3.82846747945114e-14,1.8436820354972e-13
gene-OO714_RS11375,0.740088076418788,6.58110696580584,3.91361713968948e-14,1.88213739031886e-13
gene-OO714_RS17530,1.3108285537474,4.50295979908843,3.95119962097278e-14,1.89764370985639e-13
gene-OO714_RS10490,1.14777416428295,5.69366774771975,4.03485429896379e-14,1.93520542220207e-13
gene-OO714_RS18015,-1.44515590396194,11.3027790341383,4.65201333227617e-14,2.22820153408484e-13
gene-OO714_RS16390,-0.842069819958977,5.9319769042112,4.98164436445989e-14,2.38287537971607e-13
gene-OO714_RS15600,-0.821148706639907,7.83608798371313,5.06096196969259e-14,2.41756167208165e-13
gene-OO714_RS08490,0.829762459371054,5.7068928634274,5.10911600207304e-14,2.43728835857283e-13
gene-OO714_RS05490,1.50604446591164,3.96137692397928,5.29198219710245e-14,2.52114004403513e-13
gene-OO714_RS06325,0.755950644698306,5.92903770348267,5.50809311682684e-14,2.61791539788114e-13
gene-OO714_RS07270,-1.65756472665995,4.59204029590048,5.51595148114867e-14,2.61791539788114e-13
gene-OO714_RS13855,1.34992058954524,5.20820152836678,5.51721618743098e-14,2.61791539788114e-13
gene-OO714_RS07340,-1.69790232405539,6.53734817638171,5.65827480694798e-14,2.68126782185242e-13
gene-OO714_RS13685,1.06501720666929,4.19496736578491,5.9794428271384e-14,2.82968572671769e-13
gene-OO714_RS05595,1.00760795587158,8.03881136627121,5.99421023506499e-14,2.83290201800811e-13
gene-OO714_RS13730,1.25921263920209,4.42873760804161,6.12730981769298e-14,2.89196003878896e-13
gene-OO714_RS03815,-0.808336513300577,10.0464190918317,6.52062995058364e-14,3.0735170881133e-13
gene-OO714_RS16395,-0.783984730368777,8.55014196438096,6.97943213035328e-14,3.28541745579809e-13
gene-OO714_RS10680,1.12441367706306,5.53238069735427,7.18357356512928e-14,3.37703974212559e-13
gene-OO714_RS16710,-1.15407548900943,9.02443083342592,7.24420078190927e-14,3.40104221650007e-13
gene-OO714_RS17730,0.859544912364439,7.03766650593425,7.27325129436605e-14,3.41017613458798e-13
gene-OO714_RS00685,-0.80347060996399,7.15016841454967,7.77196315072701e-14,3.63920382578179e-13
gene-OO714_RS15390,1.05080270924607,7.42267920877192,7.9415184640888e-14,3.71370481860153e-13
gene-OO714_RS10785,2.01033769729058,4.00465792350276,7.97538498811108e-14,3.72464103124136e-13
gene-OO714_RS17655,1.23240210771126,5.28457143837928,8.3473710142045e-14,3.89324889560142e-13
gene-OO714_RS06685,-2.54491206874738,5.22541080883471,8.37192069995136e-14,3.89958141122243e-13
gene-OO714_RS09315,-0.99154091196126,12.1970777588309,9.74887068840341e-14,4.53501131238033e-13
gene-OO714_RS02615,0.757984384690356,7.38256177529079,1.00243521605061e-13,4.65706504293317e-13
gene-OO714_RS09595,-2.02826176646668,5.75509561312828,1.01936229609765e-13,4.72952167145048e-13
gene-OO714_RS02955,-1.13683506836543,8.33887587922108,1.06035298140186e-13,4.91329138970302e-13
gene-OO714_RS03325,1.12316763710074,6.91387609650737,1.10835874786e-13,5.12904555975839e-13
gene-OO714_RS09055,-1.02837980060706,4.54259882045341,1.11504918618556e-13,5.1532962388862e-13
gene-OO714_RS14880,0.825041807706398,6.03878503065283,1.13586507067971e-13,5.24268111843597e-13
gene-OO714_RS05700,-0.704112031217212,7.90108344722466,1.14469716397563e-13,5.27659367155562e-13
gene-OO714_RS12125,1.32996341346944,4.60124132214237,1.1512876329633e-13,5.30009876625851e-13
gene-OO714_RS07540,-1.473734593953,7.47263060244712,1.15729782105123e-13,5.32087510480735e-13
gene-OO714_RS11350,-0.798124753579527,8.59636850967984,1.31629939438181e-13,6.04409308479711e-13
gene-OO714_RS16135,1.15853503440435,5.48018338680098,1.38197866317506e-13,6.33748666957959e-13
gene-OO714_RS01550,-0.729803872003663,9.33503456315118,1.43912469547019e-13,6.59104274188281e-13
gene-OO714_RS01715,-0.805869580637586,8.68139118262085,1.45583346223187e-13,6.65898600356766e-13
gene-OO714_RS00735,-0.772350346416671,10.7502423749035,1.52809845235125e-13,6.98054228747603e-13
gene-OO714_RS02110,-1.74533015674266,4.94184885928886,1.55462256692689e-13,7.0925912745291e-13
gene-OO714_RS03615,-0.672481326081655,6.50305004062769,1.55800664266346e-13,7.09891744618711e-13
gene-OO714_RS00380,0.960586699673039,6.50434229983917,1.56987908302293e-13,7.1438543675589e-13
gene-OO714_RS12095,1.0434583139059,4.98374638927749,1.62736838706819e-13,7.39599392281374e-13
gene-OO714_RS15385,1.48099370858592,4.22276761507597,1.6446183094153e-13,7.46484479139461e-13
gene-OO714_RS14250,-0.787148421976784,7.59338932933708,1.68073274786085e-13,7.6190359513998e-13
gene-OO714_RS00570,0.724654980843675,7.56289695332242,1.97028069113107e-13,8.92022621182141e-13
gene-OO714_RS13680,-1.00147609305024,9.68262339087374,2.01994380943956e-13,9.1334354945906e-13
gene-OO714_RS03100,-1.35802468366899,5.22091718109889,2.09929686855854e-13,9.48017925140666e-13
gene-OO714_RS05355,-0.769258260431586,8.0315241045744,2.32518073742338e-13,1.04869192142166e-12
gene-OO714_RS15050,0.757742941206952,7.82754084117665,2.44876965526062e-13,1.1030326178449e-12
gene-OO714_RS08665,-1.23464921796201,3.91683472428404,2.61423883065079e-13,1.17607655748518e-12
gene-OO714_RS07135,-0.770461153783363,8.87020872103401,2.69002953197768e-13,1.20864285166229e-12
gene-OO714_RS14615,-2.62499173317355,8.07726244622225,2.70643558557185e-13,1.21447879685888e-12
gene-OO714_RS16010,-0.897027080899139,7.46621556605691,2.78586950721185e-13,1.24854731760793e-12
gene-OO714_RS06900,0.868111275598514,6.14512892451273,2.8086826413278e-13,1.25718615960693e-12
gene-OO714_RS11590,-1.3287381273099,5.15806259103532,2.827383058802e-13,1.26396470326821e-12
gene-OO714_RS07010,0.880979633199019,6.16666193482117,3.29139607293034e-13,1.46955045768774e-12
gene-OO714_RS04180,0.817046076139471,6.04213381051672,3.36207088114981e-13,1.49922207171975e-12
gene-OO714_RS08520,-1.16010675483657,7.16991217842952,3.39234042002928e-13,1.51082429232883e-12
gene-OO714_RS16200,1.40069394297892,5.17336008787345,3.40326882241622e-13,1.51379441738013e-12
gene-OO714_RS09335,-0.733895585067304,9.24699272109619,3.53736130946379e-13,1.57147276172929e-12
gene-OO714_RS12495,-1.22564614800112,10.1853498200133,3.63085031988522e-13,1.61099151521499e-12
gene-OO714_RS01560,-1.4431157729859,8.66488258535301,3.69226348073157e-13,1.63619755742145e-12
gene-OO714_RS08275,0.988984119998148,6.19443923220558,4.04477603196977e-13,1.79017858251813e-12
gene-OO714_RS07315,-1.00742766076149,6.2176641629937,4.15724162792196e-13,1.83766626189485e-12
gene-OO714_RS09975,-1.66343238993983,5.61787034191519,4.50748666648019e-13,1.99001336803361e-12
gene-OO714_RS17060,1.15477466570669,6.06183612424585,4.62601312655189e-13,2.03953932780832e-12
gene-OO714_RS17170,1.16047959892536,4.63181383676297,4.63114304316633e-13,2.03953932780832e-12
gene-OO714_RS05590,0.794050529665449,7.79485367323383,4.66538962008558e-13,2.05207855319111e-12
gene-OO714_RS05245,1.98151944464596,2.85642227913746,4.75458978153771e-13,2.08872831688319e-12
gene-OO714_RS15140,-0.659561095839623,7.59659512049765,4.9622593105128e-13,2.17726785056327e-12
gene-OO714_RS09105,-1.14479195375737,5.99496811404494,5.1136098073418e-13,2.24090866279812e-12
gene-OO714_RS00310,-0.691786384863167,6.16157793145462,5.58315494675604e-13,2.44366166019347e-12
gene-OO714_RS08070,1.02092635903496,5.13238542369137,5.75381035444162e-13,2.5152573185345e-12
gene-OO714_RS07840,1.78877871075691,7.5661013542434,5.84196388262149e-13,2.55065597528707e-12
gene-OO714_RS00755,-1.49641787906286,11.2997650306574,5.95404879280733e-13,2.59640360854445e-12
gene-OO714_RS12110,0.858385475124984,4.77578579172247,6.1162510482081e-13,2.66386718447691e-12
gene-OO714_RS05480,1.21373741613266,5.09393514838337,6.37302334166686e-13,2.77230415621592e-12
gene-OO714_RS08705,-0.83665198900487,5.13871075974064,6.626674474348e-13,2.87911993665438e-12
gene-OO714_RS11035,0.815438032408245,5.47893001474,7.09153302898405e-13,3.07732703113667e-12
gene-OO714_RS17615,0.94734709477618,6.18493595987887,7.62073533932362e-13,3.3007700039969e-12
gene-OO714_RS01955,-0.663515450277957,7.44197535987055,7.62502018368446e-13,3.3007700039969e-12
gene-OO714_RS06105,1.02995146085251,4.17300516579024,7.71384307312759e-13,3.33515794183643e-12
gene-OO714_RS10940,0.690569154658595,6.69167419056528,7.79874640694234e-13,3.36776971206234e-12
gene-OO714_RS02325,-2.07356273885478,5.78987932696078,7.85113675236859e-13,3.3862791283881e-12
gene-OO714_RS15505,-0.807030671140981,9.62101907558372,7.984345831065e-13,3.43955940407334e-12
gene-OO714_RS09555,-0.974129129167432,6.61336981192195,8.44614685725449e-13,3.63409272768553e-12
gene-OO714_RS02825,-0.893967286570985,5.1183712421136,8.54865090300369e-13,3.67374913050485e-12
gene-OO714_RS17865,-1.52753010134568,4.64027356933804,8.61322097292508e-13,3.69702745625311e-12
gene-OO714_RS01710,0.768974147730818,7.57579514194347,8.63092688295391e-13,3.70015852135322e-12
gene-OO714_RS14595,0.795795276907607,5.49011845469027,8.82910347814134e-13,3.7805582844957e-12
gene-OO714_RS11645,-0.961420459974288,5.53737719975437,8.89347138378479e-13,3.80353758098329e-12
gene-OO714_RS04915,-1.09331759447659,7.3018109932722,8.99773670597857e-13,3.84350435733748e-12
gene-OO714_RS04295,-1.20220138392321,7.71542918660564,9.02622018138077e-13,3.8510428000753e-12
gene-OO714_RS06090,-0.954372260083639,7.44318081987747,9.33853685655464e-13,3.97951558611453e-12
gene-OO714_RS10505,0.885142241072644,5.10285488827439,9.72843474477544e-13,4.14070144705772e-12
gene-OO714_RS16245,-1.40350927211128,3.66660958060559,9.97650417969558e-13,4.24120763811461e-12
gene-OO714_RS16340,-1.39681303020603,6.51482280908447,1.05340478022837e-12,4.47288003456586e-12
gene-OO714_RS11455,1.36280560192449,3.47048641839257,1.06695976233014e-12,4.52502982735242e-12
gene-OO714_RS07000,-0.6785421837128,7.0663628658797,1.09226332755328e-12,4.62682224806242e-12
gene-OO714_RS10575,1.1149966369731,4.07039456019017,1.09372983157439e-12,4.62751883501832e-12
gene-OO714_RS14430,-0.719769046151719,8.57291098801423,1.09540917991312e-12,4.62911322878861e-12
gene-OO714_RS12950,1.22582805199836,3.51167847091908,1.14592563257074e-12,4.83211243535895e-12
gene-OO714_RS01340,0.770487785450305,6.81512660011335,1.1461651049543e-12,4.83211243535895e-12
gene-OO714_RS10990,0.938718597979877,5.61486582286709,1.19160081360185e-12,5.01771243073575e-12
gene-OO714_RS11765,1.04418651134391,5.0330301363464,1.24351108877254e-12,5.23010462662438e-12
gene-OO714_RS15010,0.748056370097799,6.62802708407127,1.28329875787495e-12,5.39106830435883e-12
gene-OO714_RS18295,0.667017759472846,6.60027009302958,1.31126375404631e-12,5.50204413445169e-12
gene-OO714_RS16490,-1.02403121303015,7.84443732764321,1.39227767580206e-12,5.82825298112643e-12
gene-OO714_RS11995,1.4801666689084,3.01766009950376,1.39228665756228e-12,5.82825298112643e-12
gene-OO714_RS16820,0.810866710861296,6.84226364799752,1.42050360888726e-12,5.93937626586507e-12
gene-OO714_RS13640,-1.26738640684658,5.38277688959049,1.50166099655705e-12,6.26614754810068e-12
gene-OO714_RS04450,-1.28187025308843,9.52303194054941,1.50218281119352e-12,6.26614754810068e-12
gene-OO714_RS16510,0.826152418157354,6.0329386669364,1.51842308878148e-12,6.32646618702155e-12
gene-OO714_RS11700,-1.18186487290522,3.7722527002344,1.57106875147358e-12,6.53814794231512e-12
gene-OO714_RS10720,0.915166914604855,6.76979541648426,1.61404884013625e-12,6.7091574009874e-12
gene-OO714_RS17470,0.729497456374475,7.08858094953673,1.72534211961156e-12,7.16339473492932e-12
gene-OO714_RS04280,-0.984287437850682,8.23273705028622,1.80233699093839e-12,7.47433566603855e-12
gene-OO714_RS13625,1.06173999216611,4.53257822352731,1.89730024887588e-12,7.85898028497073e-12
gene-OO714_RS06285,-1.12796256674847,4.91444030218713,1.89996012384769e-12,7.86083618178658e-12
gene-OO714_RS09225,0.777732834393214,6.04890220120857,1.9309140828434e-12,7.97961470979701e-12
gene-OO714_RS12670,-1.32004225129934,8.52842840202501,1.9903480392734e-12,8.21567587871969e-12
gene-OO714_RS14570,-1.62839509001054,4.18676921304173,2.02531400630036e-12,8.35030855961888e-12
gene-OO714_RS15585,0.870955107091627,8.22374434878497,2.10139222126927e-12,8.65393737472883e-12
gene-OO714_RS09005,-0.644373031730656,6.61206155236781,2.11225272830654e-12,8.6885951347239e-12
gene-OO714_RS17800,0.784199304415188,8.21746271305174,2.13127488673017e-12,8.75670629761735e-12
gene-OO714_RS04560,-0.706969256831987,7.87319014618487,2.16827264875812e-12,8.89843070864476e-12
gene-OO714_RS07785,-1.13875890382696,4.1011394390739,2.20113633383907e-12,9.02288181137721e-12
gene-OO714_RS03930,0.979810511465159,5.37998173693006,2.31904507799699e-12,9.49526060737475e-12
gene-OO714_RS18240,1.30756750996118,4.93680966099739,2.34890648098835e-12,9.60645987736777e-12
gene-OO714_RS02910,-1.562821091828,8.53396036500266,2.37883358722668e-12,9.71767191839497e-12
gene-OO714_RS10585,-0.947010971352574,4.47326381179551,2.46533063926048e-12,1.00594547553751e-11
gene-OO714_RS02815,-1.14958054009387,10.6895759570903,2.51799934803051e-12,1.02625799115831e-11
gene-OO714_RS08290,1.10712951726121,5.02822081038387,2.52834493821162e-12,1.02929414781261e-11
gene-OO714_RS17855,-0.811577938531587,5.99622741676243,2.57230910169563e-12,1.04599388414488e-11
gene-OO714_RS18230,-0.761240345967004,7.23739000693037,2.75225398418581e-12,1.11788693254816e-11
gene-OO714_RS01605,0.967112369819101,4.32928219560795,2.86447835806262e-12,1.16214110554276e-11
gene-OO714_RS02865,0.682163560207946,6.37445348460285,2.87037852917735e-12,1.16320698890494e-11
gene-OO714_RS01735,-0.910284783097176,6.21705257301645,2.89773564600531e-12,1.17295586399805e-11
gene-OO714_RS15690,-0.969332331160104,7.69866095485806,2.90697978767865e-12,1.17535906318657e-11
gene-OO714_RS04015,1.00714999959978,4.10091788273462,2.91951750086372e-12,1.1790869543261e-11
gene-OO714_RS02810,-0.656747528979537,8.20022189803008,2.93433097241611e-12,1.18372443541054e-11
gene-OO714_RS06615,1.09261305624259,4.1785150472731,2.99892746555826e-12,1.20841136197211e-11
gene-OO714_RS08795,1.07920326832129,8.88566238026297,3.15023478708764e-12,1.26794274442916e-11
gene-OO714_RS12340,0.949023066169301,6.59501096348202,3.15874772505616e-12,1.26993092928163e-11
gene-OO714_RS15920,-0.849724747656341,8.74597474185278,3.21444233176279e-12,1.29086192622429e-11
gene-OO714_RS02190,-0.760832925478076,6.14981066917213,3.22790189345156e-12,1.29480398750867e-11
gene-OO714_RS06755,-1.6378392802459,2.7670524157991,3.44637292800428e-12,1.38088042684636e-11
gene-OO714_RS08910,0.802178643597399,5.36768273684444,3.54236516453083e-12,1.41774389580434e-11
gene-OO714_RS04025,0.749079301234256,6.59556235282483,3.74207674490572e-12,1.49598883592744e-11
gene-OO714_RS16715,-0.815772755624346,10.8555036917106,3.81273893883713e-12,1.52252518973339e-11
gene-OO714_RS07580,1.21366056206642,4.12205925907113,3.96216474572746e-12,1.58041902427782e-11
gene-OO714_RS18110,1.03383295267989,5.48811127116771,4.4212689735835e-12,1.76156837803988e-11
gene-OO714_RS02445,-0.912371681953564,8.3159105583286,4.47521229521188e-12,1.78106433339115e-11
gene-OO714_RS16305,-0.672029448455394,6.30267493309229,4.53041619592251e-12,1.80101780316651e-11
gene-OO714_RS17270,0.800302933009373,8.55632092316551,4.67038743342861e-12,1.85458736741959e-11
gene-OO714_RS13465,0.848767539239549,5.36636901787514,4.81474021700019e-12,1.90977530482351e-11
gene-OO714_RS01465,1.22929197724905,4.40165301782311,5.1747212340554e-12,2.05027416564469e-11
gene-OO714_RS16730,0.808937768897309,10.1969450129145,5.28994109336021e-12,2.09359138594679e-11
gene-OO714_RS11515,-1.13250433711492,5.75441281019082,6.16903809072275e-12,2.4387943686795e-11
gene-OO714_RS14465,-0.843028401404149,7.96401434810215,6.36138426491487e-12,2.5120399641675e-11
gene-OO714_RS00405,0.81510099456163,5.27127058253048,6.50937920726514e-12,2.56762860184465e-11
gene-OO714_RS17370,-0.73634209611639,9.17338280669632,6.78039061909457e-12,2.67156410867651e-11
gene-OO714_RS04340,1.11450393246342,3.76378089359164,6.8612700478906e-12,2.70043784609116e-11
gene-OO714_RS03235,-0.692823629331041,8.38341456238718,7.58710289124095e-12,2.98280571631309e-11
gene-OO714_RS16775,0.785337653206835,7.2442245375703,7.74287786782245e-12,3.04068375052387e-11
gene-OO714_RS01635,0.759200005612172,5.97101726092201,8.0527449377495e-12,3.15888029898032e-11
gene-OO714_RS12375,1.18915192207322,4.17891012957038,8.09657509358975e-12,3.17257198264807e-11
gene-OO714_RS17755,0.727215943966646,9.44040460135393,8.29869356131061e-12,3.24818908776409e-11
gene-OO714_RS00375,0.756244306338926,7.64571075740056,8.35832627573823e-12,3.26793086732384e-11
gene-OO714_RS01770,0.707068901162636,8.32063943486505,8.62343536251779e-12,3.36787794268003e-11
gene-OO714_RS03870,-1.27922472891062,6.38838180209901,9.77666253173286e-12,3.8140788844982e-11
gene-OO714_RS00320,0.811613651387165,5.60250323903645,1.02302783642943e-11,3.98666768713837e-11
gene-OO714_RS11485,-1.49974050023757,3.09732123729167,1.06336781334101e-11,4.13933100614892e-11
gene-OO714_RS10445,-0.813303980238549,8.53051398577735,1.13051384095545e-11,4.39589298769768e-11
gene-OO714_RS04080,-0.794673846318476,8.13235790449584,1.18942605228313e-11,4.61991277575326e-11
gene-OO714_RS09340,-0.721686930235325,7.90992600102504,1.20139308344166e-11,4.66130023859351e-11
gene-OO714_RS08805,0.93066982440827,7.6797111333946,1.21102864247681e-11,4.69356139079888e-11
gene-OO714_RS07860,-1.02331137105929,5.71167921030813,1.26940270644215e-11,4.91444141470087e-11
gene-OO714_RS17770,0.840185300095759,6.45482602790146,1.27518855717782e-11,4.93146913189335e-11
gene-OO714_RS03950,0.609841896287471,6.64881137878984,1.35322634756048e-11,5.22757221655428e-11
gene-OO714_RS01535,-1.17507996815944,9.19120404421913,1.37080861178154e-11,5.28974354644038e-11
gene-OO714_RS10145,0.780679161349414,4.83204941458086,1.38626743654595e-11,5.34359486928883e-11
gene-OO714_RS01325,-1.2571967769033,6.51365402085663,1.42430300476569e-11,5.48426097392986e-11
gene-OO714_RS01845,0.800351773615518,7.9933997529357,1.44713533578095e-11,5.56614608589339e-11
gene-OO714_RS01290,-0.782743010361141,9.6002362399292,1.46646404352473e-11,5.63439266020205e-11
gene-OO714_RS13505,-0.847042151356764,5.961555491055,1.59371643649539e-11,6.1167043361821e-11
gene-OO714_RS02480,-0.765244448702065,5.21860445103275,1.69566367730815e-11,6.50095869380062e-11
gene-OO714_RS05950,0.840237363097442,5.47942454914605,1.69796251527592e-11,6.50275730527008e-11
gene-OO714_RS09215,0.760264995411065,5.39756114649623,1.75955968007864e-11,6.73140484714692e-11
gene-OO714_RS10265,0.982867800901728,4.68756700824361,1.80046393418838e-11,6.88048260441453e-11
gene-OO714_RS13240,1.50915705098703,3.09538063301423,1.82970481447014e-11,6.98471633794511e-11
gene-OO714_RS12475,-1.39643155850203,9.01072015324477,1.90518012510865e-11,7.26503236548942e-11
gene-OO714_RS13120,0.823979534384885,5.96144317953131,1.92292852663442e-11,7.32485314432875e-11
gene-OO714_RS15435,-0.798955614535415,5.48632288093121,2.01006252720116e-11,7.64856768915732e-11
gene-OO714_RS06600,0.836129964672996,6.71456175642027,2.22854392195015e-11,8.47085037284582e-11
gene-OO714_RS03960,-1.77869756967202,8.84263792524063,2.26845862267807e-11,8.61335677884388e-11
gene-OO714_RS01670,-0.651605497254118,9.83342311714311,2.46574306410789e-11,9.35245554945511e-11
gene-OO714_RS16185,-0.717348408966263,8.06451495178429,2.6137385730075e-11,9.90322695998791e-11
gene-OO714_RS02395,0.730259758853259,6.31801225656215,2.6197164347297e-11,9.91530586691092e-11
gene-OO714_RS17930,0.670326397409837,5.67726112849409,2.64156838708745e-11,9.98737664649873e-11
gene-OO714_RS14230,0.912836075005597,4.97914880566955,2.73394955435931e-11,1.03256713243284e-10
gene-OO714_RS08865,0.836455314340342,5.63485743138174,2.89422401531849e-11,1.09193971873056e-10
gene-OO714_RS08845,1.49169130066442,4.37416456831147,3.01321791479464e-11,1.13562846969037e-10
gene-OO714_RS09070,-0.933369095758782,6.33837013701215,3.12092996586735e-11,1.17497723503099e-10
gene-OO714_RS05770,0.766554802714912,5.45516297484751,3.25163903146993e-11,1.22289154686181e-10
gene-OO714_RS02545,0.920554345992666,7.32210381773923,3.28992911274253e-11,1.23598393939608e-10
gene-OO714_RS10035,0.991852091740598,4.13608572818674,3.32458613108903e-11,1.24768522807713e-10
gene-OO714_RS01585,0.893105977094562,4.90361638460957,3.38092174592405e-11,1.26748901740655e-10
gene-OO714_RS09805,0.973982545878138,5.81058358104802,3.56915242517973e-11,1.33664570274908e-10
gene-OO714_RS06865,0.787960232781604,7.14335424266446,3.75533124173765e-11,1.40488918243533e-10
gene-OO714_RS16770,0.638615751859472,9.09917025912359,4.0426765210823e-11,1.51079625193759e-10
gene-OO714_RS07480,-0.751299779807629,7.66283846913574,4.11760130665624e-11,1.53718015166557e-10
gene-OO714_RS06730,0.681791647358886,6.11286666930618,4.28282184237423e-11,1.59718245832088e-10
gene-OO714_RS12020,1.55772747624089,4.32344399709487,4.38307710324989e-11,1.63285702567611e-10
gene-OO714_RS02555,-0.984982601803174,6.81036579566776,4.44914736942518e-11,1.65573505245414e-10
gene-OO714_RS07890,-1.15452847565404,6.00921505954963,4.60300915258891e-11,1.71120235651684e-10
gene-OO714_RS17250,0.907846710651412,4.92930475891389,4.65171645390235e-11,1.72750264129247e-10
gene-OO714_RS01140,1.3054719045376,4.4863541899078,4.81196783385922e-11,1.78514965360497e-10
gene-OO714_RS12205,1.16378686843487,3.32332182474339,4.87475009022949e-11,1.80655493437702e-10
gene-OO714_RS03150,0.723722831894977,6.97319880856409,4.9135452877891e-11,1.81903541175026e-10
gene-OO714_RS15885,-2.09674176930806,9.6716781824507,5.36910016130652e-11,1.98505185660663e-10
gene-OO714_RS07125,0.743176913338747,7.98576081041675,5.37315668558125e-11,1.98505185660663e-10
gene-OO714_RS16795,0.746736969583464,7.50008941339826,5.73408548672480e-11,2.11619312770716e-10
gene-OO714_RS09260,1.53939599751611,2.80965135019601,5.97793123068054e-11,2.20389705330276e-10
gene-OO714_RS09115,-1.23838039796984,9.18556774448532,6.26270630057421e-11,2.30649307691614e-10
gene-OO714_RS14010,-0.937106116848488,8.69145085184429,6.74963562246701e-11,2.48105475833007e-10
gene-OO714_RS07275,-1.20254208017576,4.94433148378378,6.75064702111754e-11,2.48105475833007e-10
gene-OO714_RS03475,1.09622154659354,4.18328778673464,6.87285121154471e-11,2.52335880225516e-10
gene-OO714_RS16735,0.759001151404933,9.96240595254391,7.53189800399561e-11,2.76247322045412e-10
gene-OO714_RS04010,-1.99992082371899,7.46952844683098,7.83407318345183e-11,2.8703398035039e-10
gene-OO714_RS16645,-0.8401349677206,8.3543985822208,8.92844095529185e-11,3.26793812102031e-10
gene-OO714_RS00195,-0.670836408448675,7.07464155511638,9.95535627482289e-11,3.64005516468319e-10
gene-OO714_RS04275,-1.56929983403847,9.34008054381826,1.01807945970706e-10,3.71865817039969e-10
gene-OO714_RS13805,0.869131056602664,7.66680290212009,1.03112433776226e-10,3.76243931869311e-10
gene-OO714_RS03440,-0.691464356907828,7.10789469023836,1.03734763051602e-10,3.78126510651684e-10
gene-OO714_RS11165,1.3669042619413,5.05011097214411,1.04318120868487e-10,3.79863321277257e-10
gene-OO714_RS07565,-0.760912069278306,7.66019521657468,1.07712925258367e-10,3.91823681031973e-10
gene-OO714_RS08750,0.695198339129476,5.81614353704557,1.11515085998398e-10,4.05239893290703e-10
gene-OO714_RS04165,-2.32583701019365,4.61512612104693,1.12348398825786e-10,4.07851082152036e-10
gene-OO714_RS17075,-0.625920143887509,6.48860996504678,1.14552288057669e-10,4.15427379343831e-10
gene-OO714_RS07865,0.837146217653421,5.36951322266068,1.14731295326617e-10,4.15652419562484e-10
gene-OO714_RS05895,0.970684109604915,5.23346161780266,1.1510257790665e-10,4.16572873605127e-10
gene-OO714_RS16225,1.07073523539678,6.8774821359913,1.16442660264638e-10,4.20994114527493e-10
gene-OO714_RS08565,1.36402369512766,6.44270822458249,1.18014678789733e-10,4.26244073596252e-10
gene-OO714_RS13040,1.43288170651753,2.8250066720228,1.21403843725429e-10,4.38039858477334e-10
gene-OO714_RS06435,0.983706629383424,4.57610037759513,1.22772322587493e-10,4.42528229691634e-10
gene-OO714_RS06760,0.588172273572996,6.49038152866792,1.2399518269503e-10,4.46483160383118e-10
gene-OO714_RS02240,0.963719673292874,4.373525358793,1.25029042333823e-10,4.49750219083407e-10
gene-OO714_RS08200,1.33882194075202,4.88376235555827,1.27448448868714e-10,4.57989673689999e-10
gene-OO714_RS03725,-1.64835250927422,11.2924947368953,1.27677937895874e-10,4.58350900284782e-10
gene-OO714_RS17945,0.884358979190204,8.72639358780752,1.31663943603168e-10,4.72183305313479e-10
gene-OO714_RS15045,0.669879933398916,9.04695629339564,1.34798961969992e-10,4.82939023025557e-10
gene-OO714_RS16620,-0.904875630131879,9.13590277072841,1.35637224086804e-10,4.85452864455693e-10
gene-OO714_RS10225,0.935397921126349,4.31926926683863,1.37475251045844e-10,4.91536259775585e-10
gene-OO714_RS01510,-1.14642896849481,8.40668646834591,1.39168257693011e-10,4.97089435016042e-10
gene-OO714_RS00715,-0.650547674109673,9.18084142331466,1.53010547793735e-10,5.45983420541098e-10
gene-OO714_RS10030,1.00626973436564,4.54423991246194,1.55407189775336e-10,5.53979089730738e-10
gene-OO714_RS17445,-0.857152639161627,5.54746380157884,1.61176965662269e-10,5.73970877719144e-10
gene-OO714_RS13630,0.759462972703587,5.56440355947574,1.63264523289531e-10,5.80822938709704e-10
gene-OO714_RS08130,0.737363598266838,7.38537232697742,1.74752425067031e-10,6.21070118688227e-10
gene-OO714_RS10200,0.841338365353417,5.72063263721792,1.75499244136366e-10,6.23101212448197e-10
gene-OO714_RS05820,0.761243612755975,5.75266648145768,1.75993338239569e-10,6.24231860382664e-10
gene-OO714_RS00175,0.85423177455145,6.47127385372294,1.94215234335819e-10,6.88176413588734e-10
gene-OO714_RS13510,1.00545505484943,5.48947108335055,1.98089304192994e-10,7.01204568826593e-10
gene-OO714_RS10900,0.688291340082445,5.9438592121567,1.9963507802524e-10,7.05973201295226e-10
gene-OO714_RS08060,1.12523219773739,4.10824636325176,2.16657516034475e-10,7.6540836181563e-10
gene-OO714_RS00290,1.20797763572074,5.52592792465064,2.25410293941826e-10,7.95539408807595e-10
gene-OO714_RS15645,0.69300061773215,5.62418312262011,2.25860475247959e-10,7.96337429594489e-10
gene-OO714_RS03350,-0.782287194934381,8.9589883335152,2.36990500700297e-10,8.34751476203028e-10
gene-OO714_RS15765,1.51232291641311,3.01297826984518,2.37686720866205e-10,8.36374857384646e-10
gene-OO714_RS00135,-0.65575927583823,8.31281089126072,2.46926949342544e-10,8.68030047441546e-10
gene-OO714_RS10510,0.692458554054555,4.92141843989196,2.55430881708975e-10,8.96770826224734e-10
gene-OO714_RS00650,-1.40122097367195,5.99289651570381,2.55607441464731e-10,8.96770826224734e-10
gene-OO714_RS06575,0.630778916565649,6.98767730138341,2.64646463400955e-10,9.27567584740624e-10
gene-OO714_RS05840,0.852567265583503,4.48478590083599,2.69367092953655e-10,9.43182904785507e-10
gene-OO714_RS07970,0.618237331489869,5.07403050316028,2.71429696018403e-10,9.49469625639177e-10
gene-OO714_RS00100,0.81637794289343,6.51802263376457,2.76292999964022e-10,9.65474497181023e-10
gene-OO714_RS04800,-0.67197973319232,10.4172955800714,2.76548406902161e-10,9.65474497181023e-10
gene-OO714_RS14195,0.776204971016127,5.44821220038444,2.89987238774383e-10,1.01139808302665e-09
gene-OO714_RS12155,0.838077808756433,5.19613921618778,2.96285887289281e-10,1.03235298375108e-09
gene-OO714_RS10260,0.90534216638307,4.70236417673401,3.16754555544402e-10,1.10259127365799e-09
gene-OO714_RS13420,0.697984616815728,6.82844278628266,3.18793888267699e-10,1.10860418679394e-09
gene-OO714_RS13555,0.91770736250701,4.35976378796332,3.21682280099818e-10,1.11755505716007e-09
gene-OO714_RS10130,1.01587969971254,4.33704965852745,3.35365546812389e-10,1.16395425133909e-09
gene-OO714_RS07230,0.844760917475603,4.62194296000847,3.56259238456674e-10,1.23526373997563e-09
gene-OO714_RS15455,0.69234400380803,5.84417926099911,3.57160673392747e-10,1.23718229360412e-09
gene-OO714_RS18210,-0.764191331797397,8.85279332863839,3.72751020939961e-10,1.28992904422651e-09
gene-OO714_RS00840,-0.644711728670185,7.80664135580873,3.74053480668744e-10,1.29317711118358e-09
gene-OO714_RS15160,0.754471876419677,7.62377256292335,3.8108369022392e-10,1.31620158897552e-09
gene-OO714_RS18400,0.637212239276561,6.39084637500039,3.9403533339797e-10,1.35961317951105e-09
gene-OO714_RS03050,-0.625664749734087,5.71787324428206,4.09022741762804e-10,1.40995812242968e-09
gene-OO714_RS05390,-0.993664674117478,6.56493468217371,4.24491770851816e-10,1.46186410233271e-09
gene-OO714_RS09645,1.77306373303295,2.26491027534279,4.26251630186838e-10,1.46650367249179e-09
gene-OO714_RS14335,0.636527658633276,5.87384466510348,4.27735908336693e-10,1.47018705824817e-09
gene-OO714_RS07225,0.866429307204387,5.8012239852064,4.39937558876437e-10,1.51066481569745e-09
gene-OO714_RS16155,-0.638732460660334,10.2818979449666,4.6121454020728e-10,1.58219737055663e-09
gene-OO714_RS10775,1.80364184490909,4.27324185096416,4.72636605456994e-10,1.61981725727498e-09
gene-OO714_RS14080,-1.25297254827217,8.84203409503896,5.0971408976738e-10,1.74520604531143e-09
gene-OO714_RS14155,-1.09198932768753,8.49070087004418,5.11650765526991e-10,1.75015093424728e-09
gene-OO714_RS01235,0.725315767142853,5.86441008235309,5.16169076053087e-10,1.76390855412757e-09
gene-OO714_RS03635,0.752369966264281,7.74789848856187,5.3680216764738e-10,1.83265600751085e-09
gene-OO714_RS18105,-1.15369597142035,6.58730955934275,5.41091417450079e-10,1.84552677314547e-09
gene-OO714_RS03700,-1.9030198150575,3.54915605157036,5.48704257313701e-10,1.8683332045515e-09
gene-OO714_RS08455,-3.98639923681663,3.38318886860838,5.48829450070841e-10,1.8683332045515e-09
gene-OO714_RS03110,-1.73079793945036,6.16145454823995,5.57168785978762e-10,1.89490704819954e-09
gene-OO714_RS16125,-1.1303621494367,6.62203227750557,5.6576080324012e-10,1.92228861827475e-09
gene-OO714_RS08150,0.992504800169626,4.36333675854697,5.78848963087269e-10,1.96487986132966e-09
gene-OO714_RS08445,-0.708479513300051,6.51659616933687,6.00492920318793e-10,2.03640442634827e-09
gene-OO714_RS15845,-0.632400702438618,8.25291490538054,6.59654919397559e-10,2.2349033208188e-09
gene-OO714_RS16930,-0.790696695803606,7.44590777796247,6.63114837318757e-10,2.24448583983892e-09
gene-OO714_RS15110,-1.08621270124052,7.9696123116628,7.2805208063032e-10,2.46193824411052e-09
gene-OO714_RS15250,0.54548351641875,6.50794514471395,7.72447144284321e-10,2.60735957762988e-09
gene-OO714_RS14315,0.7635166980933,9.71775418098864,7.7252381408111e-10,2.60735957762988e-09
gene-OO714_RS00325,0.971081276752337,4.14477829029536,7.78664536708995e-10,2.62559180594285e-09
gene-OO714_RS12055,0.658236336029461,6.34796223427817,7.83922412624213e-10,2.64081540707721e-09
gene-OO714_RS10975,0.699929199591488,5.89998799899985,8.00154198263188e-10,2.69294320135168e-09
gene-OO714_RS14375,0.676775890391048,9.25570315199706,8.14479509618346e-10,2.73856213546225e-09
gene-OO714_RS18320,-1.63747532760568,5.73403803430737,8.30115915246433e-10,2.78849901964634e-09
gene-OO714_RS07830,1.10326950273277,8.70880029871483,8.43303048131878e-10,2.83012184424995e-09
gene-OO714_RS18025,-0.766891133660498,6.08482488677445,8.55455496350086e-10,2.86819701323416e-09
gene-OO714_RS06530,0.671654476531169,5.42598016750566,8.65394532915826e-10,2.89878621110542e-09
gene-OO714_RS11925,-0.937937729884405,5.55377205211486,8.83209786851154e-10,2.95567568970716e-09
gene-OO714_RS11220,0.628694193626854,6.75350592228079,8.92349265649936e-10,2.98345182513629e-09
gene-OO714_RS17845,-0.784611818303176,6.29236403768224,8.94826321462336e-10,2.98892175420784e-09
gene-OO714_RS15655,-0.651674203491714,9.34565727860131,9.1457199916418e-10,3.04936922494668e-09
gene-OO714_RS18070,-0.846073719665791,9.48872025448807,9.14639165389185e-10,3.04936922494668e-09
gene-OO714_RS05125,-0.977033236933342,4.45605589833874,9.39595869755493e-10,3.12963797667387e-09
gene-OO714_RS07350,-0.687826275320609,7.44631059006324,9.75041517919141e-10,3.24466063172718e-09
gene-OO714_RS10890,-1.21149020201799,6.58503711794548,9.95139440529616e-10,3.30844300434261e-09
gene-OO714_RS12645,-0.677521259132501,10.607428892864,1.03257399247646e-09,3.42968969089843e-09
gene-OO714_RS04330,0.730754390655112,7.79305813053279,1.0499387403981e-09,3.48411044199332e-09
gene-OO714_RS14030,-0.785227501579359,6.55698963837468,1.10050536380822e-09,3.64850379008809e-09
gene-OO714_RS00455,-0.650978514795524,9.52997204106023,1.17731922601112e-09,3.89952705428101e-09
gene-OO714_RS07875,-1.22304236880454,5.47344624927942,1.20631838579436e-09,3.9918580475914e-09
gene-OO714_RS02785,-0.743090237280384,8.61977712543819,1.23793248964563e-09,4.09266238902379e-09
gene-OO714_RS11205,1.14336957465581,3.59142608127486,1.26371763093704e-09,4.17402645013964e-09
gene-OO714_RS08745,0.850223127817679,6.05387143713517,1.26607032545052e-09,4.17791451871043e-09
gene-OO714_RS13200,0.62691042693034,6.75221779145659,1.26781803119872e-09,4.17980081899837e-09
gene-OO714_RS00495,-0.724345012448492,7.72683919015894,1.28302064693203e-09,4.22600127821728e-09
gene-OO714_RS16785,0.593291516349103,8.53825890445192,1.3020358287885e-09,4.28466234769846e-09
gene-OO714_RS12175,-0.644499363200353,6.2998698427543,1.33300556889886e-09,4.38251784631502e-09
gene-OO714_RS09835,0.948787407246379,3.84660606556308,1.35586828469844e-09,4.45356366341797e-09
gene-OO714_RS05475,0.756830793004941,6.96666455676703,1.42154375269605e-09,4.66497368151592e-09
gene-OO714_RS06175,-0.778447570254199,6.52320631641463,1.47608744143177e-09,4.83949701738792e-09
gene-OO714_RS13495,0.835048262225043,5.37945928314439,1.48496535585345e-09,4.86411693521027e-09
gene-OO714_RS06660,1.66870155138972,2.84928392283385,1.50945457149675e-09,4.93978043010998e-09
gene-OO714_RS07655,-0.73890439275642,4.8565077932895,1.60377137663758e-09,5.24360945038634e-09
gene-OO714_RS06135,-0.718841120793031,8.78377400056802,1.67976349601452e-09,5.48702156694449e-09
gene-OO714_RS08295,-1.14028443783737,5.78682180879418,1.73423503327368e-09,5.65975326745146e-09
gene-OO714_RS14640,-0.621044956739215,7.96703421542335,1.75955334038785e-09,5.73711245113617e-09
gene-OO714_RS10300,0.797908618392465,5.0979306276878,1.79409928396055e-09,5.84438941814465e-09
gene-OO714_RS00055,-0.882203479511485,9.65322524597036,1.79935767508817e-09,5.85615126123019e-09
gene-OO714_RS15790,0.627096069458557,6.55733625114721,1.85818883191804e-09,6.04208884596221e-09
gene-OO714_RS13885,1.40966349534618,3.32968961090805,1.86398999855517e-09,6.05541175033372e-09
gene-OO714_RS10980,0.704183736170238,5.37552275017833,1.8768281046283e-09,6.09154984826392e-09
gene-OO714_RS13365,-0.650353546575251,5.74216030353596,1.8813966068161e-09,6.10080615020477e-09
gene-OO714_RS07345,-0.630269998384843,7.341551204133,1.90788784256572e-09,6.18106963762859e-09
gene-OO714_RS06825,0.872400973730304,8.63461900169655,1.91091027149299e-09,6.18345281913036e-09
gene-OO714_RS15675,-1.02104233609926,8.72045483353117,1.91210316494774e-09,6.18345281913036e-09
gene-OO714_RS17395,0.913404763168905,5.51140753938677,1.93337695716016e-09,6.24656518704292e-09
gene-OO714_RS16450,-1.02498146798939,4.3438262616635,1.94367555555843e-09,6.2741352629016e-09
gene-OO714_RS17715,-1.22272426202604,8.96442065102534,1.99679249358842e-09,6.43974639039314e-09
gene-OO714_RS03330,0.658248381074366,6.4376230774289,2.02217368524346e-09,6.51568928137376e-09
gene-OO714_RS12075,0.845498654672674,8.39407833806582,2.02836365368399e-09,6.52971415325445e-09
gene-OO714_RS01475,-0.778271795359824,6.89705068664382,2.14180324561236e-09,6.88865948860301e-09
gene-OO714_RS01075,0.676675269674919,5.9288488513561,2.2767700455631e-09,7.31613086973892e-09
gene-OO714_RS15260,-0.595082694500275,6.76383725341567,2.31142672123688e-09,7.4207864203034e-09
gene-OO714_RS10325,-0.654082289229917,6.06133985567473,2.31563901196153e-09,7.42760022428817e-09
gene-OO714_RS04535,0.543565671159259,8.00581481735893,2.34186409409593e-09,7.50494588856351e-09
gene-OO714_RS15570,0.769047917429837,5.60196733825012,2.35160994136879e-09,7.52938894740962e-09
gene-OO714_RS12285,1.49012874500424,2.81278311151771,2.37265535947784e-09,7.58993442626844e-09
gene-OO714_RS13830,0.750148834813276,5.74030150441679,2.41069996223031e-09,7.70470113827926e-09
gene-OO714_RS05285,-0.683604155100027,9.93824234366822,2.46420456219886e-09,7.86862804497282e-09
gene-OO714_RS07265,-0.607619856305736,7.74474844677336,2.54620603353381e-09,8.12317436551093e-09
gene-OO714_RS15720,-0.610898423485449,10.0607110062611,2.59823834534971e-09,8.28173908463935e-09
gene-OO714_RS07560,0.82510901784443,4.61080835803826,2.66841633226738e-09,8.49780613340345e-09
gene-OO714_RS00795,-0.869089659832417,9.71325298200376,2.78508670905484e-09,8.86141285942785e-09
gene-OO714_RS18145,-0.572210962282562,7.74561293115673,2.84738782318197e-09,9.05153517315627e-09
gene-OO714_RS04345,-0.706872400471558,7.85123417470265,2.91397465866893e-09,9.25492934486986e-09
gene-OO714_RS18200,-0.68878919634552,7.05707063414745,2.92759855847619e-09,9.28989756859319e-09
gene-OO714_RS16780,-0.558835475322981,8.07485829957267,2.94035190725612e-09,9.32204342407515e-09
gene-OO714_RS10690,0.825460805763568,5.61199919195513,3.07019714891199e-09,9.72502733264991e-09
gene-OO714_RS13010,1.75677526316592,2.26722106566827,3.08471650262286e-09,9.76231740901304e-09
gene-OO714_RS03310,-1.01903999706021,5.22435143597991,3.11321559245436e-09,9.84374396404162e-09
gene-OO714_RS05870,1.04014766017239,4.3455552487928,3.34607388001283e-09,1.05706191729472e-08
gene-OO714_RS12480,-1.07534641246279,6.30469798002618,3.35440794111287e-09,1.05875362546316e-08
gene-OO714_RS07935,0.838885737112716,4.89527381773325,3.37478867861633e-09,1.0642412567704e-08
gene-OO714_RS00610,0.628495350870471,6.44389799380887,3.45269314018638e-09,1.08784321101262e-08
gene-OO714_RS07360,-1.76852002106146,6.85989795838828,3.50107335366906e-09,1.10210936217359e-08
gene-OO714_RS00490,0.955183693042658,5.33973262842871,3.54681595310003e-09,1.11552069887766e-08
gene-OO714_RS07400,0.902851524239177,9.01134422494753,3.56467556962246e-09,1.12014650525537e-08
gene-OO714_RS10870,-0.641800461199059,7.53373933925609,3.83735842135455e-09,1.20430099803289e-08
gene-OO714_RS17050,0.934052459629541,3.66450455989811,3.83926007532714e-09,1.20430099803289e-08
gene-OO714_RS05215,-0.644801688913184,7.84745811237511,4.05572481691596e-09,1.27107989411987e-08
gene-OO714_RS03535,-0.651210035241999,5.14173304343885,4.16853353393316e-09,1.30528354005273e-08
gene-OO714_RS05420,0.604691647179058,6.48147229063346,4.21715530313078e-09,1.3193459460675e-08
gene-OO714_RS17070,-1.10227109284183,8.66047961199977,4.26855884824416e-09,1.33425313515037e-08
gene-OO714_RS06905,-0.852850955011941,6.28778889926808,4.42318233571446e-09,1.38136994913262e-08
gene-OO714_RS01035,-0.607539594029006,5.80733937531515,4.44944658246617e-09,1.38835234013036e-08
gene-OO714_RS09250,0.957983050666261,4.64624981873431,4.45455124166814e-09,1.38872588709549e-08
gene-OO714_RS18300,0.66835465294905,10.879565081853,4.45859797602213e-09,1.38876925563389e-08
gene-OO714_RS04195,0.655564490053689,6.86363456300379,4.4912262521385e-09,1.39770736428198e-08
gene-OO714_RS03790,-0.761744539148581,10.4435674110042,4.60850106350994e-09,1.43294949953756e-08
gene-OO714_RS05970,1.44715207676346,3.10074061965324,4.63179757174869e-09,1.43893431555899e-08
gene-OO714_RS08735,-0.842852793025243,4.56292226618146,4.76398507317689e-09,1.47870768122888e-08
gene-OO714_RS02750,-0.677486015368022,7.55727482927335,4.8566496968081e-09,1.50615471400139e-08
gene-OO714_RS09590,-1.03429617832266,6.86319083015565,4.88026556227879e-09,1.51215900682989e-08
gene-OO714_RS04755,-0.656767719704695,8.31688138875265,5.13255726960071e-09,1.58894673659938e-08
gene-OO714_RS00025,0.804057228688564,8.87705201836227,5.26208896532481e-09,1.62762960685504e-08
gene-OO714_RS04960,0.931844442794583,7.16463656316512,5.3621721872892e-09,1.65714434379355e-08
gene-OO714_RS12465,-1.64773545669473,4.42278335505446,5.61184752801927e-09,1.73279809857346e-08
gene-OO714_RS18080,0.73847519680407,5.98792160737161,5.68898478337824e-09,1.75509131251096e-08
gene-OO714_RS00745,0.737582633899209,6.23008827176471,5.71894610970526e-09,1.76280437761427e-08
gene-OO714_RS17590,0.68958917853566,5.509049570849,5.92897241380238e-09,1.82595909520396e-08
gene-OO714_RS17985,0.922366856033502,9.22735549903906,6.15690220323917e-09,1.89451345716987e-08
gene-OO714_RS10425,1.29079256506071,5.33900935011505,6.24050743779401e-09,1.91857815172317e-08
gene-OO714_RS06620,1.23495905819726,3.96444920756616,6.45362122247816e-09,1.9823828716238e-08
gene-OO714_RS13700,0.60268862611049,7.80921696256617,6.52103464822544e-09,2.0013607201894e-08
gene-OO714_RS13655,-0.928599785270707,9.48396617583072,6.53039670456209e-09,2.00250473580791e-08
gene-OO714_RS06190,-0.588736740895054,6.90338716060876,6.65525312885671e-09,2.03903186378938e-08
gene-OO714_RS01820,-0.628016187949305,9.0552073072585,6.89213979213852e-09,2.10979025161587e-08
gene-OO714_RS17110,-0.751165156709813,10.1483203519594,6.89820479044267e-09,2.10982958909064e-08
gene-OO714_RS13815,0.637246144679839,7.41291389752839,6.972155175237e-09,2.13009860569699e-08
gene-OO714_RS13340,-0.580885854649119,6.9769829847171,6.97646251274985e-09,2.13009860569699e-08
gene-OO714_RS01500,0.6708804845488,5.86904128279417,7.23346917315055e-09,2.20667377179202e-08
gene-OO714_RS00140,0.737295444658348,5.8917332318239,7.26845330846079e-09,2.21544451614662e-08
gene-OO714_RS16635,-0.898147381795233,4.61136894837069,7.30133314024054e-09,2.22355938135517e-08
gene-OO714_RS01370,0.743201972316785,5.7728185049047,7.33400069198326e-09,2.23159575850244e-08
gene-OO714_RS01400,0.781506317933164,6.35378397593794,7.37938992068499e-09,2.24348603747771e-08
gene-OO714_RS13175,0.702019700045849,5.85048460719685,7.44253883250357e-09,2.26075068467673e-08
gene-OO714_RS09570,-1.23819274816857,6.76494895375408,7.45064120657535e-09,2.26127915014251e-08
gene-OO714_RS07285,-0.564475616067217,7.63475868765309,7.65454414405556e-09,2.32118173105576e-08
gene-OO714_RS11625,0.637734509175317,6.5214727273448,7.69219019936919e-09,2.33060903397767e-08
gene-OO714_RS14215,0.571535991780257,5.8067909896651,7.70568155081285e-09,2.33116414274683e-08
gene-OO714_RS15970,-0.816160208394655,5.3786052088013,7.7071408771174e-09,2.33116414274683e-08
gene-OO714_RS17420,0.938044940605988,6.62237116104908,7.7414885248415e-09,2.33956209330669e-08
gene-OO714_RS06255,-0.991885617010533,11.0417629722117,7.77117909801667e-09,2.34653955092194e-08
gene-OO714_RS08180,0.714625833507345,9.56880649928108,7.77790679385286e-09,2.34657731284831e-08
gene-OO714_RS02675,0.6127042083414,8.8172669159446,7.85082748527266e-09,2.36656835306692e-08
gene-OO714_RS16235,0.788367407037759,6.5644851177092,8.08133535013956e-09,2.43398863003356e-08
gene-OO714_RS15405,0.728551776269814,6.30518754112155,8.54277795542519e-09,2.57079025009154e-08
gene-OO714_RS14605,-0.773181647975188,4.8062499704633,8.65873307286451e-09,2.60348031649412e-08
gene-OO714_RS14045,-0.602838807551505,7.68213462596508,8.94930174304734e-09,2.68857298349875e-08
gene-OO714_RS12550,0.89959075198769,6.67341066079268,8.98903364008317e-09,2.69822850986956e-08
gene-OO714_RS02595,-0.763180598631698,5.74252788781477,9.75367869334293e-09,2.92528051275449e-08
gene-OO714_RS12370,0.961774312855469,4.45113814362233,9.79321618719708e-09,2.93466191646698e-08
gene-OO714_RS09380,0.904539081127132,4.53481566018789,9.99628731666988e-09,2.9929911645699e-08
gene-OO714_RS08725,0.737244183849098,5.44401793823426,1.00594020651429e-08,3.00935310938702e-08
gene-OO714_RS10820,-0.579300170550888,7.26721784780895,1.03421765734529e-08,3.09134529369651e-08
gene-OO714_RS17415,0.634807612485164,7.07820306414549,1.05163389803389e-08,3.13956940318378e-08
gene-OO714_RS03090,-0.646900945797138,6.39046003604214,1.05211794012152e-08,3.13956940318378e-08
gene-OO714_RS11150,0.729077352724808,6.30438995138926,1.06382114090296e-08,3.1696124058897e-08
gene-OO714_RS00665,0.631777216146474,6.86909137007861,1.06396949921959e-08,3.1696124058897e-08
gene-OO714_RS01880,-0.634817252948859,6.90257348752306,1.06646375139179e-08,3.17357476317574e-08
gene-OO714_RS03225,-0.615135402987579,9.54550141455299,1.06708549296427e-08,3.17357476317574e-08
gene-OO714_RS14850,0.662638162590703,5.28275579481118,1.0775104119255e-08,3.20189966888231e-08
gene-OO714_RS17780,1.1678529315967,7.54915949196008,1.09859613124524e-08,3.25982390233622e-08
gene-OO714_RS03365,0.834918644193584,7.60714525142001,1.0988376575686e-08,3.25982390233622e-08
gene-OO714_RS08855,1.33788317926039,3.89639069865787,1.10319798155411e-08,3.27002971346396e-08
gene-OO714_RS17220,0.711949648767966,5.65900088210627,1.13305446624926e-08,3.35572964420821e-08
gene-OO714_RS01080,0.769878460781261,5.39275858713499,1.17497099345874e-08,3.47697494650487e-08
gene-OO714_RS17245,0.65321744430797,7.37654505141558,1.19812783092543e-08,3.54255100757817e-08
gene-OO714_RS12000,1.88865309577525,1.89837413405458,1.206558287519e-08,3.56451218108274e-08
gene-OO714_RS07825,0.594365154612117,7.55463726071525,1.22341896521252e-08,3.61132143053596e-08
gene-OO714_RS05925,0.914464696599614,4.94994008482933,1.22532444794343e-08,3.61394447136177e-08
gene-OO714_RS01795,-1.03114925477965,6.17688645819177,1.25027309390549e-08,3.68446979746276e-08
gene-OO714_RS14455,-0.996300317972668,10.3011646053832,1.27686377099867e-08,3.75971320806071e-08
gene-OO714_RS15915,-0.857949108364918,4.94700298886306,1.32254005658801e-08,3.89098291482929e-08
gene-OO714_RS12685,1.77792608224344,2.45822628544832,1.33588275937321e-08,3.92698703623853e-08
gene-OO714_RS09365,0.656178897801506,4.85257954124198,1.34894821819588e-08,3.96211732848609e-08
gene-OO714_RS16800,-1.00084674975264,8.62586541934426,1.37079112147991e-08,4.02294933587085e-08
gene-OO714_RS01315,-1.09005503485082,6.96782867726952,1.39882560018376e-08,4.10047958515216e-08
gene-OO714_RS00835,-0.76386164776745,5.71924945628729,1.39951652695261e-08,4.10047958515216e-08
gene-OO714_RS08580,0.743046141768469,5.25837721040351,1.42040899775088e-08,4.15826489127401e-08
gene-OO714_RS17580,-0.866360628088151,13.0509105886623,1.4839573836827e-08,4.34072801778462e-08
gene-OO714_RS05520,0.571386055392523,5.63245689153681,1.5148776695873e-08,4.42752897838263e-08
gene-OO714_RS10195,0.756814473684035,6.07852415000491,1.52061126867879e-08,4.44063471559936e-08
gene-OO714_RS00225,0.590716593467491,7.50247283469333,1.59492680269261e-08,4.65383403675659e-08
gene-OO714_RS03945,-0.859150970654063,10.5824230458938,1.59724792588027e-08,4.65678353451885e-08
gene-OO714_RS02510,0.623894611560408,6.14518699828556,1.63483122471735e-08,4.7624509611848e-08
gene-OO714_RS00340,1.02816592644569,4.58138080487342,1.67569676431422e-08,4.8774990175043e-08
gene-OO714_RS07375,0.74298611355211,8.4302470763496,1.71654717924392e-08,4.9923147913526e-08
gene-OO714_RS16985,-0.759810921649677,8.78509749587905,1.71955635106075e-08,4.99697732761235e-08
gene-OO714_RS16360,-0.620311333839922,6.50377307411409,1.74935806546654e-08,5.07942693191838e-08
gene-OO714_RS14060,-3.08078528110933,11.9163007626635,1.81852639827248e-08,5.27595332200848e-08
gene-OO714_RS12320,-0.67004071531385,5.21507022785175,1.83470042924233e-08,5.31853615458992e-08
gene-OO714_RS08140,0.681034241404223,5.93385541181329,1.87202380066178e-08,5.42230854731212e-08
gene-OO714_RS14495,-0.729567293129746,8.62980531479492,1.93235251847569e-08,5.59249254939952e-08
gene-OO714_RS05935,0.711245587428186,9.33271086607981,2.02387981119134e-08,5.85261907971849e-08
gene-OO714_RS06095,-0.900622679763135,5.86915400975321,2.05243477487672e-08,5.93036844708281e-08
gene-OO714_RS18220,-0.570162466257329,9.95067110357575,2.08145179655621e-08,6.00932549550021e-08
gene-OO714_RS08410,1.07832236975226,4.29151583488502,2.13916756470743e-08,6.17094279624206e-08
gene-OO714_RS05955,0.83134860094169,4.08878309581806,2.16161992938756e-08,6.23065468697761e-08
gene-OO714_RS11525,-2.04117457568833,4.98472048161846,2.18966059185622e-08,6.3063644598517e-08
gene-OO714_RS14840,-0.54676035930501,6.38664602138644,2.24594350803924e-08,6.46322528548297e-08
gene-OO714_RS14960,0.791049429305003,8.64471231997004,2.25262069186151e-08,6.47719574342703e-08
gene-OO714_RS02630,-0.746461019149134,8.84836592043279,2.3893923211199e-08,6.86491536722728e-08
gene-OO714_RS13500,0.629798471038863,7.53747677714767,2.40659974869756e-08,6.90876858390238e-08
gene-OO714_RS05455,-0.619729114195983,10.2460401782202,2.47279254082007e-08,7.09306270385354e-08
gene-OO714_RS05855,-1.3339160028674,3.67907824783572,2.53017374725094e-08,7.25180443365311e-08
gene-OO714_RS05650,-0.842551448870547,7.85670811528418,2.59235035413912e-08,7.42402349605997e-08
gene-OO714_RS15775,0.790872639105174,4.4465253418699,2.60148551938302e-08,7.44418642180939e-08
gene-OO714_RS14265,-0.7343262688847,6.41838349328079,2.62837877991116e-08,7.51509105696239e-08
gene-OO714_RS07800,-1.27989932842142,3.05338900177749,2.67474750950647e-08,7.64152142185368e-08
gene-OO714_RS06355,-0.567342859848518,8.12803036725036,2.69099947810922e-08,7.68177682345395e-08
gene-OO714_RS03160,0.665628179149182,4.92954213342626,2.70538939181044e-08,7.71665641933732e-08
gene-OO714_RS05985,0.655598621795829,5.22782997275822,2.79397064780726e-08,7.96292837394305e-08
gene-OO714_RS15755,0.565859603348447,6.41370255233181,2.8047206592566e-08,7.98716123637657e-08
gene-OO714_RS12820,0.976670028628782,6.44972117913022,2.87308093139439e-08,8.17528393128556e-08
gene-OO714_RS09360,-1.32531044716808,3.54116227762081,2.8801069621892e-08,8.18872011489634e-08
gene-OO714_RS11445,0.798958990641572,7.96140400169765,2.92792692934278e-08,8.31802742356853e-08
gene-OO714_RS08900,0.646363112301572,4.87444951075183,3.12490697492474e-08,8.87054264287743e-08
gene-OO714_RS09450,-1.20866662647864,9.68113236426958,3.16451009895636e-08,8.97579320964957e-08
gene-OO714_RS00560,-0.619544879772255,8.40696995031678,3.19241891994143e-08,9.04773272844645e-08
gene-OO714_RS16470,0.584029149196714,9.98467463286911,3.20065429413614e-08,9.06384490945007e-08
gene-OO714_RS14725,-1.86545370115753,9.59597494664085,3.25494016766765e-08,9.21023674832071e-08
gene-OO714_RS17630,0.634553867693242,7.8837287498442,3.28912572267211e-08,9.29956469242376e-08
gene-OO714_RS06895,0.722393954154021,6.02014771814627,3.32886280399985e-08,9.40443434452739e-08
gene-OO714_RS10270,1.38853695442552,4.52642925950017,3.36992681907619e-08,9.51288317315073e-08
gene-OO714_RS15810,1.16661902672375,3.63196865266101,3.39320598566973e-08,9.57099529608747e-08
gene-OO714_RS08810,0.560928985060354,6.63067202396913,3.45661103515352e-08,9.73517702501311e-08
gene-OO714_RS15835,0.814868501835545,5.01908028819116,3.45689178547174e-08,9.73517702501311e-08
gene-OO714_RS14100,-0.523548131536407,10.5067635988288,3.48385287430925e-08,9.80333579991693e-08
gene-OO714_RS10150,0.744423742498861,6.07470245859722,3.51620727752482e-08,9.88655115848356e-08
gene-OO714_RS03710,-1.25130134139617,10.8847194036368,3.54398223320713e-08,9.95676905677323e-08
gene-OO714_RS13860,0.884765327654161,4.01444505131423,3.61188277465959e-08,1.01395192584046e-07
gene-OO714_RS08100,1.07621857468606,4.0835124138344,3.66381481581263e-08,1.02771885204405e-07
gene-OO714_RS12220,1.46925304144486,2.31919074658199,3.69174827967616e-08,1.03473764873573e-07
gene-OO714_RS00040,0.91358463996617,5.45758016664923,3.75290334503737e-08,1.05104952626185e-07
gene-OO714_RS05290,-0.71617301985981,9.57439353862363,3.76988813211748e-08,1.05497499382248e-07
gene-OO714_RS08440,-1.19737307742118,2.71500441915907,3.77371673157116e-08,1.05521552037796e-07
gene-OO714_RS17535,0.937056933727993,5.34029420415969,3.84197036320708e-08,1.07345618481431e-07
gene-OO714_RS09725,-0.502334992982772,7.01404489458406,4.01869911065096e-08,1.12195260324065e-07
gene-OO714_RS12665,-0.567533507661015,6.487907915003,4.18383248539774e-08,1.16713819883073e-07
gene-OO714_RS01900,-0.891729281116434,6.76371505020879,4.35761465780285e-08,1.21466372500638e-07
gene-OO714_RS10430,1.38147355536014,6.59941617499894,4.38048100578931e-08,1.22008068139304e-07
gene-OO714_RS10985,0.785965824813426,6.32446269436228,4.45398218687888e-08,1.23958126015407e-07
gene-OO714_RS16700,-0.640094405075467,12.9684443732198,4.49889566680062e-08,1.25110134583798e-07
gene-OO714_RS14205,0.769578281231779,5.51375252827617,4.67056231491009e-08,1.29782474332998e-07
gene-OO714_RS02245,-0.668340099588553,5.97409718457445,4.77815909733684e-08,1.32668573686993e-07
gene-OO714_RS04390,-2.84362979155542,12.0090100553599,4.90178375666071e-08,1.35994843646933e-07
gene-OO714_RS17155,0.511347678873308,6.61117752667266,4.95954437378761e-08,1.37490021095485e-07
gene-OO714_RS18060,0.91034508627172,8.71461964334532,5.22556048676412e-08,1.44751691114261e-07
gene-OO714_RS01965,-0.504209666337459,9.91252537285698,5.42619090979172e-08,1.50192231257007e-07
gene-OO714_RS15185,-0.707904061659663,8.09835418238055,6.09000995120903e-08,1.68434983397641e-07
gene-OO714_RS17160,0.631007939769315,5.16735978234728,6.17394731391543e-08,1.70623707260151e-07
gene-OO714_RS03685,-0.609304922085609,11.289375617542,6.28478921489128e-08,1.7355198810974e-07
gene-OO714_RS04610,-0.556628409213734,7.62314027433301,6.37750005716261e-08,1.75975428595931e-07
gene-OO714_RS04145,0.674161054648387,5.45671518408787,6.4955363945593e-08,1.79093377395374e-07
gene-OO714_RS01110,0.759415558354817,5.57014753956881,6.50619912722512e-08,1.79248307737659e-07
gene-OO714_RS14530,0.602106679781862,8.90638163925273,6.54444555372826e-08,1.80162350874905e-07
gene-OO714_RS01575,1.01052770249058,4.265756857673,6.55731415953593e-08,1.80376892592807e-07
gene-OO714_RS14925,0.679971822099151,5.50053446927305,6.6094950698585e-08,1.81671658764711e-07
gene-OO714_RS08350,-1.62547084814997,11.0420758782943,6.77005171018357e-08,1.85940987465165e-07
gene-OO714_RS01705,-0.865292087347595,7.70893237279729,6.93091618334918e-08,1.90212170777012e-07
gene-OO714_RS01640,0.667915227168115,5.86499745590836,7.26574448493856e-08,1.99247344903331e-07
gene-OO714_RS17030,-1.34165161710668,7.7693003697052,7.32489552347375e-08,2.00714561992488e-07
gene-OO714_RS11945,1.77085382973708,1.88350718844501,7.91954189148206e-08,2.16841694008684e-07
gene-OO714_RS05425,0.492262368872821,7.74519276461947,8.04124890677926e-08,2.20004608273237e-07
gene-OO714_RS09255,0.75216122552984,4.39625610747525,8.29361340411379e-08,2.26714924626644e-07
gene-OO714_RS09470,-0.798103201562324,4.89387321003461,8.29927172029443e-08,2.26714924626644e-07
gene-OO714_RS01525,0.680721024824635,5.98691673248478,8.65604839449865e-08,2.36279539124794e-07
gene-OO714_RS16445,-0.77918800487796,5.85513996315266,8.94601847502547e-08,2.44007288259712e-07
gene-OO714_RS10025,-0.707354744102548,5.47540221146587,9.02104556570611e-08,2.45864999543861e-07
gene-OO714_RS12585,-0.644809912858403,7.44763787494963,9.07214925034905e-08,2.47068340503759e-07
gene-OO714_RS01095,0.593546520554843,6.45668030266041,9.2339020123289e-08,2.51280916935811e-07
gene-OO714_RS08660,-0.954445618172913,4.39924838466188,9.31791479840446e-08,2.53373138435573e-07
gene-OO714_RS13650,-0.868606290359175,7.25809778042076,9.35446626756831e-08,2.54172577331329e-07
gene-OO714_RS16270,-0.708961444161658,6.42311616580303,9.48893928584842e-08,2.57629413459933e-07
gene-OO714_RS07730,1.48989787736469,2.34530307044258,9.52850985762489e-08,2.58506290335869e-07
gene-OO714_RS15380,1.04399520316379,7.28649081478852,9.58917787798081e-08,2.59953761848541e-07
gene-OO714_RS17540,0.589227731813611,6.12562028731214,9.62818949001692e-08,2.60812389081708e-07
gene-OO714_RS16915,-0.830791428768134,10.9011085792625,9.76849748434517e-08,2.64411576994385e-07
gene-OO714_RS13315,-0.488715519271118,8.77741647485166,9.90088024581829e-08,2.67790931458434e-07
gene-OO714_RS10335,0.887781162935526,5.27991117802234,1.00114864300804e-07,2.70576599030462e-07
gene-OO714_RS00465,-0.551175676132493,8.20367418488972,1.03774419899568e-07,2.80254018482571e-07
gene-OO714_RS15220,0.698533150798911,6.81560144695827,1.09742358687571e-07,2.96098774176554e-07
gene-OO714_RS14120,0.687981688271896,4.79878591069822,1.09808155420568e-07,2.96098774176554e-07
gene-OO714_RS14600,0.53541392407458,7.05710712975051,1.11369110823019e-07,3.0008022734269e-07
gene-OO714_RS11900,0.725132940835385,4.88390486748483,1.11646971608317e-07,3.00473714746677e-07
gene-OO714_RS00275,0.61122691988187,7.60457702081595,1.11684236685526e-07,3.00473714746677e-07
gene-OO714_RS08160,-0.998816958959635,5.26489203598723,1.11776222375305e-07,3.00493717338754e-07
gene-OO714_RS05745,0.671277751502739,7.68198749873318,1.14087405485814e-07,3.06475161826594e-07
gene-OO714_RS03020,0.581760706695091,7.84121311104811,1.14310101282651e-07,3.06841465225486e-07
gene-OO714_RS07115,-0.699206399690512,7.58220372089664,1.16436784907694e-07,3.12314214009014e-07
gene-OO714_RS01825,-0.667354601804552,7.92157622453203,1.16786632487876e-07,3.13016358870221e-07
gene-OO714_RS14165,-0.60186810442042,7.21232497003014,1.17275895102302e-07,3.1409082983691e-07
gene-OO714_RS09205,-0.560718524926693,7.66136338288995,1.19989503758695e-07,3.21116488221688e-07
gene-OO714_RS06535,-1.11532989269799,7.93438596055507,1.20225808764564e-07,3.21506790330519e-07
gene-OO714_RS07900,-1.07666965217202,5.27551710356921,1.20656494538816e-07,3.22415926008234e-07
gene-OO714_RS14470,-0.559653734863142,7.67998541900949,1.23221492180774e-07,3.29022677092766e-07
gene-OO714_RS04485,0.828505217972788,5.30248389198154,1.27661251303209e-07,3.40621687035739e-07
gene-OO714_RS15320,0.69748179999784,4.84508996641583,1.30076085729964e-07,3.4680450764013e-07
gene-OO714_RS01265,-0.613199094012874,4.96139729239775,1.34299819942638e-07,3.57797271421391e-07
gene-OO714_RS13225,0.837295775644749,3.96881879839424,1.34536168661808e-07,3.58158459493682e-07
gene-OO714_RS02205,-0.505432258049924,9.0494660141284,1.44715568675411e-07,3.84969409485337e-07
gene-OO714_RS10620,-0.669442670205556,4.1689432148725,1.44931397438187e-07,3.85255188104202e-07
gene-OO714_RS05990,0.583566664067249,7.01870621150217,1.47822602497455e-07,3.92646882866932e-07
gene-OO714_RS15760,0.595436667385344,6.1735153228116,1.58249432004753e-07,4.20028738868479e-07
gene-OO714_RS03750,-1.09900076019734,11.6543212713199,1.61226070901561e-07,4.27610041779214e-07
gene-OO714_RS05610,-0.525763708584754,8.38738260860868,1.65889603261108e-07,4.39650745704683e-07
gene-OO714_RS05530,0.567747030719313,5.31501560023686,1.663139157381e-07,4.4044683795321e-07
gene-OO714_RS10185,0.783369929161515,4.00218281481577,1.66723502046401e-07,4.41202774588911e-07
gene-OO714_RS03510,-0.533023761197183,10.0218500215014,1.70364415824375e-07,4.50502331726064e-07
gene-OO714_RS15480,0.600918635413733,7.85804176811076,1.75719874337294e-07,4.64318537839958e-07
gene-OO714_RS09150,-0.570277935987794,6.98719207657511,1.76003451807109e-07,4.64722338575382e-07
gene-OO714_RS02405,0.595963318571834,5.9613985977063,1.8038882239241e-07,4.75947939704993e-07
gene-OO714_RS05440,0.636179811920477,6.70441087483721,1.81284430109265e-07,4.77956131015079e-07
gene-OO714_RS03610,-0.947555828285207,6.90324461552794,1.8170191230999e-07,4.78701702260715e-07
gene-OO714_RS00700,-1.01113642365014,5.10784054535006,1.88631708184998e-07,4.96590437695914e-07
gene-OO714_RS06025,0.890279252135814,3.86567226021455,1.9234907719487e-07,5.06001939563707e-07
gene-OO714_RS08940,-1.65880755040157,6.7305749350005,1.94164126612939e-07,5.10398894957385e-07
gene-OO714_RS07710,1.12634889247404,3.39884914455572,1.94348351561642e-07,5.10505573872932e-07
gene-OO714_RS15865,0.6874075952444,6.12477265156923,1.94657379448398e-07,5.1093967988154e-07
gene-OO714_RS12015,2.81738536249799,1.70348508493994,1.95305862725749e-07,5.1226349529691e-07
gene-OO714_RS13085,1.86535551007183,2.70886896719818,1.99283226709763e-07,5.22310167939896e-07
gene-OO714_RS17680,0.636502101175303,6.3623689473161,2.01393421944587e-07,5.27451895056053e-07
gene-OO714_RS17640,-0.511425313112824,9.60271032919919,2.1493945510206e-07,5.62514597520413e-07
gene-OO714_RS12350,-0.63714294579257,6.96576481631815,2.19191297460589e-07,5.73219919922688e-07
gene-OO714_RS16845,-0.813204536737541,4.73481498397769,2.20873633430215e-07,5.77194774419842e-07
gene-OO714_RS03260,0.627179236838127,8.17447169754805,2.25514936756312e-07,5.88890584299731e-07
gene-OO714_RS07080,0.611210160657279,8.38869201909965,2.28725175945633e-07,5.96835003899251e-07
gene-OO714_RS17750,-0.481222453039109,9.32329721805967,2.29541234522227e-07,5.98524979818045e-07
gene-OO714_RS13570,0.669452077177113,4.65523898853763,2.33551932801285e-07,6.08536341037952e-07
gene-OO714_RS03810,-0.560098756690863,6.55658649220539,2.37554124239639e-07,6.18510884650312e-07
gene-OO714_RS04645,0.496830075889849,6.83171723999028,2.40901734470888e-07,6.26767763037728e-07
gene-OO714_RS14770,-0.619214520329288,5.01768178966001,2.46794396426733e-07,6.41629323263065e-07
gene-OO714_RS08010,0.690417557923964,4.54628972630296,2.51251812109315e-07,6.52740453389259e-07
gene-OO714_RS04140,0.586448754628083,5.40869567120019,2.52795664786911e-07,6.56271579731689e-07
gene-OO714_RS05405,0.62567487387783,6.93827359418756,2.63414416655056e-07,6.83339296928519e-07
gene-OO714_RS13850,0.758821216925576,6.62743336239559,2.88611502565038e-07,7.48158482943943e-07
gene-OO714_RS17440,0.485839929716592,7.46537409574611,2.9311441484805e-07,7.5927742738336e-07
gene-OO714_RS11355,-0.605845739529159,7.58456357104266,3.02146394882011e-07,7.82103632491382e-07
gene-OO714_RS09735,-0.603994612936915,4.40677248070657,3.03838252109983e-07,7.85910588063232e-07
gene-OO714_RS16935,-0.541543240732297,9.02896034812258,3.0728726955872e-07,7.94253786190321e-07
gene-OO714_RS11085,-0.619070982676474,6.44183468995903,3.08524077162823e-07,7.9687105395107e-07
gene-OO714_RS03345,-0.498567270884641,8.62278673755881,3.12783567971558e-07,8.06955136122912e-07
gene-OO714_RS11585,-1.33286411407534,10.8736989060725,3.1288243600939e-07,8.06955136122912e-07
gene-OO714_RS13030,-0.906385500214655,3.8967881348026,3.15597583281649e-07,8.13367520654807e-07
gene-OO714_RS17790,0.75662895059778,7.61927486978292,3.41132243894236e-07,8.78539126666751e-07
gene-OO714_RS02920,-0.55765538886393,6.68910703885641,3.56834915888732e-07,9.18313751678894e-07
gene-OO714_RS15905,-0.593976281018979,8.00867639089382,3.61765784896866e-07,9.30329666804242e-07
gene-OO714_RS04110,-1.05278725602272,10.2457127743298,3.67885752018666e-07,9.45383920950354e-07
gene-OO714_RS08320,0.790878025635839,4.10866018291687,3.69692007404968e-07,9.49339157743681e-07
gene-OO714_RS08195,0.565019879340754,6.52642926057574,3.75330191926144e-07,9.63121662170047e-07
gene-OO714_RS09795,0.790274832807437,5.10559268389012,3.82052124223303e-07,9.79663239169999e-07
gene-OO714_RS01275,2.47803072789129,1.16624155043739,3.87608749733272e-07,9.93195022748412e-07
gene-OO714_RS10475,1.11604538245609,3.10040099967558,3.91434805783564e-07,1.00227615256109e-06
gene-OO714_RS00545,-0.661696094840772,8.0742081022141,3.97701015943109e-07,1.01758776865501e-06
gene-OO714_RS13695,0.667272922727091,7.12857328222583,4.00429537527455e-07,1.02383206933279e-06
gene-OO714_RS07410,-1.89383771156606,3.372853257347,4.0366812895097e-07,1.03137061846998e-06
gene-OO714_RS14755,0.582668468847566,5.22637139405557,4.13034970837836e-07,1.0545447459466e-06
gene-OO714_RS02590,0.557837213344717,7.17188126080071,4.21199058689098e-07,1.0746169810345e-06
gene-OO714_RS12960,-0.708746087208876,7.41822510425464,4.3020363591312e-07,1.09680324392771e-06
gene-OO714_RS03035,-0.511893641044281,10.6571501865288,4.40337575826877e-07,1.12183494228582e-06
gene-OO714_RS15895,0.527040163952563,7.53264255873508,4.57029251746928e-07,1.1635257598199e-06
gene-OO714_RS11950,1.01582991273527,3.28451474454729,4.60056656599031e-07,1.17039467255043e-06
gene-OO714_RS11545,1.18936197967876,2.74813770072945,4.63083005779471e-07,1.17725107477843e-06
gene-OO714_RS16745,0.571423039728588,9.93294120696863,4.65595293922823e-07,1.18279176168814e-06
gene-OO714_RS01170,0.987367006488422,3.94180079546467,4.66562854562174e-07,1.18440313222426e-06
gene-OO714_RS15860,-0.503715240937709,7.06405608387125,4.67655171858065e-07,1.18632868007392e-06
gene-OO714_RS15235,-0.918059300838593,10.5725146805185,4.71100442393879e-07,1.19421610004839e-06
gene-OO714_RS08945,-1.17291723275497,3.09541820514707,4.83694848802132e-07,1.22526834828423e-06
gene-OO714_RS05510,0.575615500223634,8.44080656823352,4.87926238398768e-07,1.23510673167323e-06
gene-OO714_RS08790,-0.779080005706454,5.91916997680709,4.96427271312198e-07,1.25573133255769e-06
gene-OO714_RS17290,-0.795366486290925,10.9838554040123,5.59618931495351e-07,1.41457018672438e-06
gene-OO714_RS10485,0.710814021967666,4.72268612919057,5.65404485835294e-07,1.42817877943044e-06
gene-OO714_RS09310,-1.25966735378929,8.3215387154528,5.74257608796749e-07,1.44951103811338e-06
gene-OO714_RS04605,-0.784742109375482,5.21814331235067,5.75597832143662e-07,1.45186280726655e-06
gene-OO714_RS01995,0.618819582955079,9.37079284081205,5.90347407595152e-07,1.48801041602353e-06
gene-OO714_RS15730,0.489176117093138,6.3052086051563,5.92734164213739e-07,1.49296755465317e-06
gene-OO714_RS02550,0.508438344402729,7.64596672321144,5.97477526576327e-07,1.50384924182172e-06
gene-OO714_RS15450,-0.481312872309422,7.35142356054331,6.1046125800976e-07,1.53544183366361e-06
gene-OO714_RS03730,-0.500154131605999,7.83731997142891,6.15654421914175e-07,1.54740863895543e-06
gene-OO714_RS13100,1.78160295764706,1.7832823321415,6.22296847356404e-07,1.56299858339552e-06
gene-OO714_RS17675,-1.17210172232609,3.55512744820453,6.2609799832403e-07,1.57143523025678e-06
gene-OO714_RS06750,-0.738597631407728,5.14935141802267,6.28330745670019e-07,1.57592623155346e-06
gene-OO714_RS06700,-1.03908122334468,3.61288207430835,6.44230240185787e-07,1.61411630671495e-06
gene-OO714_RS16055,0.998946304154873,3.85959683852591,6.44465683519561e-07,1.61411630671495e-06
gene-OO714_RS10530,0.867879880716489,4.14668299439238,6.48558926885324e-07,1.62322424376792e-06
gene-OO714_RS13095,1.27805041843603,4.36751337958446,6.65098510873844e-07,1.66344835161551e-06
gene-OO714_RS11050,0.689551236325255,5.26376649945728,6.66483121819296e-07,1.66573911036975e-06
gene-OO714_RS00525,-0.534967076261469,7.62337082093522,6.68301722906893e-07,1.66911055742171e-06
gene-OO714_RS17295,-0.827775137434382,12.769924870224,6.97303928311752e-07,1.74032174242975e-06
gene-OO714_RS10860,-0.501765877298404,6.4557701416793,7.2258434576301e-07,1.80215071216964e-06
gene-OO714_RS01240,0.700816388292186,8.0326039189912,7.23929336995253e-07,1.8042390348395e-06
gene-OO714_RS12255,0.491282279596645,5.90044042960831,7.33903116483863e-07,1.82781476943493e-06
gene-OO714_RS18415,0.600602415958916,10.6494721961259,7.64814490197513e-07,1.90346687546356e-06
gene-OO714_RS01930,-0.525683668505302,7.28831854354961,7.72222687920207e-07,1.92055943517734e-06
gene-OO714_RS17625,0.699698266572779,6.18342314439955,7.86043275723185e-07,1.95356489644769e-06
gene-OO714_RS07845,0.7919180325266,4.20092176363314,7.94326904260409e-07,1.9727727587292e-06
gene-OO714_RS02600,-0.629200318082823,5.79026519332821,7.96443602406317e-07,1.97534773946992e-06
gene-OO714_RS05140,-0.525147075882369,6.72032724072272,7.96475326578614e-07,1.97534773946992e-06
gene-OO714_RS03435,-0.580964432686856,6.70772172358805,8.15590365626903e-07,2.02134460211856e-06
gene-OO714_RS15115,0.575845849693045,8.36309607306242,8.18232132459046e-07,2.02553735663795e-06
gene-OO714_RS05540,0.579884590437823,6.89383175040956,8.18421959519441e-07,2.02553735663795e-06
gene-OO714_RS06380,0.725183611629485,8.02134443222658,8.25508671980089e-07,2.04165471135507e-06
gene-OO714_RS01505,-1.62817831305897,7.78760380659318,8.26533499286289e-07,2.04276777222773e-06
gene-OO714_RS13835,-0.558305911619751,6.68791281555465,8.34741832123296e-07,2.06162089740528e-06
gene-OO714_RS01755,0.55112365439468,8.98726724323029,8.47365580364343e-07,2.09134532820477e-06
gene-OO714_RS12400,0.585315823960452,5.50863672081414,8.52981249052584e-07,2.10374417705266e-06
gene-OO714_RS04435,0.524127168370042,6.67856716656153,8.60941085553763e-07,2.12190334123306e-06
gene-OO714_RS17570,0.516244529775432,8.08968825686777,8.65345995550588e-07,2.13128182133527e-06
gene-OO714_RS09815,-0.675144158873029,5.74069342188723,8.79525879608899e-07,2.16470566213991e-06
gene-OO714_RS17450,-0.4955868108548,6.40389551810941,8.80298418650817e-07,2.16510766774049e-06
gene-OO714_RS11745,-0.437967769946304,6.23015285715727,8.92418946876865e-07,2.19340037150787e-06
gene-OO714_RS11090,1.03633360032634,3.33510716342035,9.00892205717235e-07,2.21269585288117e-06
gene-OO714_RS11215,-0.576508026932936,6.65480959167754,9.03096394307239e-07,2.21657775232592e-06
gene-OO714_RS17260,0.532786768982552,7.09908976456742,9.12033144216456e-07,2.23696742204643e-06
gene-OO714_RS02075,-0.800988692639625,7.95679933698493,9.76487839359304e-07,2.39340536626411e-06
gene-OO714_RS16030,0.485488221402725,7.44466545633848,9.90301730292716e-07,2.4255908679947e-06
gene-OO714_RS11420,1.57437722834396,2.22819557020321,9.94184073984614e-07,2.4334230020257e-06
gene-OO714_RS10230,0.803410277506677,3.92369266090852,1.00190477685925e-06,2.45063288159516e-06
gene-OO714_RS00690,0.676808265418556,7.12095704372573,1.01825826960967e-06,2.48892014456174e-06
gene-OO714_RS09775,0.93559352945909,5.11683156940693,1.02195758579826e-06,2.49624553946874e-06
gene-OO714_RS02415,0.746721321413642,5.0610269442493,1.02721815290161e-06,2.50737178256342e-06
gene-OO714_RS11185,0.864228734391124,4.18559289529729,1.03193990160154e-06,2.51716843534103e-06
gene-OO714_RS10915,0.774220533425226,4.09911041097428,1.03920615050991e-06,2.53315408704543e-06
gene-OO714_RS06885,0.668947874267013,6.13828459882018,1.05270864949157e-06,2.56430880074917e-06
gene-OO714_RS07165,-0.539727577154836,7.25734917287391,1.0831891215239e-06,2.63674940951778e-06
gene-OO714_RS05505,0.627424386360177,5.4908222718171,1.08653317401033e-06,2.64307932952273e-06
gene-OO714_RS11980,0.486247341014809,5.59624720117714,1.11209729991975e-06,2.70341573455184e-06
gene-OO714_RS16630,0.76958888186147,5.0711747239661,1.13662361803799e-06,2.76114855673754e-06
gene-OO714_RS18410,0.463856416167255,7.57384274631315,1.21484437848478e-06,2.94915090241455e-06
gene-OO714_RS12420,0.504054524190883,7.47045986447636,1.22453408914901e-06,2.9706444729253e-06
gene-OO714_RS17775,0.594503163365997,5.89574174538106,1.22963909687935e-06,2.98099409980164e-06
gene-OO714_RS08340,-0.599907121967153,5.05479784437869,1.24394036121767e-06,3.01297099054349e-06
gene-OO714_RS01100,-0.579622057950318,6.50973237008284,1.24452487735449e-06,3.01297099054349e-06
gene-OO714_RS09045,-1.55664427498507,7.47695486551379,1.24824388352089e-06,3.01991746904917e-06
gene-OO714_RS12120,0.603955824816004,5.38216111135764,1.25536066161003e-06,3.03506924582453e-06
gene-OO714_RS07505,-0.544896530848779,6.09887225139078,1.26316259998954e-06,3.05185579902299e-06
gene-OO714_RS05230,-0.594741139672936,5.91949375040576,1.2669848036823e-06,3.05901086432535e-06
gene-OO714_RS09880,0.463014931523075,5.81377338734997,1.27007602046535e-06,3.06439251645204e-06
gene-OO714_RS10340,0.665942595666381,7.08264636301284,1.27567198168956e-06,3.07580612138717e-06
gene-OO714_RS13110,1.44055256076221,3.4427874352311,1.27962850855261e-06,3.08325404704811e-06
gene-OO714_RS06610,-0.467987916653929,11.0052061104573,1.28057612525163e-06,3.08344684901374e-06
gene-OO714_RS11465,0.600707713831152,7.19576861701441,1.2853141326489e-06,3.09275993732849e-06
gene-OO714_RS15315,1.01418720262453,3.96836993783075,1.28914148406895e-06,3.09987065925646e-06
gene-OO714_RS08435,-0.565084036330316,6.51174862249336,1.32388610255273e-06,3.18126518490359e-06
gene-OO714_RS03030,0.556702594077748,7.09079528763211,1.32526150881862e-06,3.18241851509553e-06
gene-OO714_RS13060,-0.653636890411786,6.05115872000251,1.33499863251321e-06,3.20363615121671e-06
gene-OO714_RS14255,-0.521052574632307,6.81193307301091,1.37509045276003e-06,3.29761907497243e-06
gene-OO714_RS04555,0.543479501334736,6.28188337124684,1.38070908111033e-06,3.30886046814977e-06
gene-OO714_RS06280,-0.851527731469107,3.70837622020093,1.41751541783848e-06,3.3947774898908e-06
gene-OO714_RS09915,-0.498762808136244,5.9925613020468,1.42926263052526e-06,3.420605649082e-06
gene-OO714_RS11795,-1.10624759166097,3.2071908134194,1.440858530872e-06,3.44603715929951e-06
gene-OO714_RS08710,-0.476939869529602,5.97565102391143,1.49743435945966e-06,3.57893861030237e-06
gene-OO714_RS10810,1.53109492043493,5.64394578862567,1.5215364656638e-06,3.63409986489863e-06
gene-OO714_RS10710,-0.803014682524444,4.74464121982716,1.5885110682267e-06,3.79151667997159e-06
gene-OO714_RS05550,-0.500351733838316,6.72584875425013,1.59418726628665e-06,3.80251110361257e-06
gene-OO714_RS13935,-0.643527236157084,7.80578758117545,1.59989242882829e-06,3.81355982029225e-06
gene-OO714_RS11415,0.686037563708817,4.62210159192454,1.61105902204719e-06,3.83760305921965e-06
gene-OO714_RS05725,0.670156613589598,8.34487827286504,1.62681269252323e-06,3.8721536065919e-06
gene-OO714_RS01050,-1.07953518923532,8.48674761814016,1.62774268099277e-06,3.8721536065919e-06
gene-OO714_RS10595,0.564514444998452,5.3925115019096,1.72720927194939e-06,4.10602123913588e-06
gene-OO714_RS12170,0.681922079761582,5.63511458472914,1.74021263186439e-06,4.13416824441581e-06
gene-OO714_RS16415,-0.490287059244918,7.23956607120056,1.75718961330114e-06,4.17171134647445e-06
gene-OO714_RS17550,0.474191431638829,6.19045920359444,1.80488700045492e-06,4.28208838425686e-06
gene-OO714_RS15425,1.66914818577061,1.84118938432961,1.81724958697538e-06,4.30854238299567e-06
gene-OO714_RS17230,2.03199143922178,7.88946990765124,1.82775844275319e-06,4.33056900369656e-06
gene-OO714_RS13515,-0.651885576009682,4.74505969436243,1.83475679155424e-06,4.34425425528565e-06
gene-OO714_RS03390,-0.542852401417566,6.82892320448734,1.84083746599405e-06,4.35574990289139e-06
gene-OO714_RS09960,-0.853407219355645,8.04862179573388,1.86819579452029e-06,4.41754348218569e-06
gene-OO714_RS16275,-0.471818839108324,10.0161013913833,1.89833536211378e-06,4.485827045846e-06
gene-OO714_RS06005,1.04105933769055,2.92263346515475,1.93586937286695e-06,4.57148156223862e-06
gene-OO714_RS12945,2.01527027467729,1.58296990902611,2.01373490017094e-06,4.75220042178455e-06
gene-OO714_RS00670,0.492612113903857,6.52664123089526,2.04485139044075e-06,4.82242988827234e-06
gene-OO714_RS07880,0.626220679147003,4.82547582796616,2.06669959510056e-06,4.87072305105265e-06
gene-OO714_RS00250,-0.463126237969604,6.66871433806211,2.07336077134311e-06,4.88318368545621e-06
gene-OO714_RS18095,0.518897513531706,7.15074898902062,2.11866226378311e-06,4.9865733016458e-06
gene-OO714_RS00630,0.980773538530784,3.14344348625082,2.14557594465597e-06,5.04657637809881e-06
gene-OO714_RS04175,-0.511409816636891,5.41607566584084,2.16427803534358e-06,5.08719850371103e-06
gene-OO714_RS00475,-0.568377435450007,8.97327496005288,2.21413702904813e-06,5.20095373512033e-06
gene-OO714_RS05730,0.567676082784272,9.93007806077954,2.22618224678129e-06,5.22579372857379e-06
gene-OO714_RS06225,0.630437257333026,7.93954217736776,2.23282711871509e-06,5.23793239598246e-06
gene-OO714_RS06390,0.646449605355307,5.9219090479495,2.24359371521566e-06,5.25971772023513e-06
gene-OO714_RS11380,0.654883280444247,7.92110133956224,2.26725724065697e-06,5.31168901337829e-06
gene-OO714_RS12080,0.767324266728776,5.5329748419337,2.2762004143919e-06,5.32912797941293e-06
gene-OO714_RS02030,0.596125785030026,8.30390022525883,2.28325756722591e-06,5.34213126657069e-06
gene-OO714_RS11285,0.709412087699396,5.79680407182795,2.43514926414186e-06,5.6937634768159e-06
gene-OO714_RS13160,-0.397869729563421,6.76573913223992,2.48835866220608e-06,5.81435022056569e-06
gene-OO714_RS05910,1.3879471365284,2.68716101582585,2.50565783009044e-06,5.85092505134129e-06
gene-OO714_RS08645,0.52013970826359,6.04989887556979,2.51597863511873e-06,5.87116747814311e-06
gene-OO714_RS17105,0.611615937716911,5.42380638611567,2.51800533477128e-06,5.87204131218971e-06
gene-OO714_RS13245,1.08545935275278,3.35498989638837,2.52716597123675e-06,5.88953958149208e-06
gene-OO714_RS16310,0.556105918745288,7.32477455649865,2.5346674818954e-06,5.90315087198968e-06
gene-OO714_RS16070,0.621469552763537,5.73533502639029,2.59016585522601e-06,6.02845412539178e-06
gene-OO714_RS09040,-1.28060879042244,7.41686883707621,2.63905215249325e-06,6.13821423426767e-06
gene-OO714_RS09760,-0.475066470938345,6.17034499813696,2.64660230607521e-06,6.15174924512184e-06
gene-OO714_RS07570,-0.628162745376434,6.7856885064867,2.64974680795695e-06,6.15503278135883e-06
gene-OO714_RS00485,0.486722557707371,6.91249166317413,2.7477339571771e-06,6.37798404281431e-06
gene-OO714_RS01185,0.599087710140253,6.19632398208034,2.74931670050408e-06,6.37798404281431e-06
gene-OO714_RS08005,0.499891024375966,5.73338371318825,2.76186019387929e-06,6.40290354145271e-06
gene-OO714_RS01855,-0.546957086013476,7.80587773201216,2.7990875636098e-06,6.4849786186892e-06
gene-OO714_RS05335,-0.48076227575787,9.58959668692905,2.81127677130453e-06,6.50897566463601e-06
gene-OO714_RS14440,0.903666443214478,3.96494187046447,2.94687074372864e-06,6.81847566615338e-06
gene-OO714_RS09635,-0.68359161925089,8.23085923275266,3.03066956574454e-06,7.00780718064808e-06
gene-OO714_RS05850,-0.688423086525009,4.68192908968373,3.04190446794251e-06,7.02921227507651e-06
gene-OO714_RS18390,-1.58554621819613,5.47111353885623,3.05456513800376e-06,7.05285022813506e-06
gene-OO714_RS13460,0.894282171521567,3.66728089940079,3.05610280003602e-06,7.05285022813506e-06
gene-OO714_RS08545,0.934330483552776,3.54354690239821,3.15869893390184e-06,7.28489033814871e-06
gene-OO714_RS00895,0.817632291503677,7.87348057559363,3.21746673381147e-06,7.4156139896018e-06
gene-OO714_RS13575,1.36425404792694,2.00772391719152,3.25365923715067e-06,7.49417040105864e-06
gene-OO714_RS01015,0.477317694594517,6.50262175092683,3.25599911809614e-06,7.49470263323426e-06
gene-OO714_RS17950,-0.772110939085768,9.97235902168378,3.3418951152044e-06,7.68744028442488e-06
gene-OO714_RS12410,0.554412967815231,6.7217741091994,3.36393852779321e-06,7.73314199726847e-06
gene-OO714_RS11720,-0.787436902465668,7.10324584672882,3.44402434853266e-06,7.91212833528447e-06
gene-OO714_RS08605,1.13993327549604,5.4655812579191,3.46887252840034e-06,7.9640652234721e-06
gene-OO714_RS14325,0.555215395510248,7.27977610995598,3.50208462921071e-06,8.03512509503865e-06
gene-OO714_RS05580,-0.469232080952692,9.17223360231857,3.5314469726834e-06,8.09726615543019e-06
gene-OO714_RS02915,0.480595701366236,7.94314070710484,3.61689005387616e-06,8.28783188360792e-06
gene-OO714_RS02565,-0.749313424885992,6.33185015686983,3.67317360035444e-06,8.41137820596628e-06
gene-OO714_RS00295,-0.517888469758165,7.8068794317981,3.68458220171026e-06,8.43207028002464e-06
gene-OO714_RS16585,-0.561666254969884,8.32991489482596,3.73088620901315e-06,8.53254156166842e-06
gene-OO714_RS03830,1.08134281888295,3.1108913703421,4.01544811547545e-06,9.17742932630209e-06
gene-OO714_RS04680,-0.483362890844099,7.07473526506954,4.03369869203754e-06,9.21321667834281e-06
gene-OO714_RS04020,0.472324191356748,6.30915941490125,4.05529726153716e-06,9.25660017180673e-06
gene-OO714_RS02740,-0.543104733134047,9.33916943254835,4.08777163243503e-06,9.32473708708222e-06
gene-OO714_RS13055,0.543567332457774,7.62650883586177,4.17702913804328e-06,9.52223319859257e-06
gene-OO714_RS10520,0.553957874729904,6.16109711126514,4.20906235951742e-06,9.58910745238776e-06
gene-OO714_RS10605,0.630721454450976,4.46348645980022,4.30630989421046e-06,9.80437243050862e-06
gene-OO714_RS00200,-0.464046512288576,6.45909086540482,4.32686388087787e-06,9.84486186468627e-06
gene-OO714_RS03425,0.623796198997913,4.59043698282021,4.42317836680767e-06,1.00575661648333e-05
gene-OO714_RS05325,-0.56265531036697,8.25456062200185,4.44618121931852e-06,1.01034066837967e-05
gene-OO714_RS06940,0.85555570050793,3.48019618992078,4.46092839619981e-06,1.01304405879196e-05
gene-OO714_RS08850,0.884410329316137,3.2731494607142,4.66020328245325e-06,1.05762212425535e-05
gene-OO714_RS08540,0.885125681324342,3.01075668470725,4.74731788735339e-06,1.07670502690836e-05
gene-OO714_RS16040,-0.578806166613594,9.48656838166016,4.76945853312223e-06,1.08103671088753e-05
gene-OO714_RS11410,0.538996643142325,5.41627588386976,4.78449618718287e-06,1.08375394832683e-05
gene-OO714_RS11960,0.885678455520211,3.11383830964618,4.85582977692848e-06,1.09921140300661e-05
gene-OO714_RS04870,-0.726179753563464,6.45374481089492,5.01192124925293e-06,1.13382355950636e-05
gene-OO714_RS11600,-0.629351325776822,3.89688281045954,5.37939896955588e-06,1.21618218433852e-05
gene-OO714_RS05495,0.49033446165377,5.39507972050208,5.38479727777306e-06,1.21662870471745e-05
gene-OO714_RS17430,0.558901637928975,6.10327261281333,5.44133210936159e-06,1.22862098581138e-05
gene-OO714_RS13075,1.01622816662576,3.93248735586174,5.49613638061074e-06,1.24020753629781e-05
gene-OO714_RS13780,0.622479820218117,6.33381919010646,5.63566492819399e-06,1.27088535246202e-05
gene-OO714_RS16560,1.13412654974619,2.62724630282222,5.68617441319585e-06,1.28146251518694e-05
gene-OO714_RS11560,0.90492349070236,4.98059649678332,5.71860893802678e-06,1.2879553970689e-05
gene-OO714_RS05465,0.485123290493799,5.87835565160429,5.74292490676072e-06,1.29261273708851e-05
gene-OO714_RS08690,-0.716136812874416,3.84525225778196,5.77130132958736e-06,1.29817752692111e-05
gene-OO714_RS14115,-0.427506966239098,7.02952401365395,5.87817974909908e-06,1.32138208907641e-05
gene-OO714_RS13135,0.685390689669699,4.68305386860967,5.91272123575642e-06,1.32830665435387e-05
gene-OO714_RS01815,0.529631372838185,5.4711434783606,5.92216604239353e-06,1.32958800471678e-05
gene-OO714_RS01440,0.482305195834574,6.2147432094631,5.95607964024223e-06,1.33635776776647e-05
gene-OO714_RS16375,0.434147587144736,8.8295645904775,5.97801787205703e-06,1.33949139430761e-05
gene-OO714_RS15270,-0.441313050979755,10.08190902857,5.97827335553392e-06,1.33949139430761e-05
gene-OO714_RS04525,0.560019451255542,5.36143810671103,5.98135296220083e-06,1.33949139430761e-05
gene-OO714_RS10190,0.890905634956548,3.63781546361702,6.08207022605005e-06,1.36118876469659e-05
gene-OO714_RS12290,1.56146393315393,2.51199644965993,6.10219938861143e-06,1.3648342748348e-05
gene-OO714_RS12260,0.649732303648326,5.58785656940101,6.14997357041436e-06,1.37465446976432e-05
gene-OO714_RS04170,-0.607186779585502,9.50341834037167,6.21111809263321e-06,1.38744900699047e-05
gene-OO714_RS18045,-0.534042739373374,9.979854667819,6.3062177960861e-06,1.40780766628706e-05
gene-OO714_RS00860,-0.545010508734098,4.32815974424462,6.4582193743159e-06,1.44083563442051e-05
gene-OO714_RS03580,-0.693846932654591,8.77775018699968,6.47611766654859e-06,1.44392234547765e-05
gene-OO714_RS14740,-1.66974138294225,1.6911715261112,6.49601557346728e-06,1.44745074282776e-05
gene-OO714_RS15650,0.425505579842292,7.32208298085382,6.52368569269646e-06,1.45270544811048e-05
gene-OO714_RS17065,-0.537488948960742,8.80198105987594,6.5415754945955e-06,1.45577703868456e-05
gene-OO714_RS07110,-0.581350359567418,7.51474114579784,6.66507924245274e-06,1.48233364378454e-05
gene-OO714_RS05305,-0.433470126704309,7.39042188123031,6.67728482147822e-06,1.48411946563687e-05
gene-OO714_RS13215,0.497256857762702,5.13479164343946,6.93348072982431e-06,1.54009940711222e-05
gene-OO714_RS10010,0.476984755404587,6.79194242466202,7.02767530065239e-06,1.56004734656581e-05
gene-OO714_RS00190,-0.693808788601468,8.37306508973874,7.06747279804137e-06,1.56790251711854e-05
gene-OO714_RS13490,0.614922985503439,6.91762685034298,7.07420433016892e-06,1.5684168552352e-05
gene-OO714_RS02010,0.753131041440223,5.26376767070567,7.29077260708751e-06,1.61542430458784e-05
gene-OO714_RS16855,-0.456827589132011,6.60819171106754,7.34700111352163e-06,1.62686865778541e-05
gene-OO714_RS04085,0.577286477884526,5.67774705325532,7.4181889678482e-06,1.6416091900207e-05
gene-OO714_RS15395,0.628494445085771,5.71186536284949,7.57631524261853e-06,1.6755584550259e-05
gene-OO714_RS09885,0.629155662014562,4.09214375467831,7.60436904738527e-06,1.68071689019946e-05
gene-OO714_RS13115,1.04099014743949,2.91693368748065,7.83836109670963e-06,1.73135707505942e-05
gene-OO714_RS13550,0.59054093620055,4.48401469969244,7.86886294326759e-06,1.73701483853249e-05
gene-OO714_RS11180,0.517774234153942,5.18475896010994,8.24955893340628e-06,1.81992131901464e-05
gene-OO714_RS00335,-0.457237455019322,7.97884098704853,8.59269392817474e-06,1.89444381021917e-05
gene-OO714_RS05295,0.705886863780184,7.30810500020543,8.8090562837944e-06,1.94094147753288e-05
gene-OO714_RS04350,0.535833965898839,6.09321489383327,8.81712686823428e-06,1.94151604025431e-05
gene-OO714_RS08085,-0.796980510198202,3.84476000713365,8.88635677723617e-06,1.95554872980169e-05
gene-OO714_RS13960,0.444007039122326,6.47433705855996,8.9479236454235e-06,1.96787875221752e-05
gene-OO714_RS18445,0.764710636282613,4.05698536900851,9.01154154313079e-06,1.98064431937457e-05
gene-OO714_RS13250,0.564812342590652,4.49422652551353,9.06843347956375e-06,1.99191672350863e-05
gene-OO714_RS03115,-0.481293908834072,8.66158627600912,9.29779788626636e-06,2.04103605236508e-05
gene-OO714_RS07645,0.614884974548454,4.69153984215253,9.44745912543676e-06,2.07260924270384e-05
gene-OO714_RS07045,-0.751038273474104,4.78755794409701,9.53643176393174e-06,2.09083766125931e-05
gene-OO714_RS01720,0.566183140740966,5.44252089769107,9.61354685659862e-06,2.10644547030527e-05
gene-OO714_RS09905,-0.430432449267714,7.23819304395314,9.65493047559853e-06,2.11420966791603e-05
gene-OO714_RS03880,0.537153283877048,7.29823388547352,9.66657377708761e-06,2.11545586230107e-05
gene-OO714_RS00365,-0.643025107364852,5.34319405198495,9.69879892215903e-06,2.12120193042174e-05
gene-OO714_RS17045,0.509988423240959,6.0545391952749,9.76062040538489e-06,2.13340989672435e-05
gene-OO714_RS10770,1.15672084048055,4.54678697152108,9.77011925699783e-06,2.1341735611168e-05
gene-OO714_RS11330,-0.503434840992222,8.26327778948642,9.85230622913286e-06,2.15080444338687e-05
gene-OO714_RS10965,0.522354635926228,5.35153587783366,1.00415231378327e-05,2.19076569870211e-05
gene-OO714_RS09210,0.461989925805204,5.73271084809918,1.02504241207981e-05,2.2349697745593e-05
gene-OO714_RS08075,-0.594501696418668,5.93305091629307,1.03724342442053e-05,2.26018585554297e-05
gene-OO714_RS05010,0.789859297653551,4.32727542908736,1.05927009175575e-05,2.30676832481613e-05
gene-OO714_RS17670,-0.860878799564066,7.86305929048532,1.06978444836195e-05,2.32823878106452e-05
gene-OO714_RS00765,0.635146332180323,5.02603958278151,1.09666456758078e-05,2.38527899215551e-05
gene-OO714_RS05585,-0.53266911682459,6.77049885924128,1.10826872628706e-05,2.40904406925029e-05
gene-OO714_RS17980,-0.487741404167571,8.1607922603704,1.10952211810227e-05,2.41029438125639e-05
gene-OO714_RS17585,-0.444490328302187,5.78282708618978,1.13451652836727e-05,2.46308597545344e-05
gene-OO714_RS10305,0.753213747741812,5.64465223333214,1.14325658038204e-05,2.48054571836249e-05
gene-OO714_RS17035,-0.877070740875336,4.60587092656059,1.15601101168587e-05,2.50668891734691e-05
gene-OO714_RS17255,-0.731354222452939,5.14313394364828,1.15955112067852e-05,2.51283212371431e-05
gene-OO714_RS00145,0.582764827380249,5.86727397794207,1.16404751734455e-05,2.52103892543726e-05
gene-OO714_RS07220,0.521745592124894,6.56932902181817,1.16855782093301e-05,2.52926583166622e-05
gene-OO714_RS12485,-0.771140317315362,7.32439151249986,1.18682803243105e-05,2.56724700381006e-05
gene-OO714_RS06485,-0.581793007013698,5.07954801023229,1.19965379755389e-05,2.59341216332514e-05
gene-OO714_RS02925,-0.451326618852277,6.29388575767921,1.25076114507511e-05,2.70225234625953e-05
gene-OO714_RS09580,-0.510648954536175,10.0949025003136,1.25764106222239e-05,2.71546557420314e-05
gene-OO714_RS03625,0.435872018509728,8.34573935932492,1.26119027556782e-05,2.72147555517185e-05
gene-OO714_RS07305,0.60831687006662,4.34184409799282,1.27002734601871e-05,2.73888178868355e-05
gene-OO714_RS00730,-0.443063802399066,9.63991640406104,1.27865793634734e-05,2.75582189556001e-05
gene-OO714_RS14420,-0.413571412047271,6.16838078200233,1.33191685164553e-05,2.86886817621104e-05
gene-OO714_RS03785,0.460968074245332,7.50802618747722,1.34691548156319e-05,2.89941709356485e-05
gene-OO714_RS13145,0.417615279615721,7.71740516034174,1.36807591877078e-05,2.94318511822721e-05
gene-OO714_RS16045,-0.700792458269562,8.18863347975308,1.37114411032679e-05,2.9480013116161e-05
gene-OO714_RS07290,-0.552973064359817,6.13659111327517,1.38962339846077e-05,2.98592597226697e-05
gene-OO714_RS00720,-0.416300568176562,8.39168933897324,1.39292403783574e-05,2.99120968608351e-05
gene-OO714_RS00415,0.660654113693146,6.49598205172564,1.41433091194516e-05,3.03534544749583e-05
gene-OO714_RS09460,-0.699339645775152,7.9893512111789,1.43476431543538e-05,3.07733999822411e-05
gene-OO714_RS13080,1.36546139720137,2.08878620157313,1.44431475733217e-05,3.09595575847921e-05
gene-OO714_RS12165,0.407153034034503,6.62364436410115,1.44770927705411e-05,3.10136152540706e-05
gene-OO714_RS18435,1.30975922315587,2.15664541024349,1.4690437010874e-05,3.14516946606303e-05
gene-OO714_RS07650,0.899626301258835,3.81096135579625,1.49385830346339e-05,3.19637110807278e-05
gene-OO714_RS12305,0.507222293712894,4.31232579829883,1.51943129647988e-05,3.2491328686459e-05
gene-OO714_RS12515,0.460479888184262,5.66886037129257,1.53775252960574e-05,3.28633342767217e-05
gene-OO714_RS08695,-0.371336087512956,5.84827172115734,1.56535975599528e-05,3.34332245961973e-05
gene-OO714_RS14575,0.606421078305902,6.25507136216457,1.57045285552324e-05,3.35218585497274e-05
gene-OO714_RS16015,-0.489263500152411,9.94038198962418,1.57508544595408e-05,3.36005622744347e-05
gene-OO714_RS06655,-0.609238644003329,5.74720037986807,1.65466741583566e-05,3.52770725607674e-05
gene-OO714_RS12520,2.37458357136236,0.895468064764069,1.66165463147389e-05,3.54047995219317e-05
gene-OO714_RS13710,0.503061721922395,7.26104996112238,1.66656849000852e-05,3.54862135438623e-05
gene-OO714_RS01215,0.572922614043576,7.75491897564098,1.66747261165588e-05,3.54862135438623e-05
gene-OO714_RS03890,-0.520783653935027,10.0504536220734,1.67463142611344e-05,3.56172357175774e-05
gene-OO714_RS04325,-0.469158016913223,11.3671788434234,1.71590367651316e-05,3.64732157077019e-05
gene-OO714_RS03130,0.716206538878913,4.41184880343048,1.73216297194356e-05,3.67968153155255e-05
gene-OO714_RS15225,1.17303167132152,3.59179586174747,1.74459809443888e-05,3.70388388747657e-05
gene-OO714_RS17645,0.883479158751452,4.21088436721071,1.76090409853914e-05,3.7362705469899e-05
gene-OO714_RS10660,-0.62714202139704,5.01028307134924,1.76842307319766e-05,3.74998544280698e-05
gene-OO714_RS05900,1.03246331909887,3.66254044261043,1.83192567951537e-05,3.88232788610473e-05
gene-OO714_RS18425,0.500253532127322,8.079663374476,1.89702902780833e-05,4.01790295877879e-05
gene-OO714_RS08025,-0.490653211715104,5.14003206762801,1.89870120709313e-05,4.0190494877957e-05
gene-OO714_RS13360,-0.403703175464877,8.53301434653626,1.92466897251517e-05,4.07159138590411e-05
gene-OO714_RS11275,0.544539959992081,5.33521812424184,1.92974790869183e-05,4.07990723824555e-05
gene-OO714_RS15340,0.536763907793193,7.26097998601179,1.95138239939281e-05,4.12319443962072e-05
gene-OO714_RS07425,-0.490766739250894,8.22555020613121,2.07125193680514e-05,4.37387366809593e-05
gene-OO714_RS04105,-0.876933643710915,10.5713355022877,2.08021983875656e-05,4.39020267633065e-05
gene-OO714_RS00345,0.573004641902931,4.67082328762576,2.10412932507855e-05,4.4380270749728e-05
gene-OO714_RS08400,-0.517214592562586,5.08416203876455,2.10959317979694e-05,4.44691231375939e-05
gene-OO714_RS11760,0.750273685213759,4.0893119236631,2.1385074163204e-05,4.50518989780835e-05
gene-OO714_RS01775,0.421374842965698,7.83085468014794,2.15184329088695e-05,4.5305989667134e-05
gene-OO714_RS03500,0.52687737247704,4.66676772362928,2.17251252569236e-05,4.57140883144503e-05
gene-OO714_RS07775,-0.604949279162705,4.90863647347021,2.23219712605465e-05,4.69421809822381e-05
gene-OO714_RS00710,-0.484366831999651,9.0510479068756,2.23504753189226e-05,4.69743283757841e-05
gene-OO714_RS02025,0.770186028259268,10.8851915604935,2.24637446466425e-05,4.71844849138106e-05
gene-OO714_RS08715,0.797188188635651,4.31791606594068,2.28903905513339e-05,4.80522433664741e-05
gene-OO714_RS12675,1.12839326716087,3.3847703882709,2.30410460702179e-05,4.83399514365729e-05
gene-OO714_RS04985,-0.949981821082504,8.95125901370909,2.30921608213569e-05,4.84186074094999e-05
gene-OO714_RS05825,0.693002586111809,4.07363913115765,2.34139331600559e-05,4.9064338709221e-05
gene-OO714_RS14300,-0.615578800577444,9.79806198959552,2.40692744197519e-05,5.04078970464338e-05
gene-OO714_RS17835,-0.550555121579177,9.41267173921394,2.44595703692509e-05,5.11951196067831e-05
gene-OO714_RS07815,0.625686098074108,4.69315769728264,2.50807048758389e-05,5.24642878921315e-05
gene-OO714_RS01530,0.448376007391699,7.63922631608302,2.51248986613366e-05,5.25258175543473e-05
gene-OO714_RS09610,0.589930029238425,5.25734935267128,2.54131232412304e-05,5.30971428567506e-05
gene-OO714_RS02460,-0.499381924161115,7.7284238193633,2.54979612309943e-05,5.32430988336978e-05
gene-OO714_RS14835,-0.591531378019634,4.65807581758131,2.57866004770274e-05,5.38141973548769e-05
gene-OO714_RS00035,0.437508230925279,7.51354849408274,2.58135702094125e-05,5.38388665048427e-05
gene-OO714_RS15830,2.00173058929543,1.16351573276614,2.62146653249323e-05,5.46433551699762e-05
gene-OO714_RS11010,-0.846057211618129,6.15723794082528,2.64258550819257e-05,5.50512830956412e-05
gene-OO714_RS04670,-0.759499024158613,10.3262200379626,2.70043178275048e-05,5.62234010304348e-05
gene-OO714_RS04100,-0.443892190026605,6.81907974754923,2.70524810131608e-05,5.62907011245745e-05
gene-OO714_RS09375,-0.456182105659584,6.98864244253278,2.70768706106393e-05,5.63084834114757e-05
gene-OO714_RS11715,0.501788868024681,7.800769250584,2.82013965809648e-05,5.8612727163011e-05
gene-OO714_RS15255,0.614965006342191,5.07735538414515,2.84821615546941e-05,5.91616611136078e-05
gene-OO714_RS16515,0.507100243744187,6.32405904987383,2.92252340706988e-05,6.06696739995698e-05
gene-OO714_RS11675,-0.430487355948105,8.20054387724584,2.96307501132495e-05,6.14755901357201e-05
gene-OO714_RS11800,-0.593902045826323,4.82272746498456,3.00466686424235e-05,6.23021355631115e-05
gene-OO714_RS07810,-0.467191695747965,6.60645097338892,3.10141926618671e-05,6.42708109156126e-05
gene-OO714_RS10345,-0.444384484965225,6.79790866148636,3.20946471104744e-05,6.64710814863789e-05
gene-OO714_RS04975,0.608363634983103,7.36579209470263,3.22161260121623e-05,6.66838158690884e-05
gene-OO714_RS08640,-0.544688935411061,8.53452404614487,3.27147818785226e-05,6.76376566345642e-05
gene-OO714_RS06875,-0.376530793296313,7.18516382756173,3.271500612122e-05,6.76376566345642e-05
gene-OO714_RS12530,0.591024074287081,5.3769123419022,3.27602575399433e-05,6.7681654149544e-05
gene-OO714_RS07885,-0.710442697776137,5.15775577354913,3.27743744488928e-05,6.7681654149544e-05
gene-OO714_RS16065,-0.414751550849734,8.0076004107216,3.28978039722723e-05,6.7897093680288e-05
gene-OO714_RS14170,-0.445130566596851,6.27814139781425,3.32856119538472e-05,6.86576116563975e-05
gene-OO714_RS09505,-0.393343939395017,8.10862903159614,3.36087229271206e-05,6.92838754541686e-05
gene-OO714_RS16110,-0.431241525153837,9.29741849405773,3.42235192864874e-05,7.05103695908268e-05
gene-OO714_RS09615,-0.486980957406204,6.15428262939084,3.56735557690037e-05,7.34552822729081e-05
gene-OO714_RS04265,-0.580030344865712,7.99762702273438,3.64423101947105e-05,7.49947715298211e-05
gene-OO714_RS08310,0.653499635876835,5.2417391115494,3.64894982880789e-05,7.50484241411067e-05
gene-OO714_RS09985,-0.506761021617495,5.41915938721356,3.71350352369433e-05,7.63319347785404e-05
gene-OO714_RS15290,-0.43612524246187,8.04933415155197,3.86642463260066e-05,7.94293245333106e-05
gene-OO714_RS12595,0.502523401565038,6.93962847525432,4.01352156304324e-05,8.24035565283402e-05
gene-OO714_RS02020,0.545957481790502,11.5097014505873,4.0464243677184e-05,8.30311328110345e-05
gene-OO714_RS16615,-0.57175183113557,10.9649273364184,4.1120777054112e-05,8.43296258801582e-05
gene-OO714_RS17925,0.432339887369384,6.79986949435796,4.14903840038207e-05,8.50385379178655e-05
gene-OO714_RS16440,-0.546358748097032,8.59254694548949,4.16431232811489e-05,8.53023977759096e-05
gene-OO714_RS15900,-0.390726154807092,6.43006709172051,4.22636224541315e-05,8.65235680887002e-05
gene-OO714_RS11530,0.421187499122611,7.75574810134683,4.31354065374093e-05,8.8257475436933e-05
gene-OO714_RS13345,-0.470908851473191,8.43750465685529,4.45225141308876e-05,9.10431618073502e-05
gene-OO714_RS12655,0.437028094866571,6.44892130634066,4.49689925370717e-05,9.19032774449412e-05
gene-OO714_RS03480,1.3869195380883,1.45291044947958,4.50881624179555e-05,9.20938673755253e-05
gene-OO714_RS11665,-0.601822755395438,6.79174379624862,4.58205405357584e-05,9.35360143963729e-05
gene-OO714_RS03520,0.518950497379316,7.58398993077579,4.60285971572126e-05,9.39067935113281e-05
gene-OO714_RS00305,-0.396176126275105,9.44624302963136,4.6676401268486e-05,9.51737981114166e-05
gene-OO714_RS09420,0.651180030623269,7.40786566238136,4.67829454894726e-05,9.53363464848542e-05
gene-OO714_RS03375,0.386798843093544,6.21369736403663,4.70381029911639e-05,9.57663058762248e-05
gene-OO714_RS05155,0.537329058866803,6.02723273999956,4.70478250027823e-05,9.57663058762248e-05
gene-OO714_RS03985,0.524518024000018,7.76772098073207,4.77460654854282e-05,9.71319500487761e-05
gene-OO714_RS15145,0.399553159777313,6.72134769417839,4.77772726051003e-05,9.71398322874865e-05
gene-OO714_RS07725,0.733641462737088,3.32604247882094,4.78640357063464e-05,9.72605962837937e-05
gene-OO714_RS14790,1.16591548890744,3.55213018322971,4.86202612811756e-05,9.87408049104561e-05
gene-OO714_RS06580,0.442557414976824,6.6559299855893,5.09678830531263e-05,0.000103449375425934
gene-OO714_RS02465,0.42511137799357,7.45737417896495,5.14825538673267e-05,0.000104434358701187
gene-OO714_RS08145,1.13344100863683,2.05455372099128,5.22517820603509e-05,0.000105934303161715
gene-OO714_RS06370,0.697617115087107,9.68919098177778,5.26801507528591e-05,0.000106741879005508
gene-OO714_RS16910,-0.697234077262355,7.08334265471317,5.36279989361247e-05,0.0001085663743567
gene-OO714_RS17595,0.482900387064051,6.68116568176714,5.36416863732033e-05,0.0001085663743567
gene-OO714_RS04765,0.448230950768472,5.24492419983406,5.40952101244613e-05,0.000109421956051415
gene-OO714_RS00030,0.513670810846118,5.64216304901019,5.418889249635e-05,0.00010954910348807
gene-OO714_RS16190,-0.659426466843558,4.59118328205052,5.4982577310811e-05,0.00011109043761377
gene-OO714_RS04695,-0.427309781532521,6.95966446333933,5.52485400837951e-05,0.000111564381510118
gene-OO714_RS18030,0.65481161595609,6.00437777475321,5.53088813791413e-05,0.000111612406594328
gene-OO714_RS10115,1.20104704177664,3.55942827112925,5.53351323633107e-05,0.000111612406594328
gene-OO714_RS17345,0.423062081236074,7.5822042159968,5.57650116057188e-05,0.000112415684201205
gene-OO714_RS10135,0.73442595194516,3.66785912611725,5.64901951245956e-05,0.000113759697233055
gene-OO714_RS10935,0.468454734338194,5.56956311867553,5.64957415915426e-05,0.000113759697233055
gene-OO714_RS06215,-0.563754018531337,8.30452333637873,5.78920294609793e-05,0.000116505250681948
gene-OO714_RS00020,0.383061654968218,10.9364692608986,5.82120814768357e-05,0.000117083043332583
gene-OO714_RS06510,-0.764336225865011,6.37355694211624,5.89233752963006e-05,0.000118446649209871
gene-OO714_RS12310,-0.47189190836505,5.13547794207028,5.93512412853252e-05,0.000119188797756713
gene-OO714_RS06540,-0.380487092052018,9.37401536116601,5.93596432271757e-05,0.000119188797756713
gene-OO714_RS12790,1.75215200251059,0.863156031119606,6.019209042283e-05,0.000120792032390027
gene-OO714_RS04045,0.47635175189372,7.22958385543144,6.06582118756375e-05,0.000121658738716713
gene-OO714_RS02495,0.470405931102772,7.40203549627687,6.22173421683258e-05,0.000124715416845025
gene-OO714_RS17315,-0.915724943156509,9.76480317104654,6.23847142598859e-05,0.000124980425298554
gene-OO714_RS04590,0.795030814575083,4.60063274735998,6.29465788809883e-05,0.000126035009207342
gene-OO714_RS17500,0.553508395004877,6.0876059677619,6.33126465356214e-05,0.000126696591096621
gene-OO714_RS03705,-0.718318697325165,11.6357985448941,6.43682233156383e-05,0.000128736446631277
gene-OO714_RS14125,-0.393164639692307,6.82252366227603,6.4565156195982e-05,0.000129057685669584
gene-OO714_RS09605,-0.441173372365693,5.22435736343465,6.49030827739305e-05,0.0001296602339396
gene-OO714_RS02330,-0.598176715127977,9.21946380540354,6.5094707499556e-05,0.000129969994636754
gene-OO714_RS14280,0.41686505089076,8.66484224629692,6.51561099807275e-05,0.00013001954793459
gene-OO714_RS09585,-0.474871756391166,9.66346772053012,6.63494470017729e-05,0.000132326562651123
gene-OO714_RS14550,-0.452206066025876,6.58997555906576,6.67090878918131e-05,0.000132969208282391
gene-OO714_RS05385,1.86571068245184,1.17746329284589,6.79326778512389e-05,0.000135332251728309
gene-OO714_RS14680,-0.43182094713159,10.7401964917855,6.83402031078405e-05,0.000136067832966535
gene-OO714_RS16205,0.529257621374649,5.4011305207873,6.85535181527093e-05,0.000136416127387866
gene-OO714_RS17135,0.810181359622881,4.86999074263676,6.8635707979239e-05,0.000136503249109242
gene-OO714_RS13005,1.40455031121948,1.73289455443091,6.88705928891519e-05,0.000136893784747229
gene-OO714_RS06315,0.564829502658216,8.46770781388346,6.94936263335226e-05,0.000138054973722381
gene-OO714_RS13290,-0.4605862269507,5.96086218226912,6.95627461358359e-05,0.000138115083668581
gene-OO714_RS10970,0.400015429527363,8.19218409642393,6.97448970075555e-05,0.000138337261371504
gene-OO714_RS12415,-0.442951212576483,9.73831268844742,6.9752496448434e-05,0.000138337261371504
gene-OO714_RS16865,0.666233908090076,4.35286948703177,7.1845778838367e-05,0.000142409312878726
gene-OO714_RS01470,0.496823698261821,7.6773017761642,7.38242609606525e-05,0.000146249399918706
gene-OO714_RS06145,-0.546437021126344,9.54924301609048,7.52185220850835e-05,0.000148928483281553
gene-OO714_RS11770,-1.05105936303508,3.68816308807945,7.53102968420865e-05,0.000149027168695309
gene-OO714_RS01490,0.497508996587795,9.8309463049494,7.63437052714525e-05,0.000150988051494014
gene-OO714_RS07370,-0.413218454289361,5.15571071819735,7.70846070233392e-05,0.000152368572503308
gene-OO714_RS15415,0.571353285383583,6.40706969070193,7.80177788919694e-05,0.000154127396432495
gene-OO714_RS09970,-1.6979816247055,1.19004499172752,7.95056948551802e-05,0.000156979577508506
gene-OO714_RS16315,-0.394638219664228,7.23704694286677,8.12419618545089e-05,0.000160318674309231
gene-OO714_RS18135,-0.434682244613116,7.62191279577735,8.16100033675828e-05,0.000160955578228851
gene-OO714_RS16060,0.480977024673642,8.73049933567882,8.19853798991163e-05,0.000161606234143904
gene-OO714_RS04240,0.662202661061498,7.72941710800974,8.31789922669395e-05,0.000163868147736532
gene-OO714_RS13790,-0.724092694115909,7.55920919434108,8.37092103067097e-05,0.00016482134816069
gene-OO714_RS13305,-0.900868305184217,3.445556835642,8.4555967874725e-05,0.000166396406327117
gene-OO714_RS14135,-1.1916395358015,9.46297649669296,8.72308576786717e-05,0.000171565284001106
gene-OO714_RS04530,0.699584665443628,4.0998639634436,8.73398160220008e-05,0.0001716845719813
gene-OO714_RS02745,-0.515751808568329,6.36394600096571,8.77102905079426e-05,0.000172317508272652
gene-OO714_RS15535,-0.992597354482614,7.14364965197837,8.92668470676316e-05,0.000175278659932797
gene-OO714_RS07105,-0.455379423806245,8.67718441758346,8.98796111122814e-05,0.00017638439419826
gene-OO714_RS05710,0.447008981158822,7.25724213352935,9.01443712974309e-05,0.000176806344145182
gene-OO714_RS16815,0.433963816795713,7.18834435257692,9.15137445293642e-05,0.000179384672151723
gene-OO714_RS01625,-0.540956914787149,9.15989339750982,9.15598748686623e-05,0.000179384672151723
gene-OO714_RS07715,1.47102393102799,1.32875283544055,9.30970500214767e-05,0.000182295821364368
gene-OO714_RS15400,0.969087019226034,2.60846060268554,9.65583628976301e-05,0.000188969395230274
gene-OO714_RS08165,0.714045615595591,3.16659335239973,9.6878406147496e-05,0.000189491389899945
gene-OO714_RS02090,-0.526000817526537,8.97818511628369,9.82176552089282e-05,0.000192005251162008
gene-OO714_RS08395,0.384286770940155,6.63156458133288,0.000102051045910626,0.000199389454187116
gene-OO714_RS04785,-0.374887012560919,9.63353749165143,0.000102258034763134,0.000199684096455042
gene-OO714_RS17545,0.532365875362958,5.2980154276282,0.000103172889259911,0.000201359938731315
gene-OO714_RS07465,-0.368555648703816,6.36737457753896,0.000103617643053171,0.000202116961257392
gene-OO714_RS01175,-0.628450559169554,4.58484293458036,0.000104638762277933,0.000203996797112327
gene-OO714_RS12975,1.03155149969257,3.14381164294401,0.0001057973049168,0.000206142336444248
gene-OO714_RS16595,0.430826770794156,10.0720529748873,0.000106034260157811,0.000206490827726499
gene-OO714_RS14620,-0.512232326311708,6.21567502336777,0.00010937753985551,0.000212884872205084
gene-OO714_RS13255,0.708490674550946,4.15378961589585,0.000109710465455695,0.000213415979326513
gene-OO714_RS01225,-0.482076921729467,8.36255470333114,0.000110253735988999,0.000214355458263075
gene-OO714_RS06780,0.472990652027254,5.20638411941755,0.00011032128810797,0.000214369523201599
gene-OO714_RS01405,-0.576985437825251,8.33751582798338,0.000111554775892803,0.000216647909028974
gene-OO714_RS12535,0.785754835086572,3.49828015043961,0.000113070711880978,0.000219472042613324
gene-OO714_RS08035,-0.438996273324079,5.42515526752832,0.00011507621048432,0.00022324282317755
gene-OO714_RS12130,0.405747733913968,6.53054581732747,0.000116370528112146,0.000225630582057048
gene-OO714_RS13740,0.475619956193518,4.85746747539226,0.000117317819113169,0.000227343254704581
gene-OO714_RS13450,-0.35650039942122,9.16884471221449,0.000119723662350238,0.000231878962393868
gene-OO714_RS14085,-0.748707435021857,7.3002984638127,0.000120964540945872,0.000234154672397401
gene-OO714_RS01485,-0.39849018549814,8.11516858737196,0.000121208852002958,0.000234499869362282
gene-OO714_RS08600,1.07407250212091,5.25931653259962,0.000122362309637561,0.00023660263789548
gene-OO714_RS04780,0.483487881441656,8.08892175575646,0.000122568485137186,0.000236872428590299
gene-OO714_RS14410,-0.375298462660612,8.786002111474,0.000122752884154178,0.000237099864284754
gene-OO714_RS04905,-0.375812717759504,7.52664873848157,0.000122979974995292,0.000237409468296181
gene-OO714_RS06450,0.759538666964785,3.59909370799415,0.00012426875679965,0.000239767188743732
gene-OO714_RS02350,-0.500138027927772,7.12504469628089,0.00012466587860443,0.000240402893412992
gene-OO714_RS09330,-0.50210792442891,6.18064685090538,0.000129917610022266,0.000250394352504952
gene-OO714_RS01555,1.7558227796818,1.7419510018235,0.000130520989275696,0.000251420919179309
gene-OO714_RS08125,-0.387522272429938,6.57108164518805,0.000130895834992087,0.00025200639087859
gene-OO714_RS16725,-0.430768769967363,10.1553509499979,0.000131344841954753,0.000252733929781913
gene-OO714_RS03640,-0.540146446400714,9.11003696868249,0.000131895576598383,0.000253656319930008
gene-OO714_RS07245,0.421572615714361,5.63511133755806,0.000135046548097592,0.000259575679793857
gene-OO714_RS03170,-2.25613526955739,5.89906692685861,0.000137744052453191,0.000264617493199265
gene-OO714_RS04160,0.454306194330351,7.88010100620615,0.00013827191400217,0.000265488050979856
gene-OO714_RS10740,-0.615565614316609,5.2833038844771,0.000139082276500625,0.000266899789785757
gene-OO714_RS05210,0.363934590934754,7.38847885220169,0.000142864515839634,0.000274009978032413
gene-OO714_RS06360,-0.431415989157233,5.91027269163494,0.000143082448959188,0.000274279948004829
gene-OO714_RS02705,0.381271714007545,6.12769293040868,0.000145487949283273,0.00027874079339771
gene-OO714_RS02070,-0.468550747351561,9.99887910606281,0.000147957570998247,0.000283319616017117
gene-OO714_RS15195,-0.840567183711586,3.74289829754521,0.00014897364576958,0.000285111651623634
gene-OO714_RS03305,-0.549705346269149,8.22225584559112,0.000149852754655122,0.000286639768592198
gene-OO714_RS01395,-0.508273075669461,9.33440608977002,0.000159699085222935,0.000305309601335293
gene-OO714_RS03675,-0.454663905549166,8.66359114280115,0.000159891838339852,0.000305513759924642
gene-OO714_RS04090,0.520477318994159,5.07947040182885,0.000160307885232083,0.000306144129024624
gene-OO714_RS07985,-0.717121852129455,3.94406788680928,0.000160403637438699,0.000306162474466776
gene-OO714_RS03555,-0.539338347686233,9.55154923772851,0.000160883628406161,0.000306913803196724
gene-OO714_RS11565,0.5005222757226,5.50504513237724,0.000161240584348009,0.000307380649969329
gene-OO714_RS11990,0.594038647254387,6.09438459382139,0.000161301325884299,0.000307380649969329
gene-OO714_RS01025,-0.504480593784006,5.01624408815624,0.000162265427686403,0.00030905215969854
gene-OO714_RS00070,0.390932282618366,8.38665699576982,0.000163449789154434,0.000311141162643203
gene-OO714_RS14160,-1.13409828656577,9.06484108203013,0.000166991658310191,0.000317713251410289
gene-OO714_RS09350,0.43782235372439,5.54773507186772,0.000167546710625718,0.00031859872100792
gene-OO714_RS11640,0.43710237773112,5.98924928203826,0.000167674347247948,0.000318670925197437
gene-OO714_RS09965,-0.328694203773471,7.306157372749,0.000168577680646599,0.000320216502949232
gene-OO714_RS13390,-1.0020428006298,7.56266457072163,0.000176199720173635,0.000334515921739904
gene-OO714_RS10215,-0.353591722016034,5.56182028288671,0.000178754852940187,0.000339185663293874
gene-OO714_RS08765,0.436341264051813,5.2799428452606,0.000179035407301508,0.000339536732950673
gene-OO714_RS17760,0.434748393848857,9.21784331522933,0.000180085520268479,0.000341346100818227
gene-OO714_RS09550,0.421506015195525,5.59432475106188,0.000180714044693005,0.000342354858656151
gene-OO714_RS02835,-0.456362990134993,8.11684852585499,0.000182192516294239,0.000344971871555528
gene-OO714_RS11025,0.800448507740693,2.76709569541606,0.000183342312853258,0.000346964100042854
gene-OO714_RS03355,-0.328757768598001,6.72901884284281,0.000185305429280252,0.000350492546919646
gene-OO714_RS15445,0.415848464166763,6.77379390061467,0.000186620801442697,0.000352792727833694
gene-OO714_RS11910,1.17586645530837,1.86102471907403,0.000189671947476261,0.000358370069819581
gene-OO714_RS10755,0.352203929829816,6.44468453496314,0.000189932833870788,0.000358672312208703
gene-OO714_RS08915,0.825308230403018,3.67690777970509,0.000190924064583537,0.000360352695448693
gene-OO714_RS11340,-0.566862426143712,8.51732339302545,0.00019506528995709,0.000367973482222663
gene-OO714_RS12470,-0.961435855556601,4.69738591683995,0.000195604858463442,0.000368795579299242
gene-OO714_RS11920,1.1690315442865,2.71525032477409,0.000196147678193331,0.000369622931229639
gene-OO714_RS17920,0.45590578116041,6.91726155098062,0.000197714679063558,0.000372378362157861
gene-OO714_RS02880,0.354932750947994,8.18240759660512,0.00019853979288747,0.000373734334704486
gene-OO714_RS17605,-0.478558725805989,5.71605315797499,0.00020527280158854,0.000386204095736195
gene-OO714_RS05875,0.524211911007623,5.76299396048348,0.000206129041696672,0.000387609848777764
gene-OO714_RS01985,0.370833755858213,7.91691404885043,0.000208437857949129,0.000391744128583398
gene-OO714_RS07625,-0.587780223720245,4.8060702352007,0.000210262095112459,0.000394963787542114
gene-OO714_RS02720,-0.48548862170275,5.80589582433857,0.000213005024733978,0.000399904837773142
gene-OO714_RS03025,0.42044951894905,7.15356377232819,0.000213411860374892,0.000400457102308535
gene-OO714_RS04710,0.617677102463989,5.19901622157189,0.000214748822071411,0.000402753199810974
gene-OO714_RS04065,0.586439018709603,7.45756498524323,0.000215951662817395,0.000404795469226277
gene-OO714_RS06830,-0.399919294281115,8.43895116099698,0.000216412730812626,0.000405445885771256
gene-OO714_RS10880,0.519839782281056,4.37821550722679,0.000220182369441966,0.000412290906742227
gene-OO714_RS04620,-0.384999932900508,7.42916455193304,0.000221537339699019,0.00041460963943671
gene-OO714_RS12460,-0.921132587367514,5.2399429833739,0.000223598527401065,0.000418246929675466
gene-OO714_RS08045,0.533002836116609,5.1894772332381,0.000226112711857092,0.000422727289815942
gene-OO714_RS07310,-1.00573709929979,6.08618662214647,0.000229345760318075,0.000428546178848811
gene-OO714_RS13045,0.435615388813542,7.48935557526067,0.000231913927085974,0.000433117234295088
gene-OO714_RS17240,-0.443900510498271,8.22625496556909,0.0002324241903911,0.000433842212526244
gene-OO714_RS06160,-0.383591292102584,7.54030634385289,0.000234116691917351,0.000436772033109851
gene-OO714_RS04930,0.464394655432689,6.45615912083656,0.000235011306969649,0.000438004313656977
gene-OO714_RS08585,0.417195355154541,5.57829338605382,0.000235065014249421,0.000438004313656977
gene-OO714_RS13865,0.3818170197414,6.52511501362808,0.00023516031418287,0.000438004313656977
gene-OO714_RS02980,-0.453853678738793,7.57126455550275,0.000235270184234994,0.000438004313656977
gene-OO714_RS09170,-0.411281039255781,5.66853379365709,0.000235782380651478,0.000438728052793378
gene-OO714_RS14875,-0.433219526404218,6.34399262009983,0.000237154706371176,0.000441050667945139
gene-OO714_RS16220,-0.426149912524514,5.61639291473021,0.000237676693577381,0.000441790255739546
gene-OO714_RS18190,0.547582217600141,4.39768182514288,0.000240823620152191,0.00044740572191369
gene-OO714_RS04465,-0.381828018347996,7.65170226072869,0.000241282121025723,0.000448023332353929
gene-OO714_RS13170,0.351980241864565,7.40261436143004,0.000241703569940216,0.000448571533977821
gene-OO714_RS03400,0.417481429733752,5.87136554564264,0.00024306913062301,0.000450870402001136
gene-OO714_RS10580,0.667264050075117,4.50941351161585,0.000243254114093783,0.000450978154141525
gene-OO714_RS16035,0.478955130365282,8.45215086373425,0.00024614319589833,0.000456096412003475
gene-OO714_RS14565,-0.364729123092768,8.94847979468263,0.000246545851033166,0.000456604457827968
gene-OO714_RS05315,0.698037596811635,4.18072720592953,0.000247408046402504,0.000457962602559636
gene-OO714_RS09035,-1.34546693169862,7.44246034414865,0.000250023436448934,0.000462562880343317
gene-OO714_RS04865,-0.454610063722334,6.63661510754592,0.000256871620276557,0.000474985295766329
gene-OO714_RS15025,0.593494377078225,5.00882355983527,0.000259968865786189,0.000480462479981339
gene-OO714_RS10465,0.667131753761421,3.79919112169493,0.000260689300463823,0.000481543541501262
gene-OO714_RS06630,0.38698655574078,5.19069874526473,0.000261096616076592,0.000482045388849977
gene-OO714_RS13485,-0.427414651478736,7.55524417673813,0.000274909617979059,0.000507283895273922
gene-OO714_RS10910,0.643545933721598,3.7359896438361,0.000277585094544917,0.000511955073177288
gene-OO714_RS08020,0.63850666706621,3.48660370056646,0.000278607798660301,0.000513574749190202
gene-OO714_RS07440,-0.403839425659839,7.41405958285704,0.000282318163434963,0.000520144506401171
gene-OO714_RS03900,0.420092891908436,5.97010751122284,0.000283825388099269,0.000522527649291134
gene-OO714_RS09755,-1.41992142228309,2.41094352361374,0.000283905709280017,0.000522527649291134
gene-OO714_RS07670,-0.390351920813792,6.56412940850004,0.000288453748936002,0.000530623511241487
gene-OO714_RS08925,0.390900466012787,6.242111262742,0.000293997856037318,0.000540542359211912
gene-OO714_RS08355,0.449680726829992,6.25410812732336,0.000301873870318032,0.000554736160863643
gene-OO714_RS02570,-0.620979523637694,7.27546690215373,0.000304467466281265,0.000559213113779647
gene-OO714_RS06195,-0.320005684535476,7.32115197989558,0.000306222989873772,0.000562146955584394
gene-OO714_RS11550,0.713862631740699,4.55790621397947,0.000313595772354508,0.000575384292693815
gene-OO714_RS13140,0.71011291168545,4.83188945166607,0.0003165047797065,0.000580422077955058
gene-OO714_RS14635,0.393772738450145,6.56342585714019,0.00031673265997677,0.000580540419575781
gene-OO714_RS13455,0.64667535485182,4.76017065211626,0.000323440535665362,0.000592529723584896
gene-OO714_RS03005,-1.45637836351739,14.2030022000895,0.000339253831035468,0.000621178833333361
gene-OO714_RS14525,0.390245631001662,8.83184620291989,0.000348482611905213,0.000637748302116955
gene-OO714_RS02620,0.598380783795327,5.09366635207567,0.000349027350512671,0.000638416471292863
gene-OO714_RS00015,0.551449039462298,8.08825342669075,0.000352730522946924,0.000644858167980127
gene-OO714_RS05150,0.804854649782093,8.94867692139794,0.000359696443162346,0.000657255094601017
gene-OO714_RS12395,0.341256635724154,7.27112416621228,0.000360135757557007,0.000657719672331759
gene-OO714_RS15470,0.876043030858103,3.05830768349813,0.000367782224046377,0.000671339509122149
gene-OO714_RS14490,-0.370451141748987,5.64861609091659,0.000368108483353134,0.000671590117986159
gene-OO714_RS08815,0.348003924740336,6.7279555663567,0.000369595243765822,0.00067395664255707
gene-OO714_RS07200,0.964611735699976,3.48388182215234,0.000378912806269542,0.000690592878708693
gene-OO714_RS12190,0.420136078435782,5.53479917555598,0.00038418578784566,0.000699844331114032
gene-OO714_RS02655,0.46223050398768,5.87684155476256,0.000386413417531011,0.000703541642369474
gene-OO714_RS06080,0.446130080626996,4.19709042948582,0.000386869668590099,0.000704011675457865
gene-OO714_RS11520,-0.432290835482366,10.3972724334405,0.000392513250475112,0.000713916116780219
gene-OO714_RS16460,-0.6005111313143,8.33344779881502,0.00039311115718505,0.00071463787858602
gene-OO714_RS14825,-0.387277152994183,5.52367995769392,0.000404617041554368,0.00073517840781402
gene-OO714_RS18350,0.413593381334529,7.42991065875471,0.000407835224664908,0.000740647107030701
gene-OO714_RS03920,0.490777120055448,4.42833122928023,0.000408419625954563,0.000741329596855218
gene-OO714_RS12955,1.04601313578752,3.02855908797633,0.000409012404061338,0.000742026587051555
gene-OO714_RS14070,0.353109220705196,6.45668881626346,0.000420260796620722,0.000762044322035738
gene-OO714_RS03645,0.390257076212589,12.1697998962921,0.00042419797629142,0.00076879123291163
gene-OO714_RS14695,-0.407216098297366,10.483792771192,0.00042462263380615,0.000769168624132037
gene-OO714_RS04005,0.685261870335858,3.91140053973353,0.000426436502710999,0.000772060789931171
gene-OO714_RS08425,-1.04700954034957,1.79566573456681,0.000429976178880987,0.00077807298357588
gene-OO714_RS08560,1.37003874715204,6.51892132704114,0.000433126946950753,0.000783375658759784
gene-OO714_RS03315,-0.351944169066491,8.69714973544753,0.000433950301688169,0.000784465601322356
gene-OO714_RS00505,0.459287181210355,8.15760627694982,0.000436975854944635,0.000789533395258379
gene-OO714_RS04250,-0.429549369653457,7.66519722059496,0.000438649142995382,0.000792153990958124
gene-OO714_RS04155,-0.388693138020517,6.78008903714699,0.000439104029508827,0.000792572737874236
gene-OO714_RS06640,0.482180270833342,4.59126800797073,0.000445396317249143,0.000803522087057591
gene-OO714_RS11895,-0.397462615047872,4.75580333545068,0.000448229311980222,0.000808222716782196
gene-OO714_RS10120,0.586809918526547,3.91918103589859,0.000448882362870424,0.000808989816248218
gene-OO714_RS08325,0.455085413031069,5.07648963063413,0.000452118352330053,0.000814408831313233
gene-OO714_RS09030,-1.07771944232838,7.78146129051697,0.00045310556938636,0.000815773654305534
gene-OO714_RS07005,0.368743295608351,7.56349966944613,0.000481479449248919,0.000866419221585144
gene-OO714_RS16215,-1.21636342571333,3.53100768624551,0.000488759341517563,0.000879074240765901
gene-OO714_RS07760,0.593790999833884,3.39428613840317,0.000490437793187649,0.000881646897819375
gene-OO714_RS12330,0.440593306606377,4.82906745281767,0.000492520265641524,0.000884942883766419
gene-OO714_RS04720,0.456291192452355,4.15005386814791,0.000505531029206269,0.000907861181303223
gene-OO714_RS08635,0.445011581047865,5.74766824865023,0.000506625074029655,0.000909366420758279
gene-OO714_RS02410,0.374045312227206,6.42818605277599,0.000507138621462834,0.000909828703018128
gene-OO714_RS01865,0.337732322325132,7.89313566488303,0.000518875241995409,0.000930415040389345
gene-OO714_RS14730,1.27784828650526,1.23860579328435,0.000521008826065111,0.000933769726593748
gene-OO714_RS07635,0.39721537464914,6.59708856934564,0.000529723246196864,0.000948909484366761
gene-OO714_RS16980,-0.463717450879108,8.5907103686778,0.000537824085938309,0.000962935416334886
gene-OO714_RS09000,-0.836167036947551,2.86372031962823,0.000547132493516483,0.000979108198367362
gene-OO714_RS02935,0.435808462175625,7.0467315561637,0.000547573682041035,0.000979404562644105
gene-OO714_RS04420,-0.486657299465326,8.89852066309829,0.000551646517203254,0.000986193019185293
gene-OO714_RS15350,-0.390005053571956,8.03422030484739,0.0005525137307001,0.000987246756615462
gene-OO714_RS08920,-0.463543203597401,5.89261839657948,0.000554815962065961,0.000990862275971068
gene-OO714_RS02490,0.339464104946435,7.20874077449499,0.000555881774841354,0.000992267115914702
gene-OO714_RS04035,0.528041438149333,6.08351407980877,0.000556570264973675,0.000992997350259257
gene-OO714_RS16195,-0.445259031544362,7.24871443447188,0.000577891161529336,0.00103032823184914
gene-OO714_RS02170,1.04590464703282,2.69126927763429,0.000578073858837139,0.00103032823184914
gene-OO714_RS15500,-0.921871482527389,3.94610873016506,0.000583058960265997,0.00103869250365181
gene-OO714_RS16435,-0.556373181580593,6.55300787168134,0.000591340505517393,0.00105291791413267
gene-OO714_RS10350,-1.13457530221144,2.82147537568341,0.00059506615160528,0.00105902108302712
gene-OO714_RS10725,0.798295216243315,2.89956994631109,0.000609496682718546,0.00108415976495581
gene-OO714_RS08190,0.390828859788082,7.97492179029209,0.000614723413924714,0.00109290996152498
gene-OO714_RS17020,-0.410781149432923,8.16964808436702,0.000615842422616841,0.00109395203189433
gene-OO714_RS01565,-0.376286828514575,7.70072880170955,0.000615925159206686,0.00109395203189433
gene-OO714_RS07590,0.47246613873888,5.0814699383134,0.000644686408719825,0.00114446328501012
gene-OO714_RS13310,-0.482939202084601,8.5076645592238,0.000649963882320527,0.00115299406809208
gene-OO714_RS05705,-0.334472003357827,6.83931465432323,0.000650140718192606,0.00115299406809208
gene-OO714_RS07600,0.534165585809125,4.78699276131078,0.000655854226713314,0.0011625465943836
gene-OO714_RS09770,0.825622030817051,3.4476570839264,0.000672973676858403,0.00119229733178204
gene-OO714_RS13415,-0.341075601415725,5.37938234392864,0.000680179102871497,0.00120446264653976
gene-OO714_RS17885,0.393157006485354,5.15920364413604,0.000685051669145158,0.00121248686859656
gene-OO714_RS00640,0.406404754910669,5.6831847981467,0.000686106399629232,0.00121374920073782
gene-OO714_RS03055,-0.364957461205892,7.74081480222075,0.000693826841852478,0.0012267963163899
gene-OO714_RS02580,-0.930831853956303,4.98456706600433,0.000695580150386607,0.00122928486050423
gene-OO714_RS17725,0.503196837595152,8.07550372284994,0.000705345426967603,0.00124592328401733
gene-OO714_RS00775,-0.513955322402881,8.32822218203722,0.000705721132660978,0.00124596766292952
gene-OO714_RS12240,0.452968626812697,4.51550185704804,0.000709319085131443,0.00125169812738687
gene-OO714_RS10015,-0.484364123238235,5.49469021397323,0.000711739643374671,0.00125534624940624
gene-OO714_RS00850,-0.463126549086854,8.35471820885119,0.000712802206139631,0.00125659674633941
gene-OO714_RS04955,-0.516496523920238,6.98262263625176,0.000719493203296957,0.00126776343307753
gene-OO714_RS00695,0.716653309873943,7.12724734944975,0.00072131531498231,0.00127034421677261
gene-OO714_RS10375,-0.704329941075065,2.63072170244652,0.00073329226910583,0.00129079778326009
gene-OO714_RS05835,0.471004095849871,4.89830237727972,0.000742182152427489,0.00130579968798381
gene-OO714_RS05635,-0.420389579694988,6.96438422865853,0.000745393148884259,0.00131080022322348
gene-OO714_RS15715,-0.451750289865592,9.26074684710407,0.00074662861515538,0.00131232349073305
gene-OO714_RS05240,0.3673979910366,7.14001191455958,0.000750436504488856,0.0013183644769913
gene-OO714_RS17225,1.0696982020752,4.64251161872101,0.000769471911651195,0.00135113793182231
gene-OO714_RS16530,-0.438736812243894,6.56590220121544,0.00078037652261882,0.00136960896858631
gene-OO714_RS09285,-0.367693980226094,6.4308411665901,0.000781879855585621,0.00137157009217734
gene-OO714_RS02660,0.509918259437832,5.22489303725583,0.000785405805052139,0.00137707559504455
gene-OO714_RS09100,-0.597161679981865,4.23172198290673,0.00079395121384735,0.00139137209763978
gene-OO714_RS03395,-0.389875914721285,7.70516359415707,0.000801408691336069,0.00140374888566209
gene-OO714_RS17400,0.53843481060674,5.48962022794043,0.000802574363350173,0.00140509817110666
gene-OO714_RS13615,-0.332346756740497,7.70504744211149,0.000806199898848516,0.00141075058616821
gene-OO714_RS08890,-0.640824946018568,3.69237761206293,0.000811927525648525,0.00142007402861952
gene-OO714_RS17125,0.412012034006368,5.38012609493535,0.000821049556896666,0.00143532224555374
gene-OO714_RS03665,-0.380978352301257,6.07557387169936,0.000830814885133617,0.00145167949939276
gene-OO714_RS06975,-0.367851945280958,5.82229446404075,0.000837076985530425,0.00146190250937353
gene-OO714_RS14015,-0.523975830782144,6.40866672379648,0.000860588627681468,0.00150149411172141
gene-OO714_RS07755,0.349878166327332,5.40769710928025,0.000860591869886471,0.00150149411172141
gene-OO714_RS10760,0.321449592051512,6.89893417599548,0.000861570173704152,0.0015024633941828
gene-OO714_RS12115,0.518084387971381,4.18492012950584,0.000875677319188295,0.00152631544501972
gene-OO714_RS06855,-0.709374647679118,7.05172416429672,0.000882746204150296,0.00153788235762262
gene-OO714_RS01165,-0.334447475112656,7.14735258420189,0.000899711062401992,0.00156666982644619
gene-OO714_RS13180,-0.333284606032779,6.28351228338803,0.000905425049646135,0.00157584751539783
gene-OO714_RS14765,-0.802282000014109,4.19545998905911,0.000910079832997537,0.00158317363018759
gene-OO714_RS14200,0.473191251751468,5.79953495549826,0.000937155760330473,0.00162947728581923
gene-OO714_RS01135,0.961631272693156,4.99017991461163,0.000958951109978306,0.00166655855494518
gene-OO714_RS00185,0.462180360474689,4.23987349547277,0.00097127056526691,0.00168714349411466
gene-OO714_RS02820,-0.747781178502054,6.18612338436564,0.000996392510632456,0.00172993599549963
gene-OO714_RS00905,0.803516467878522,9.16176213200698,0.00100467883629277,0.00174347098837135
gene-OO714_RS12230,0.32239328233707,6.93454951065722,0.00100948986308228,0.0017509648479231
gene-OO714_RS17100,0.570224593993901,6.87846119885732,0.00101662969739028,0.00176248875342686
gene-OO714_RS06425,0.406119882190474,5.71606290810112,0.00101913196455669,0.00176596538373208
gene-OO714_RS16655,0.546200801709778,4.37994147510186,0.0010266809370616,0.00177817936175289
gene-OO714_RS01350,-0.323194184912741,6.40520888132193,0.00103356695651168,0.00178923378638214
gene-OO714_RS04890,-0.379857773665666,8.39482930536407,0.00103551086796716,0.00179172620484678
gene-OO714_RS11230,0.663557252514103,3.60968021881524,0.0010520728887107,0.00181949734621793
gene-OO714_RS01650,-0.522768312703857,5.24727257435146,0.0010558987812771,0.00182522581160448
gene-OO714_RS15105,-0.485926728342762,7.33099424935531,0.00105854296158116,0.00182890699341732
gene-OO714_RS08895,-0.391682195805806,7.28052423129554,0.00106762683784028,0.00184370543327714
gene-OO714_RS12250,0.410072514037152,4.68865183234635,0.00107062804231252,0.00184799031684249
gene-OO714_RS17875,0.853533479029425,3.98037339220131,0.00108096485894943,0.00186492675179916
gene-OO714_RS17990,-0.626328324773566,5.14101656905052,0.00109186763623057,0.00188282269731365
gene-OO714_RS08550,0.474142806767983,4.77821713730923,0.0011088673645277,0.00191120980287656
gene-OO714_RS06670,0.591230487926816,3.48643322459258,0.00113432232803666,0.00195413550840635
gene-OO714_RS14130,0.426908691438061,5.87041974950117,0.00115156933687019,0.00198288634846738
gene-OO714_RS11365,0.795858573955184,2.7590157790212,0.00115556242871347,0.0019887984850594
gene-OO714_RS00450,-0.362000935909484,7.86915596241091,0.00115937666631401,0.00199439722753145
gene-OO714_RS10715,0.780666188053893,3.52435718439936,0.00116129405326145,0.00199672910754291
gene-OO714_RS16230,-0.358129040368048,6.67195057820727,0.00116773893033214,0.00200683953500987
gene-OO714_RS02095,-0.368140561039654,10.8579176122986,0.00117897016969074,0.00202516190579066
gene-OO714_RS13880,0.344014686501523,7.51644203310959,0.00120021594948016,0.00206066062050845
gene-OO714_RS06725,-0.6233773608891,2.75554639633764,0.00120529667781183,0.00206838454511986
gene-OO714_RS13610,0.450577316543564,8.06158200179612,0.00120769886552158,0.00207150664481839
gene-OO714_RS10180,0.329510275297632,6.06320306540915,0.00121998336228483,0.00209156819563931
gene-OO714_RS17520,0.429406765264223,5.45591399864896,0.00122406451139675,0.00209755316948122
gene-OO714_RS03525,-0.371855570926883,6.77521380950233,0.00122610557555982,0.00210003817616366
gene-OO714_RS16885,0.310120751936561,6.89055497965691,0.00122753065435409,0.00210146625509366
gene-OO714_RS14920,-0.327326042819223,8.27403328960205,0.00123273603567036,0.0021093615169824
gene-OO714_RS15555,0.546494208897809,10.3417435742819,0.00124081686657266,0.00212216705668876
gene-OO714_RS13350,0.71224104614357,4.09729682780777,0.00124220245244571,0.00212351491870709
gene-OO714_RS18020,-0.562975871814232,7.9444591457185,0.00124808326774707,0.00213254227575629
gene-OO714_RS06815,0.330594193067131,6.34322691762276,0.00125056317679335,0.00213575277766629
gene-OO714_RS10435,0.759413714922797,6.00270945037179,0.00128145381249015,0.00218745766070606
gene-OO714_RS00865,0.335678197892435,5.85837216110447,0.00129125232856821,0.00220312567245868
gene-OO714_RS17810,0.456994704171388,8.71065359895341,0.00131996206296873,0.00225102935306663
gene-OO714_RS05785,0.584782472324724,4.86906894042138,0.00132482608307637,0.0022582407190664
gene-OO714_RS16600,0.446140170972765,5.00295403899676,0.00132690243905864,0.00226069571831946
gene-OO714_RS07190,-0.511196092723892,5.47322963634087,0.00134015536362862,0.00228218119901107
gene-OO714_RS12035,0.701809825634786,3.44744139305551,0.00134408139795732,0.00228777073196375
gene-OO714_RS09355,0.808492771910739,3.59890881200011,0.00136001539899474,0.00231378397703557
gene-OO714_RS07255,-0.608800359169584,7.1563415438776,0.00136973362229344,0.00232920253283774
gene-OO714_RS05775,0.326540234858628,5.74594489062796,0.00138316412146553,0.0023509159673307
gene-OO714_RS15055,0.493826491806898,9.26246071824503,0.00138756773561627,0.00235727329463681
gene-OO714_RS15215,0.361942557552494,8.16678533179504,0.00141857251978796,0.00240879442681626
gene-OO714_RS14285,0.341514201053824,9.07206098318669,0.00142117191038379,0.00241205585936198
gene-OO714_RS01420,0.332085474399042,7.90318293068377,0.0014294769835869,0.00242499341272929
gene-OO714_RS05845,0.683639618916661,2.99788360453881,0.00144456336698747,0.00244941708314574
gene-OO714_RS10560,-0.416404597668181,4.72283035170537,0.00145223751806067,0.00246125519274565
gene-OO714_RS16835,-0.549844167590193,6.13716485228878,0.00145872406360656,0.00247107022023723
gene-OO714_RS05685,-0.368702498351273,8.86324180406949,0.00147170479595511,0.00249187176980679
gene-OO714_RS06405,-0.433124925141524,7.26773751406997,0.00147575315621517,0.00249753653199462
gene-OO714_RS14390,-0.462218577020326,8.56843326306717,0.00147775893584005,0.00249974072250145
gene-OO714_RS00125,-0.329011661135283,6.92269876409795,0.00148500948753941,0.00251081052269983
gene-OO714_RS03925,0.31292132895661,7.74610984527016,0.00148831006405096,0.00251519446868146
gene-OO714_RS05145,0.565631127086263,4.43950693995632,0.00149703613657821,0.00252873879724286
gene-OO714_RS12570,0.516114751457915,9.48946871850986,0.00150599894543705,0.00254266995348375
gene-OO714_RS02455,-0.37746890538907,8.55201762060548,0.00151867833437493,0.0025628598292348
gene-OO714_RS11670,0.757974368760124,2.78894501054232,0.0015247166691021,0.00257182868627854
gene-OO714_RS14260,-0.415963687827338,7.56043240365887,0.00154781216792823,0.0026095467005773
gene-OO714_RS07180,-0.321744407208266,10.6687577515719,0.00154917771147925,0.00261061051996076
gene-OO714_RS16400,-0.310135725285726,6.9727832827934,0.00156508746790004,0.00263617102413115
gene-OO714_RS00825,0.303584405961088,7.70459802683057,0.00158029900413631,0.00266053181463782
gene-OO714_RS13230,0.565469169316177,4.37662513082402,0.00158709959206574,0.00267071588551215
gene-OO714_RS02470,0.451246328626956,5.65604330473155,0.00162675950924944,0.0027361586823817
gene-OO714_RS08470,-0.548763877886277,3.4990163909975,0.0016379612098534,0.00275369637645174
gene-OO714_RS16115,-0.431790915157483,8.46728809526223,0.00164686822915319,0.00276736155385837
gene-OO714_RS10545,-0.347166988838865,5.39513742492695,0.00164826277452196,0.00276839598329445
gene-OO714_RS17385,0.384598133321337,5.71008455607951,0.00164933166611072,0.00276888273091994
gene-OO714_RS08610,0.576304726320028,5.81391612315541,0.00168302084898379,0.00282410580608517
gene-OO714_RS09515,0.328681476715322,6.81342435336153,0.00172529169615293,0.0028936699802395
gene-OO714_RS02150,-0.433633061945658,8.76257538346437,0.00174464094705043,0.00292474241783831
gene-OO714_RS10290,0.432810124601979,5.11384886063422,0.00178858194054421,0.00299699208707879
gene-OO714_RS08345,-1.54412067193101,8.63516161147466,0.0018132281752646,0.00303685812200301
gene-OO714_RS18075,0.727035028122133,3.43061740383442,0.00181807889637361,0.00304354799703806
gene-OO714_RS09125,-0.439867709916538,8.48951230399221,0.00182942025875835,0.00306109209021995
gene-OO714_RS10570,0.413299796687555,4.59566436113855,0.00187189181997598,0.00313068401326807
gene-OO714_RS10865,0.40104998731071,4.54197102888825,0.00189054747844117,0.00316039780732828
gene-OO714_RS00880,1.09224528015052,5.90924069412734,0.00190585464892577,0.00318448867996341
gene-OO714_RS05035,0.335053475690177,4.99423522415684,0.00191221919908745,0.00319362172629548
gene-OO714_RS07535,0.731999692244114,3.72587031058192,0.00199646923884202,0.00333276264670951
gene-OO714_RS10945,0.296320653213301,6.92364033418793,0.00200001164014325,0.00333710862397611
gene-OO714_RS08905,-0.435747042107849,4.67474184375866,0.00201529821364464,0.00336103700201458
gene-OO714_RS08615,0.591281835384883,8.74162948674138,0.00202120484842975,0.00336930676891151
gene-OO714_RS04835,0.394648927180343,6.6214427304898,0.00208538909763092,0.00347467081714969
gene-OO714_RS02890,0.752043127146319,3.84890332320353,0.00215902264218234,0.00359567313510592
gene-OO714_RS04725,0.365314439567766,10.3643593285473,0.00218047128763086,0.00362969318793447
gene-OO714_RS07470,0.357198023232275,6.69265938254094,0.00222032345737617,0.00369430223198263
gene-OO714_RS06810,-0.420180325752839,7.44949392693675,0.002245590915254,0.0037345952797439
gene-OO714_RS11785,1.14853877721779,1.57290874676608,0.00226126110889496,0.00375889709121268
gene-OO714_RS04940,0.322930401075932,8.74451798729625,0.00226869351367335,0.00376948889555638
gene-OO714_RS02005,0.313498406168723,6.59553151864411,0.00229652089121033,0.00381394170437454
gene-OO714_RS13480,-0.596989316574729,4.68146759747669,0.00230269299468876,0.00382240583985233
gene-OO714_RS15660,0.387793848694108,8.64162654869524,0.00231807195107152,0.00384613805513921
gene-OO714_RS16525,0.413831541912557,7.73267041292279,0.00235649930563474,0.00390807211023139
gene-OO714_RS03970,0.476135201795015,6.51975353815088,0.00236078660995365,0.00391335616220862
gene-OO714_RS06230,-0.716473954917226,9.26498479449873,0.00238090170369777,0.0039448030042866
gene-OO714_RS02985,0.689382452914737,3.92460123922847,0.002381977278334,0.0039448030042866
gene-OO714_RS09685,-0.460907719139252,6.7151457807947,0.00241263238494944,0.00399371005873792
gene-OO714_RS13795,0.641080114271091,4.00692837272023,0.00242710250175076,0.004015792500569
gene-OO714_RS09700,-0.441431494776996,5.60409658338193,0.00243671872336711,0.00402982705576859
gene-OO714_RS08460,0.31526095723534,7.6346431945509,0.0024403081037546,0.0040338860468576
gene-OO714_RS15980,-0.812738580031722,3.77612731914724,0.00247482799043486,0.00408904634030938
gene-OO714_RS01960,-0.358519094713709,7.28083180988116,0.00250501637681593,0.00413700195316162
gene-OO714_RS08975,0.411652502470265,6.3532401243163,0.00250703754897701,0.0041372895263659
gene-OO714_RS04660,0.304348668533391,6.28163190911072,0.00250776292494989,0.0041372895263659
gene-OO714_RS13560,0.614267849681089,3.32794856341554,0.00250868287262761,0.0041372895263659
gene-OO714_RS13035,0.774038016510974,3.00613906154209,0.00254186300223516,0.00419006544988115
gene-OO714_RS06995,0.291685760500178,6.9356663475386,0.00256486468138481,0.00422602182551767
gene-OO714_RS09695,-0.480956099523451,4.72239907822109,0.00262030932977804,0.00431537505006077
gene-OO714_RS09145,0.373772262474258,7.28407554519212,0.00264256871040631,0.0043500181550644
gene-OO714_RS11325,0.376495825830647,6.53574357401828,0.0026939124237284,0.00443248368237534
gene-OO714_RS07195,-0.384325122133447,4.88296161788333,0.00270102410334487,0.00444212848833303
gene-OO714_RS03495,0.401912988656644,4.81491788899732,0.00276302160034174,0.00454198832914641
gene-OO714_RS07215,0.770340348517334,4.10234814109143,0.00278114605226914,0.00456966854820367
gene-OO714_RS03865,0.348984356553741,6.42744239376643,0.00278827578393229,0.00457926623664296
gene-OO714_RS08755,0.36520017224661,5.72014348116582,0.00280313388218216,0.00460154171698633
gene-OO714_RS01320,-0.487836167088439,4.95025147529454,0.00281479075411298,0.00461854401667476
gene-OO714_RS17000,0.371361199779682,5.16218030770492,0.00281703766870195,0.00462009777321954
gene-OO714_RS01835,0.463282134409897,7.83618819105542,0.00282019966749678,0.00462177511499947
gene-OO714_RS10440,-0.343342433700535,5.97638263474002,0.00282066128993637,0.00462177511499947
gene-OO714_RS08730,-0.270103684498928,6.21561837653446,0.00286080795723747,0.00468539699540183
gene-OO714_RS08330,0.597343423976315,5.12689664602804,0.00287797332192495,0.0047113391000098
gene-OO714_RS12795,1.00487182842343,1.52626157884548,0.00288846883252457,0.00472634356850475
gene-OO714_RS08835,-0.410041163912387,6.93837822950908,0.00290053221126399,0.00474389851764023
gene-OO714_RS01220,0.355170073289315,6.47145990476366,0.00291630479129819,0.00476750102496494
gene-OO714_RS16365,0.305581351441955,7.88399330409108,0.00293655151766441,0.00479839268679508
gene-OO714_RS02875,-0.447848425967382,9.17217197801021,0.00294195818289475,0.00480501809834924
gene-OO714_RS12140,-0.757656448667758,6.30741622821495,0.00294436385093428,0.00480673822977512
gene-OO714_RS18335,0.419589752379095,9.35682143910054,0.00297521311161414,0.0048548702473263
gene-OO714_RS04595,0.305479099663106,8.64874660945263,0.00300449496357836,0.00490040160649724
gene-OO714_RS00255,-0.356993021967634,6.45938302275693,0.00302595433636361,0.00493313839974141
gene-OO714_RS01570,-0.360683943659349,8.91625032560581,0.00303022368805072,0.00493696232478843
gene-OO714_RS10045,0.352077774849381,6.84846032400764,0.00303107816339008,0.00493696232478843
gene-OO714_RS11615,-0.779664103738627,5.95116385786807,0.0030686788487728,0.00499591600024669
gene-OO714_RS14050,-0.37601993686636,5.48476907013412,0.00307821691485528,0.00500914968653647
gene-OO714_RS02895,0.340823597479672,5.85564365515351,0.00308407388552171,0.00501638379365865
gene-OO714_RS09095,-0.955632782500899,6.37900751249077,0.00314674220833228,0.00511597520970399
gene-OO714_RS09300,0.378200851480435,7.28535041591489,0.00317435765118405,0.00515851261651034
gene-OO714_RS05995,-0.290687630272337,5.75922013644127,0.00322483165721348,0.00523814063516303
gene-OO714_RS03820,-0.355176789327814,12.8094119960211,0.00322871299521705,0.00524204933074527
gene-OO714_RS03690,-0.319571731809207,9.39639818802928,0.00326205272149721,0.00529376044392744
gene-OO714_RS15325,0.291111261237085,6.94553834306418,0.0032752502282365,0.00531275185356117
gene-OO714_RS11155,0.430055517471903,5.35162626118757,0.00331310053096055,0.00537169675503367
gene-OO714_RS03040,-0.715801044268391,8.52388903619619,0.00332617616767102,0.00539043780205327
gene-OO714_RS05345,0.325585707595032,5.36115441053594,0.00332969490147609,0.0053936808021176
gene-OO714_RS12845,-0.319100045178327,6.48716981128171,0.00334698411561311,0.00541921710564419
gene-OO714_RS06880,-0.405308140061188,7.00191203596892,0.00335924904166452,0.00543659885886872
gene-OO714_RS05435,0.501860159254346,5.23876083527844,0.00337812906565334,0.00546466577120253
gene-OO714_RS11385,0.516103266411641,4.29154261397323,0.00338674361105079,0.00547523678729501
gene-OO714_RS16870,0.47990435018507,5.33004967802334,0.00338774499022558,0.00547523678729501
gene-OO714_RS00515,0.277150519861447,7.91653343326435,0.0033921455330359,0.00547985692018618
gene-OO714_RS16520,0.425723109869606,7.3168973529322,0.00342009422025449,0.00552249652829826
gene-OO714_RS12315,0.29111307922131,5.36735762565593,0.00347668016584111,0.00561131757920041
gene-OO714_RS03340,-0.95404159066252,3.59809469001266,0.00349259484925178,0.00563444489071305
gene-OO714_RS17305,-0.627359127830843,12.1917449162736,0.00351412331087611,0.00566660356027845
gene-OO714_RS07070,-0.444158282955425,5.69719554165763,0.00361806585201905,0.00583156736420668
gene-OO714_RS14560,-1.86083912333339,8.59959038426121,0.00365982208418753,0.00589619568776178
gene-OO714_RS00315,0.386621157628446,6.4634375423379,0.00369259706642969,0.00594630266157278
gene-OO714_RS04585,0.365050681590854,5.89579314520037,0.0037177260575894,0.00598405725030468
gene-OO714_RS13220,0.605105470473069,3.37547217422275,0.00373879320985998,0.006015242674442
gene-OO714_RS07430,-0.25391915043788,7.15830228992454,0.00377398115736143,0.0060691081598473
gene-OO714_RS11190,0.370408312795223,4.96808670938052,0.00379650415137044,0.00610256705290391
gene-OO714_RS15330,0.283223085779053,10.2766951018433,0.00382606366379882,0.00614730120304747
gene-OO714_RS14065,-0.282121686720872,6.17327786044427,0.00386416042045594,0.0062057054380029
gene-OO714_RS09010,-0.84694360958791,2.31104892848437,0.00387921607720915,0.00622707043288225
gene-OO714_RS02195,-0.531855812538242,7.1428672076461,0.00393172715884925,0.00630851391537256
gene-OO714_RS16880,-0.285714143855044,7.0563995110858,0.00395003078883829,0.00633502230303759
gene-OO714_RS13540,0.563025785362803,3.53110688725149,0.00406835867153697,0.00652185237647378
gene-OO714_RS11655,-1.15108100100681,6.9858525287607,0.00407627112984885,0.00653159043980288
gene-OO714_RS06305,0.291841407866689,5.72289176731233,0.00409397304524871,0.00655699873943845
gene-OO714_RS15420,-0.412759380702113,5.87055958200914,0.00411176268597408,0.00658252458826661
gene-OO714_RS16280,-0.625397056220782,6.29267324385177,0.00412978319317567,0.00660839687912937
gene-OO714_RS00910,-0.387866892407348,12.1208016203325,0.00416005976043826,0.00665384895976488
gene-OO714_RS05180,0.317603050665808,5.9757149725492,0.00421050367598628,0.00673150250312877
gene-OO714_RS09025,-0.340879119267059,4.71722303661254,0.00427878966094167,0.00683589419364243
gene-OO714_RS05225,-0.707758205000651,9.71637563875636,0.00427964675882228,0.00683589419364243
gene-OO714_RS14710,0.351644741029235,6.86042009371313,0.00434045131059914,0.00692990294603295
gene-OO714_RS13105,1.00583182455831,2.25002792928835,0.00434290646987127,0.0069307092922867
gene-OO714_RS02380,0.500462735458958,5.33294061297048,0.00436770779829327,0.00696716046460247
gene-OO714_RS01895,0.369413606082307,11.9916883320712,0.00445069865677632,0.00709635846845359
gene-OO714_RS05930,0.587702223359672,6.99321705744755,0.00445665718895411,0.0071020529914886
gene-OO714_RS02700,0.268225079219812,6.40544392928664,0.00445826680473018,0.0071020529914886
gene-OO714_RS14855,0.495807391028752,4.09315244125964,0.00448836881256072,0.00714680231175663
gene-OO714_RS17275,0.506756523771811,5.30072970420988,0.00457129713593295,0.00727558890331648
gene-OO714_RS14665,-0.336362515315629,7.86928128993329,0.00458444196383925,0.00729324384041393
gene-OO714_RS05905,0.346322764943459,5.3977103128166,0.00458901763918788,0.00729725668441777
gene-OO714_RS15125,0.321940416704922,6.54558678178803,0.00459586065103414,0.00730486974676893
gene-OO714_RS03175,0.49458948705398,5.47727192464351,0.0046252483688405,0.00734829356408544
gene-OO714_RS08770,0.434814121967905,5.17739204013722,0.00463700613937348,0.00736368177807566
gene-OO714_RS02145,-0.31565941404432,11.5754381710403,0.00478290174842464,0.00759197535234531
gene-OO714_RS17685,0.428967089752955,5.75301086013928,0.00479456490645752,0.00760709092747768
gene-OO714_RS14475,-0.289711473611227,5.70380333992178,0.00480399681929277,0.00761865448271598
gene-OO714_RS08620,0.347976775381048,6.20838674656167,0.00481409253860992,0.00763125998314882
gene-OO714_RS07130,0.320792436458326,7.93000400440318,0.00483815215002004,0.00766597982218958
gene-OO714_RS07850,-0.877987801616479,6.4691144374792,0.00494397112210493,0.00783015747235334
gene-OO714_RS04580,-0.4142381747186,9.59368700865101,0.00497916732252575,0.00788238782372229
gene-OO714_RS10480,0.758794150804836,2.83284155989176,0.00507664092975992,0.00803089551398952
gene-OO714_RS16895,0.327220056463778,6.89300029707447,0.00507749640403333,0.00803089551398952
gene-OO714_RS03740,0.384612907789682,8.52929739717643,0.00518454735411393,0.00819656641304311
gene-OO714_RS15605,0.291069612281098,8.39641939010748,0.0052208125662279,0.00825023026250509
gene-OO714_RS16810,0.365573982664408,7.34938223931188,0.00524094757714712,0.00827836786185817
gene-OO714_RS16540,-0.261660320817802,7.58224985634595,0.0052557261426382,0.00829802341667532
gene-OO714_RS05740,-0.316410471699993,7.05106180590664,0.00530867401222255,0.00837789850774375
gene-OO714_RS10875,-0.772410756152415,6.60976383886599,0.00535197949122774,0.00844249228221189
gene-OO714_RS06165,-2.05096848388208,7.42343741966703,0.0053978738360573,0.00851111074239026
gene-OO714_RS01435,0.40368193638416,3.90927334434665,0.00542612894259329,0.00855186796539981
gene-OO714_RS06260,-0.611321675086629,6.94187584514122,0.00542936864825641,0.00855318092903515
gene-OO714_RS05645,0.433518961846592,4.6797081239532,0.00546162540658662,0.00860018462339781
gene-OO714_RS08230,0.379824079255018,4.371219405408,0.00547179231240079,0.00861237815689655
gene-OO714_RS03565,-0.266864865047535,7.45178973694306,0.00554085695334981,0.0087172224932294
gene-OO714_RS02230,1.19720240450013,9.39578186300167,0.00556979102355834,0.00875886606094085
gene-OO714_RS15300,0.282914595038782,7.9941297299285,0.00569944984920313,0.00895879909954352
gene-OO714_RS14690,-0.348920210204247,8.31823555237745,0.00572852705634904,0.00900052394264567
gene-OO714_RS11680,0.305779367258366,5.55242924270858,0.00584641411222227,0.00918168614884575
gene-OO714_RS06475,0.400890092360078,6.39699717803292,0.00590007281440668,0.00926186341978858
gene-OO714_RS14330,0.26492615596272,7.35325947012979,0.00592941671062892,0.00930135469453792
gene-OO714_RS08270,0.845006692548663,3.95867541654536,0.00593046419184663,0.00930135469453792
gene-OO714_RS08430,-0.430358800092064,5.55558763500668,0.0061553868195914,0.00964986535369556
gene-OO714_RS04245,0.405405337033274,7.90762536698146,0.00617453549462158,0.00967561690823857
gene-OO714_RS12750,0.31394632058378,7.54280707785525,0.00619434941837943,0.00970238776241538
gene-OO714_RS10895,0.52154981901161,4.45020182531377,0.00619725711309048,0.00970266598234518
gene-OO714_RS14625,0.301665953987041,7.43505472983991,0.00621086554655463,0.00971969007153463
gene-OO714_RS11970,0.65519172402601,3.71798556142946,0.00623478513896287,0.00975282851402907
gene-OO714_RS07820,0.332225755479893,5.64362766232349,0.00630849349894269,0.00986378613956987
gene-OO714_RS06915,-0.961615548595978,7.31146506538608,0.00641859162406499,0.010031519187303
gene-OO714_RS02930,-0.313260902158563,5.26729742930238,0.00654054522551542,0.0102176253764755
gene-OO714_RS07445,-0.300853360157574,6.65604714270152,0.00660967620555699,0.0103210849009444
gene-OO714_RS08650,0.374398535291832,5.38229405851382,0.00665234551895218,0.0103831515038893
gene-OO714_RS01615,-0.341708145651165,11.0911313047641,0.0067717496548526,0.0105648807170088
gene-OO714_RS13565,0.591508564610932,4.08359426820014,0.00679991850325399,0.0106041730410552
gene-OO714_RS12860,-0.57744553046081,2.69366290639078,0.00682181547389885,0.0106336544711564
gene-OO714_RS18330,0.305942848154364,9.50572163605146,0.00683119439187811,0.0106411181542564
gene-OO714_RS11270,-0.352340450024253,4.83955449973806,0.00683259190433683,0.0106411181542564
gene-OO714_RS03860,-0.340254257834008,8.3472283961129,0.00684526409871992,0.0106561842342753
gene-OO714_RS05235,0.295551949614567,6.99832301507288,0.00698822499954334,0.0108739718250337
gene-OO714_RS06550,0.420932476739967,4.57645141071495,0.00699346383929318,0.0108773612625155
gene-OO714_RS08465,-0.305610204718496,6.30115001283283,0.0070120226271578,0.0109014560004019
gene-OO714_RS07555,-0.367045948197217,8.8939238774006,0.00702342238886082,0.0109144045343294
gene-OO714_RS02640,-0.436569491835864,6.22410816719698,0.00706920667446221,0.0109807519759785
gene-OO714_RS01010,-0.255190429827661,6.3447836012629,0.00707552658587051,0.0109857673596259
gene-OO714_RS09995,-0.797083390569671,2.38417043157658,0.00710530695705709,0.0110271881770222
gene-OO714_RS02420,0.410258497539765,4.97230456128532,0.00719943777834655,0.0111683988931661
gene-OO714_RS07145,-0.423244972196595,7.43306407613636,0.00727938317610809,0.0112874903175777
gene-OO714_RS06970,0.33278547061428,6.66183564813182,0.00737090480651239,0.0114244202714108
gene-OO714_RS13065,-0.710743513012559,3.63054738937552,0.00742952850786545,0.0115102634337201
gene-OO714_RS15740,0.285038561473836,8.04808889782936,0.00744685132380125,0.0115290374210682
gene-OO714_RS10125,0.666926917139664,4.48490728278848,0.00744813447348691,0.0115290374210682
gene-OO714_RS16420,-0.25967148888096,7.97991935363802,0.00745835144261229,0.0115398263069413
gene-OO714_RS00280,0.331191073055762,9.24991046213256,0.00746851955332181,0.0115505302404289
gene-OO714_RS14660,-0.297027485459098,6.63716499787568,0.00749763248814908,0.0115905114671082
gene-OO714_RS02975,-0.279399350038505,9.79230521387483,0.00756657148241712,0.0116919978471784
gene-OO714_RS16610,-0.290638326207315,8.08472567549194,0.00757414284856736,0.011698610901264
gene-OO714_RS04515,-0.682656406505174,2.33509005569746,0.00757816360009898,0.011699736505105
gene-OO714_RS01195,-0.300361088286857,7.76516931259288,0.00766732931610067,0.0118322572251072
gene-OO714_RS12615,0.478525411472544,8.03163647235223,0.00775233937859754,0.0119582526699374
gene-OO714_RS09890,-0.721161579574345,5.81120861533577,0.00784915182557311,0.0121023364807318
gene-OO714_RS04415,-0.333803251552685,7.03592005089504,0.00785815055051825,0.0121109570930364
gene-OO714_RS12875,1.00297316385306,1.90367569713328,0.00798272491584633,0.0122976178374156
gene-OO714_RS15620,-0.482379405923906,7.16712832123223,0.00799783647703469,0.0123147370360538
gene-OO714_RS06130,-0.283977717205412,7.30745111500061,0.00800076753411601,0.0123147370360538
gene-OO714_RS11055,0.485858975010008,4.40447489391761,0.00809844140876079,0.0124596799855999
gene-OO714_RS07155,-0.435879277647664,6.8352232139743,0.00821227453033797,0.0126293481959416
gene-OO714_RS05880,0.293093616257354,6.21426259027545,0.00829396890360746,0.0127494660395419
gene-OO714_RS15750,-0.352722367056598,9.51558045449395,0.00838057043945995,0.0128770200353829
gene-OO714_RS16875,1.05992569962502,8.51449837954869,0.00859680511960685,0.013203563264945
gene-OO714_RS06275,-0.373007309243921,6.51794020014954,0.00864239841228374,0.0132678548411475
gene-OO714_RS01740,-0.269007659676307,6.68985053910845,0.00866101608016197,0.0132906956601449
gene-OO714_RS07300,-0.485431441759122,5.83984507095655,0.00868889928260447,0.0133277289816039
gene-OO714_RS17485,-0.255585038017603,7.34288608324261,0.00869433575140387,0.0133303146076313
gene-OO714_RS07055,0.520833873914299,4.39736715959139,0.00870033261977849,0.0133337568480779
gene-OO714_RS15945,-0.273896574538242,7.91710434099947,0.00874797635549564,0.0134009948135481
gene-OO714_RS13715,0.376811188364691,5.23793868895722,0.00877368917802943,0.0134345934246948
gene-OO714_RS07240,0.322084252163118,7.35544992789788,0.00885744717373785,0.013557005708641
gene-OO714_RS06045,0.766134991448007,3.43563495806669,0.00898078225558096,0.0137398623057834
gene-OO714_RS04810,-0.369926651887839,5.29998932507671,0.00913445509482102,0.0139689558549888
gene-OO714_RS09900,0.259185126456773,8.51751660950822,0.00918545323505107,0.0140409035687619
gene-OO714_RS17575,0.281638174185159,10.6327914443613,0.00920498388712623,0.0140647088283949
gene-OO714_RS07720,1.0526506652403,1.15002680662861,0.00928947343801159,0.0141877045976335
gene-OO714_RS07050,0.393359827642957,5.35029726803028,0.00941814444611065,0.0143780435401535
gene-OO714_RS17235,0.818088951300073,7.74301544100785,0.00943255492492983,0.0143877764022521
gene-OO714_RS12720,0.273322830384242,8.19704119189211,0.00943261649331666,0.0143877764022521
gene-OO714_RS15285,-0.425509979210973,5.97522720155255,0.00945934989281433,0.0144223635860412
gene-OO714_RS01810,0.39525485211255,5.74272970935824,0.00953337377464715,0.0145289924507273
gene-OO714_RS09860,0.446659403078907,4.13097578952239,0.00959475096525908,0.0146162644365756
gene-OO714_RS11605,-0.710018706847921,2.05658055106645,0.00960350712672813,0.0146233351878285
gene-OO714_RS06060,0.400451628756098,4.42514173586384,0.00972031849369434,0.0147948659214517
gene-OO714_RS01790,0.333939635415981,7.46933528876656,0.0099701034328102,0.0151685563357052
gene-OO714_RS01750,-0.401896239755776,10.751626066554,0.0100707670132681,0.0153151501776443
gene-OO714_RS13475,0.341506481281559,5.58488487464381,0.0102504181358234,0.0155816877907255
gene-OO714_RS14630,0.237899075142766,7.81789182987638,0.010504138007516,0.0159605414616126
gene-OO714_RS04705,0.459081070839752,3.57655866426094,0.0105887506082335,0.0160822306246418
gene-OO714_RS07950,-0.377488117022202,4.32988618301092,0.0106238907980933,0.0161287090544313
gene-OO714_RS01495,0.399829747280019,8.63166298660625,0.0107241007021753,0.0162738915010806
gene-OO714_RS08515,-0.305350183846073,5.46871576456374,0.0107991481034919,0.0163807820571106
gene-OO714_RS02000,0.28514992602891,7.30741259852512,0.0108766282167,0.0164912699155938
gene-OO714_RS12810,-0.220894029899484,6.99133290447472,0.0112693701449489,0.017079463324157
gene-OO714_RS17350,0.268964943497905,7.10680733943361,0.0113808250166081,0.0172410281794651
gene-OO714_RS11610,-1.49992374761173,7.77643821255186,0.0117878034515585,0.0178499588695522
gene-OO714_RS16120,-0.248382264905007,6.95028607305541,0.0118285197526656,0.017903986031079
gene-OO714_RS18235,0.253622857257913,7.15073441253366,0.011841187498387,0.0179153737295492
gene-OO714_RS03105,0.495338341837944,3.6785815300056,0.0118461250040632,0.0179153737295492
gene-OO714_RS13260,-0.822640948162993,6.54645910824738,0.0118819526573465,0.0179619139703145
gene-OO714_RS06365,0.452699716611671,4.62342920957727,0.0120238637633666,0.0181687125063797
gene-OO714_RS10055,-0.327996184359974,7.35250230770824,0.0121182131876982,0.0183034975219206
gene-OO714_RS12680,-0.310675244056047,5.97570580964059,0.0121399193722814,0.0183284933938352
gene-OO714_RS05045,-1.14106311291714,6.16391350511166,0.0121468741339328,0.0183312062301474
gene-OO714_RS06740,0.715869525494178,1.97473429414139,0.0122998092563151,0.0185541265267164
gene-OO714_RS07390,-0.472195746587113,5.02012676637626,0.012527552451737,0.0188896569425004
gene-OO714_RS17380,0.353839200954684,5.76349850912197,0.0125385914774962,0.0188982841861838
gene-OO714_RS05365,-0.411866249668902,9.96641688862752,0.0127935636889587,0.019274406676795
gene-OO714_RS05220,-0.232089475059433,6.32830433473256,0.0128992473169306,0.0194253919340556
gene-OO714_RS14460,0.257171683935634,7.6161492178693,0.0131151361820837,0.0197421406146232
gene-OO714_RS10410,0.327984455375515,7.76248784228114,0.013238888101988,0.0199199865852944
gene-OO714_RS06310,-0.754040501117403,6.79812467111564,0.0132956491459608,0.0199969263921899
gene-OO714_RS05415,-0.230790118374943,6.28161210749605,0.013303237386389,0.0199993252242249
gene-OO714_RS07325,-0.29262858360169,7.45031106277954,0.0133084986368295,0.0199993252242249
gene-OO714_RS16385,-0.258255530413463,7.00270380472596,0.0133275541523785,0.0200194959668441
gene-OO714_RS02125,0.360975087502885,7.55493134778892,0.0133765050766554,0.0200845369845514
gene-OO714_RS07520,0.692455437948768,2.54032652195324,0.013417868170551,0.0201381349147544
gene-OO714_RS09415,0.264393519434845,7.05853114808722,0.0134414327380345,0.0201649860493772
gene-OO714_RS05670,-0.516809778209661,3.39398103701353,0.0135698232230987,0.0203490091708408
gene-OO714_RS02080,-0.298333206533787,10.5912781831394,0.0137447004343848,0.0206025581374118
gene-OO714_RS05535,0.300085563600243,7.64572284657115,0.0137980733033422,0.020673841703237
gene-OO714_RS02730,-0.297542529046366,5.76765206337527,0.0138357354765028,0.020721535559836
gene-OO714_RS06595,0.236915466282065,7.18841970836367,0.0138693949481479,0.0207631969864017
gene-OO714_RS12025,0.944049434604956,1.33112514383919,0.0139407979054159,0.0208613034761466
gene-OO714_RS16255,0.208323082798893,6.81725438171818,0.0141694733331071,0.0211945741691341
gene-OO714_RS11195,0.661651939742904,2.74913791114988,0.0143005132799591,0.0213815835914912
gene-OO714_RS13020,0.447262237989835,3.02839839000929,0.0143215846044461,0.0214040839714892
gene-OO714_RS06675,-0.385014530029072,6.39365360313542,0.0146372962716149,0.0218667301174104
gene-OO714_RS08485,0.349432722181634,3.97278863870314,0.0147746641545524,0.0220626707585206
gene-OO714_RS08095,0.363718514183539,4.07698865589795,0.0148913929654099,0.02222763989881
gene-OO714_RS02250,0.358710776188686,7.60667676432995,0.0149744298189078,0.0223422013335005
gene-OO714_RS07990,0.432390259519336,3.73779197151597,0.0150345528573625,0.0224224930151348
gene-OO714_RS17215,-0.520194557170531,4.57197871098284,0.0154370635484271,0.0230131391992911
gene-OO714_RS11685,0.286014302976089,5.29564623330013,0.0154995624454874,0.0230966226126886
gene-OO714_RS12715,0.312819107570075,7.6195627895128,0.0155981520380024,0.0232337939409306
gene-OO714_RS11060,0.899312515405942,3.17891193804546,0.0156447638761497,0.0232934607523403
gene-OO714_RS16705,-0.262844342711975,12.3421467027096,0.0157392335703994,0.023424303228308
gene-OO714_RS12705,-0.278582391234835,4.94719614770808,0.0157652505312857,0.0234532023391333
gene-OO714_RS15975,-0.306153573270671,6.66728092774106,0.0158061387307065,0.0234943798022215
gene-OO714_RS16100,-0.212342490203678,6.32341453978042,0.0158061514088665,0.0234943798022215
gene-OO714_RS06645,0.476153244289661,4.26448640330187,0.0158445373248882,0.0235341840427711
gene-OO714_RS01450,0.333146759705319,7.4855879008253,0.0158461740051635,0.0235341840427711
gene-OO714_RS09140,0.26622195486467,5.42306244857748,0.015871544184899,0.0235620167222769
gene-OO714_RS03320,0.319268636213935,8.40799173718541,0.0158955510603372,0.0235878031183459
gene-OO714_RS14175,0.325496614620995,5.02560974309911,0.0160179975662951,0.0237595840361489
gene-OO714_RS06375,0.322376508324704,10.051334414719,0.0160811622147099,0.0238433252027863
gene-OO714_RS12880,-1.00312052069748,1.52731497440204,0.0161516298538813,0.0239378200586714
gene-OO714_RS06735,-0.660754730198979,8.4822608278115,0.0162225953601768,0.0240329737015708
gene-OO714_RS08495,-0.240977339561219,6.50169182489139,0.0162917048233332,0.0241252995592192
gene-OO714_RS15770,0.504296758350598,3.48819672277028,0.0163153133495933,0.0241501972696604
gene-OO714_RS01355,0.23553487144071,7.61785360067962,0.01646048573687,0.0243549401785329
gene-OO714_RS02035,0.352742536964609,11.6801162186074,0.0164905536891288,0.024389274994242
gene-OO714_RS17510,-0.493273035967266,3.80336340725084,0.0167958168641587,0.0248304214372795
gene-OO714_RS10535,0.252190483329136,6.91829398538758,0.0168527072855238,0.0249041670240131
gene-OO714_RS00575,-0.444807014186789,7.44616008770184,0.0171055219999285,0.0252672590140257
gene-OO714_RS11255,-0.232418904569145,7.00506008514754,0.0172028640678785,0.0253919249195086
gene-OO714_RS08415,0.284554098995636,5.91207044945649,0.017204207992734,0.0253919249195086
gene-OO714_RS01600,0.882848078230635,3.53869315806776,0.0174764933833729,0.0257830873742247
gene-OO714_RS08480,-0.881987209863538,7.1110680349065,0.0176039242808365,0.0259603099145614
gene-OO714_RS06240,-0.593423492007521,12.4967204517971,0.0178424110284292,0.0263010903339018
gene-OO714_RS05940,0.317975077668369,8.17635955539496,0.0179121354570642,0.0263929226427887
gene-OO714_RS15345,0.264704934528207,8.53346199469302,0.0180734557896707,0.0266195863557769
gene-OO714_RS09705,0.415541480338831,5.05074430172582,0.0180936102274163,0.0266382314615732
gene-OO714_RS07870,-0.413866826093719,5.38098253674655,0.0181493050393387,0.0267091636065464
gene-OO714_RS07980,-0.254111746182628,5.54085449696471,0.0181676867860537,0.0267251485255111
gene-OO714_RS09930,-0.246204997768297,7.04970815726341,0.01828448966689,0.0268815020588334
gene-OO714_RS06775,0.401972062097269,4.36190704693717,0.0182891029764376,0.0268815020588334
gene-OO714_RS13125,0.57976089696936,2.35887815795532,0.0183288932755607,0.0269288494011338
gene-OO714_RS04200,-0.308388149725994,7.05165518495278,0.018619764608576,0.0273448939747435
gene-OO714_RS06770,0.249052168598482,7.90678105696215,0.0187461661532381,0.0275191551047535
gene-OO714_RS12450,-0.484842151491829,3.19752807460781,0.0187565781280715,0.0275230712911503
gene-OO714_RS16905,-0.220290014453377,7.24681920895438,0.019038015266623,0.0279245176465448
gene-OO714_RS04040,-0.307948697380074,4.62094085120909,0.0192921844222175,0.0282856532329047
gene-OO714_RS16675,0.319871660674495,7.23530771227093,0.0193320544547777,0.0283324212504247
gene-OO714_RS11040,0.554818935983071,2.40037947301229,0.0195208110675547,0.028597264028891
gene-OO714_RS08720,0.290867444844165,4.42905715301197,0.0195565300384393,0.0286377864674962
gene-OO714_RS13445,-0.283053914177915,9.36389788025725,0.0197469598110527,0.0289047344186496
gene-OO714_RS16580,-0.285397565123352,5.50307666335793,0.0198160585495999,0.0289939366345319
gene-OO714_RS06745,-0.92884777400424,2.49355769036755,0.0199459178177193,0.0291602714220956
gene-OO714_RS08930,-0.999641593628969,8.12123472738155,0.0199461507673366,0.0291602714220956
gene-OO714_RS00235,0.318475252768868,5.8514299710932,0.0200081575157605,0.0292388946591336
gene-OO714_RS08950,0.456912232275168,8.06569144045615,0.0200744851356594,0.0293237649700508
gene-OO714_RS13320,-0.296228032638302,5.21998822085336,0.0201300002113279,0.0293927776298519
gene-OO714_RS16970,-0.241432981329833,9.46371709314379,0.0203689359691787,0.0297294449422838
gene-OO714_RS11390,-0.396111309766297,5.26861536065787,0.0204601669563844,0.0298503421030337
gene-OO714_RS17815,0.23882802875781,8.35844973826564,0.0204775463062507,0.0298634384786274
gene-OO714_RS09825,-0.370630403613932,4.43118304741758,0.0205256379453716,0.0299212950196271
gene-OO714_RS05195,-0.222738371970328,8.1384259641536,0.0205562847618762,0.0299536843147634
gene-OO714_RS17910,-0.336729987837527,6.69971087512658,0.0206356690472017,0.0300570359810471
gene-OO714_RS05175,0.273695914918236,7.28699713653626,0.0207323607087402,0.0301855018266541
gene-OO714_RS09820,0.473002958750137,4.3802069001078,0.0208184355620646,0.0302984111333242
gene-OO714_RS13870,-0.253710069001607,7.29639152426237,0.0208580261172801,0.0303436041018475
gene-OO714_RS09955,0.248141592704569,7.59039654319889,0.0210401415766041,0.0305960160242435
gene-OO714_RS10655,0.308912206754691,4.38336018857917,0.0211578640014262,0.0307546211292714
gene-OO714_RS02665,0.245546656002237,6.22140795200154,0.0212597351089986,0.0308900648313087
gene-OO714_RS15590,0.293859100822279,9.36408256620973,0.0213385133881326,0.0309918580226495
gene-OO714_RS09640,0.673751106965437,1.70811691558267,0.0216850653495123,0.0314823211814407
gene-OO714_RS10590,-0.34111971001208,4.86690585091435,0.0218248853372097,0.0316723734130025
gene-OO714_RS03460,-0.351496781141167,6.42779055757185,0.0220477421430468,0.0319827247250564
gene-OO714_RS10360,0.581687923931407,3.2725252580897,0.022156702559614,0.0321276707045566
gene-OO714_RS05115,-0.907793411373742,8.01992629191135,0.0222109608868882,0.0321932116606854
gene-OO714_RS01910,0.400912421046571,9.19553476144836,0.0222915505350092,0.032296849001803
gene-OO714_RS01595,0.291907700500783,8.25030962283193,0.0223087152046508,0.0323085467959775
gene-OO714_RS02610,-0.305906004053904,6.52019945280494,0.0223273048564845,0.0323222979470249
gene-OO714_RS14290,-0.292102457501357,7.25746569047849,0.0224697608977113,0.0325152810384633
gene-OO714_RS09560,0.312784761290084,5.46677677815833,0.0225973860008152,0.0326866543943416
gene-OO714_RS02500,-0.248064008406935,8.42230912375576,0.0230662861251109,0.0333513347797575
gene-OO714_RS01310,-0.321803419567441,10.9466835542514,0.0231246113502807,0.0334220694342812
gene-OO714_RS15200,0.602602958336267,9.04274082328452,0.0231496360161825,0.0334446367485823
gene-OO714_RS16145,0.274601406219488,7.26284004817824,0.023160243597376,0.0334463656014117
gene-OO714_RS02055,-0.250366275731961,10.3523743965862,0.0231960080911786,0.0334844081056251
gene-OO714_RS16550,-0.305637507911517,8.03864634646887,0.0233627980049989,0.0337114836012042
gene-OO714_RS08990,-0.230865380698127,6.48492842758923,0.0236606949027278,0.034127479579665
gene-OO714_RS17095,0.300304710475439,7.97353272940156,0.0236842639121663,0.0341476162043972
gene-OO714_RS02320,-0.694826395686923,10.5256565162845,0.0238586120490708,0.0343850394251409
gene-OO714_RS18100,0.276025060142269,8.79784889203106,0.0238959155248426,0.0344248414168182
gene-OO714_RS04565,-0.238459583283704,11.3872001948237,0.0239084453666435,0.034428936318092
gene-OO714_RS11235,-0.215903574245312,8.31370533923715,0.0239590787501111,0.0344878760137281
gene-OO714_RS08995,-2.32296745785804,10.2323395084862,0.0242187050639803,0.0348373118886663
gene-OO714_RS16370,0.210047410989078,8.74179134033895,0.0242214399766163,0.0348373118886663
gene-OO714_RS04075,-0.248469073328078,7.9854003124227,0.0242490206698283,0.0348628719500687
gene-OO714_RS01300,-0.259161329657809,6.55097371792274,0.0242692721208353,0.0348778783329756
gene-OO714_RS10155,-0.253535405007544,5.15037902315305,0.0243673470150391,0.0350046690749591
gene-OO714_RS12620,-0.280511666887525,7.29516501357972,0.0244206198205961,0.0350670233706661
gene-OO714_RS05980,0.250689484010331,5.09498556343713,0.0245491771782454,0.0352373892130388
gene-OO714_RS14915,-0.259630377403619,8.77958974483834,0.0247172130800414,0.0354642613187191
gene-OO714_RS07100,0.802805684111145,1.5213447206784,0.0248097854363553,0.0355827189026662
gene-OO714_RS12180,-0.422258897083517,3.16841887634159,0.0250012298316615,0.0358428280846006
gene-OO714_RS15245,0.603395742203983,2.11030576580777,0.0252021576527445,0.0361018236382776
gene-OO714_RS04305,0.24578837129638,5.50790152298589,0.025202201588792,0.0361018236382776
gene-OO714_RS06985,0.398475955771656,5.35749869503347,0.0252781686027762,0.0361960560895515
gene-OO714_RS10040,-0.271250432343712,6.0181864914667,0.025647915403231,0.0367107093608872
gene-OO714_RS10645,-0.372675365536303,4.31979638208141,0.0257253070669534,0.0368066591449084
gene-OO714_RS16840,-0.266290035982936,7.94677802554613,0.0258063235156052,0.036907715804612
gene-OO714_RS17300,-0.437267068974463,11.5279189655166,0.0258721369900852,0.0369869569037663
gene-OO714_RS02995,-0.217448809307426,7.54122333672652,0.0259276640414932,0.0370514346616273
gene-OO714_RS07740,-0.387814327104879,3.69048898996522,0.0260119054255057,0.0371568777661765
gene-OO714_RS12700,-0.505097132112839,11.1647451250662,0.0260708105699306,0.0372260589656623
gene-OO714_RS11865,1.17954898898659,1.75887991508575,0.0262615099138115,0.0374832956761791
gene-OO714_RS05185,0.224985438935183,7.41187558714421,0.0263634527566769,0.037607757997119
gene-OO714_RS05920,0.349870377220542,5.14227171477438,0.026369874206196,0.037607757997119
gene-OO714_RS00270,-0.279975457163594,7.00360084487969,0.0264766403745743,0.0377448776138135
gene-OO714_RS14270,-0.213133445128827,7.39338776842674,0.02658366848459,0.0378688935403409
gene-OO714_RS01905,-0.226489933199442,9.40732614321994,0.026584943551815,0.0378688935403409
gene-OO714_RS06515,0.290039979465256,5.28429946546577,0.0266579591625443,0.0379576870447445
gene-OO714_RS15995,0.237011294077025,7.21428564807561,0.0267834300715974,0.0381210694731507
gene-OO714_RS07675,0.290469366625247,6.22293741350059,0.0269846664763962,0.038392115555289
gene-OO714_RS11430,0.510254662679867,3.63596421575238,0.0270696786868533,0.0384976542829438
gene-OO714_RS10320,-0.46190659347376,5.50330227019966,0.0272725104301885,0.038770600827556
gene-OO714_RS06955,0.335976342116757,4.89089118825123,0.0274145608520421,0.0389569569244932
gene-OO714_RS09050,-1.03194753769576,7.50471001525955,0.0274967830597206,0.039058180253496
gene-OO714_RS14585,0.223402899628932,7.44896256120847,0.0275927196227505,0.039178795660909
gene-OO714_RS14935,0.273075993694065,7.3020630337377,0.0278418054955226,0.0395166839980381
gene-OO714_RS03125,0.226246658195104,6.41189790648483,0.0279379495327571,0.0396373144269137
gene-OO714_RS11570,0.300114620330883,4.38935038619998,0.0281152243828773,0.03987290800349
gene-OO714_RS17355,0.3022753206249,7.0375644882848,0.0288702913252766,0.0409274094016885
gene-OO714_RS16430,-0.308321190881551,9.52223472963123,0.0290642645733956,0.0411859634345487
gene-OO714_RS01205,0.26191261246746,5.64153339688863,0.0291826417861208,0.0413372295368168
gene-OO714_RS10450,0.300250378930948,5.31879532594776,0.029252504401034,0.0414196815303884
gene-OO714_RS05110,-0.998409363114036,7.72940179033923,0.0294441246650668,0.041674400262703
gene-OO714_RS00130,-0.270429890930518,9.51271245821762,0.0295808417079496,0.0418512386266135
gene-OO714_RS04790,0.289859744612468,5.43983475582426,0.0298118320695546,0.0421612619081564
gene-OO714_RS07335,-0.498507878994869,3.89738397593189,0.0298861156328101,0.0422495047569638
gene-OO714_RS06220,-0.255998008175751,10.6923816439748,0.0299292576983166,0.0422936707196093
gene-OO714_RS16495,-0.245324054235537,8.35931824496148,0.0300687599844762,0.0424739161306949
gene-OO714_RS17085,0.261681907397995,8.81810165376236,0.0303913417559876,0.0429125262617322
gene-OO714_RS10175,0.425173862420471,3.61761569622941,0.030645327508504,0.0432456808718616
gene-OO714_RS01660,0.214554056944016,6.65718025989596,0.0306516235554922,0.0432456808718616
gene-OO714_RS00510,0.212187887437436,7.12962485728542,0.0309193224064669,0.0436060602510252
gene-OO714_RS14110,-0.193606405689518,6.85887939896057,0.0309411917918551,0.0436195936645192
gene-OO714_RS07525,-0.304692812404584,5.313031140058,0.0310477599808897,0.0437524738192237
gene-OO714_RS01620,0.395890082878154,11.3313098381629,0.031137302628654,0.043861265771794
gene-OO714_RS11870,-0.298409433511413,5.59592397891842,0.0313655068453305,0.0441652184343521
gene-OO714_RS14700,-0.292395516126717,9.08123385323668,0.0313853225569743,0.0441756183633611
gene-OO714_RS09290,0.265819428365223,7.09662141351179,0.0315335179030869,0.0443666360362514
gene-OO714_RS12840,0.372044367824694,5.02847871725608,0.0315819754803272,0.0444172302560676
gene-OO714_RS13520,-0.285610612773616,4.633503632498,0.0316751718779364,0.0445306807176369
gene-OO714_RS07175,0.318930291032499,7.84011855402447,0.0319242376907705,0.0448506771195062
gene-OO714_RS07090,0.263561926421881,6.92184539619536,0.0319280284502956,0.0448506771195062
gene-OO714_RS11405,-0.393242498692862,4.41298474598316,0.0320112052826362,0.0449497524988103
gene-OO714_RS15630,-0.29699126940846,5.39049530290153,0.0324710485475912,0.0455774512393915
gene-OO714_RS00935,0.333818031174922,3.47807648437756,0.0326103668570655,0.0457549324161116
gene-OO714_RS00480,0.261588510679596,5.56534545373263,0.0329709755370198,0.0462426389339259
gene-OO714_RS18185,0.338560189390573,5.23634380941524,0.0330089656099948,0.046277658295038
gene-OO714_RS06140,-0.320311219955335,9.23431033392858,0.0331845841634362,0.0465055252826705
gene-OO714_RS17010,0.22550216712952,9.842839354669,0.0334926859808049,0.0469188040897835
gene-OO714_RS11065,0.225903751180118,5.2634175761983,0.0337089679425029,0.0472031804837098
gene-OO714_RS14545,0.220849619905856,6.04627146034209,0.0337631114259435,0.0472603773169764
gene-OO714_RS00435,-0.420222858574045,8.16769846580168,0.0338379827882639,0.0473465318226339
gene-OO714_RS04655,-0.301054681142847,5.88555845799668,0.0345569506923725,0.0483334918381313
gene-OO714_RS06205,0.205144757636772,7.50680801981243,0.0346417974057545,0.0484331030606024
gene-OO714_RS04685,-0.229908789610664,8.18566763026304,0.034802460065475,0.0486385934222171
gene-OO714_RS04365,-0.308511839358546,5.35658220743852,0.034939997655879,0.0488116162220889
gene-OO714_RS17660,0.657461829626633,4.49787768361169,0.0353153643531967,0.049316622754916
gene-OO714_RS14965,0.375428365914429,4.36810299383209,0.0353875771678679,0.0493980554809908
gene-OO714_RS02175,0.242255486443017,7.55530005233569,0.0356410334634573,0.049732325453132
gene-OO714_RS13070,-0.665585310089903,2.63466890216749,0.0360586651777068,0.0502953281167857
gene-OO714_RS04545,-0.363709700427226,8.45012771144046,0.0362686459570483,0.0505683670974303
gene-OO714_RS08760,0.361203537333395,4.06278213733308,0.0367081588555282,0.0511610966951166
gene-OO714_RS00045,0.270140525151999,8.38687212297246,0.0368001812716432,0.0512692450958134
gene-OO714_RS09370,0.255412616181352,6.48644056315763,0.0369836953932463,0.0515047231299363
gene-OO714_RS07550,-0.22607017059399,7.80345650052139,0.0371698085508259,0.0517436347785489
gene-OO714_RS14885,0.275514482586197,7.65421922119903,0.037308770742388,0.0519167467574186
gene-OO714_RS07185,-0.235273940606782,8.79196482978537,0.037521763842815,0.0521927000772464
gene-OO714_RS05130,1.95592815478628,8.3930804376199,0.0375955004054131,0.052274807684209
gene-OO714_RS16940,-0.228251378098166,9.68321133143985,0.037750990036904,0.0524704804814848
gene-OO714_RS15295,0.205308053233086,7.34840999247151,0.0378631526463793,0.0526058031685817
gene-OO714_RS09085,0.302959000703598,5.04565861980437,0.0381401858129153,0.0529699962403677
gene-OO714_RS04230,-0.193153728313466,7.46709719116538,0.0386289144849771,0.0536277976873471
gene-OO714_RS16000,0.209151193097705,7.10790442299496,0.0387037750252783,0.0537107444122761
gene-OO714_RS02830,-0.257488161699036,4.91097487130568,0.0389788312365695,0.0540713373203622
gene-OO714_RS08700,-0.451025264292857,3.91789621953204,0.0391962406725465,0.0543517125830005
gene-OO714_RS08830,-0.559635619053039,3.82802306267944,0.0392252275718142,0.054370693755939
gene-OO714_RS10205,0.178611067671452,6.78235590070374,0.0394744992203077,0.0546866858846698
gene-OO714_RS02060,-0.289385153761003,8.03992253201568,0.0394839718570801,0.0546866858846698
gene-OO714_RS12430,-0.301576421108669,5.03710228087781,0.0395781589055229,0.0547957836970115
gene-OO714_RS07120,0.222252016403051,7.17690348529039,0.0398557986511123,0.0551586870740082
gene-OO714_RS09430,-0.232711560121356,7.00028020598251,0.0400219305970624,0.0553460278163167
gene-OO714_RS14750,-0.214757052135078,7.23784395950123,0.0400223104918216,0.0553460278163167
gene-OO714_RS13155,-0.259420490555831,5.58873250066712,0.040097681935811,0.0554180482261371
gene-OO714_RS06850,-0.245513452976167,5.70354009903311,0.0401055768254431,0.0554180482261371
gene-OO714_RS04410,0.257049712417266,7.37845829061145,0.0406546778479501,0.0561549650492089
gene-OO714_RS06545,-0.245321391380313,5.46870515084126,0.0413803117715708,0.0571350536271028
gene-OO714_RS15805,0.263293062213602,5.02892950624185,0.0415069931311116,0.0572877101312507
gene-OO714_RS12380,0.269627513391155,6.64153399573996,0.0418709340915811,0.0577675853111332
gene-OO714_RS11805,-0.206483325680897,5.88974195266292,0.0419256288241815,0.0578205994726974
gene-OO714_RS02945,-0.220688011666962,6.92314954877721,0.0420604042404156,0.0579839707798437
gene-OO714_RS12785,-0.199118092730477,7.54119844562445,0.0424338068638531,0.0584760564537161
gene-OO714_RS03300,-0.328297954419639,8.85574462035824,0.0425773895455625,0.0586511792422205
gene-OO714_RS03450,-0.260078237211406,6.06977112924419,0.0426417877116294,0.0587171303863352
gene-OO714_RS08260,-0.403722204456294,4.2640787923969,0.043720557491532,0.0601792646494596
gene-OO714_RS14675,0.309768952935212,9.57513359235714,0.0439960585773783,0.0605350337530014
gene-OO714_RS06690,-0.433287864813615,3.4661663585398,0.0440670468559512,0.0606092432376357
gene-OO714_RS06250,-0.231769211296784,5.92758395430422,0.0442702930151578,0.0608652307063331
gene-OO714_RS12925,-0.849869721135689,0.989118771481337,0.0447551630118113,0.0615080623913292
gene-OO714_RS09925,-0.535062095168423,6.785995031715,0.0450398074156399,0.0618753287805119
gene-OO714_RS01055,0.221865111481469,5.91189955663102,0.0452781136263582,0.0621786769042029
gene-OO714_RS13535,-0.321474337068772,3.77742469757157,0.0458389530078717,0.0629245419042009
gene-OO714_RS06910,-0.509285600670624,9.67025780209726,0.046496144970898,0.0638020460334253
gene-OO714_RS17055,0.26042625304056,4.80360122847683,0.0475583548425966,0.0652344242032375
gene-OO714_RS02515,-0.318252659546112,5.25899873308608,0.0478153161473342,0.065561587032263
gene-OO714_RS14990,-0.212758321955397,6.48856998263491,0.0478672282810499,0.0656074544199195
gene-OO714_RS08500,-0.363311868163272,4.40834875065609,0.0479019527486211,0.0656201726218692
gene-OO714_RS15850,0.327815445244296,4.79695571200501,0.0479134349898004,0.0656201726218692
gene-OO714_RS17895,0.351886860448794,3.6103634520737,0.0480565052733204,0.0657907626122422
gene-OO714_RS17880,0.264611646036587,7.03147600158507,0.0483273742426908,0.0661361140002014
gene-OO714_RS06200,-0.316791335139316,6.38843266638855,0.0483568686644935,0.0661510050937682
gene-OO714_RS00245,-0.218333129206947,6.39338427325153,0.0483770792067618,0.0661531894962799
gene-OO714_RS14400,-0.245210593447163,6.64886938038044,0.0485217493677848,0.0663254989435028
gene-OO714_RS16325,-0.23906405554252,10.2541227019562,0.0486129525299995,0.0664246187203454
gene-OO714_RS17165,0.265370113733946,5.07823637011706,0.0488949265024265,0.0667842308953205
gene-OO714_RS07690,0.276467524509245,4.53700126537319,0.0489997990104241,0.0668761710090262
gene-OO714_RS00635,0.463214973023353,3.24475273353227,0.048999873187255,0.0668761710090262
gene-OO714_RS06560,0.285534238190588,5.18039960967353,0.0496418242709256,0.0677162395697147
gene-OO714_RS05885,-0.330316535140654,9.19184891248718,0.0496534947435781,0.0677162395697147
gene-OO714_RS11080,-0.222637881274533,5.8994376498535,0.0497497533613789,0.0678214896226854
gene-OO714_RS15560,0.230512991990854,8.13790797704426,0.0499936617795562,0.0681278657839504
gene-OO714_RS16455,0.199707056249035,5.66134667578044,0.0501537627025946,0.0683198438654738
gene-OO714_RS09090,-0.184525890755666,8.62586696083815,0.0501937621747661,0.0683481343942984
gene-OO714_RS04355,0.318824710037419,5.74607163941933,0.0502709931822214,0.0684270814897031
gene-OO714_RS15000,-0.255827052134216,6.21603602145965,0.0503405795438739,0.0684955665003552
gene-OO714_RS09520,-0.292624231501141,5.52733749991117,0.0508317320861885,0.0691373807249575
gene-OO714_RS00530,-0.241895130942259,9.09571719651414,0.0509058729351554,0.0692117338988302
gene-OO714_RS08575,0.274688074941506,5.48177141156516,0.0514202122601378,0.0698769025577635
gene-OO714_RS00890,-0.469107577160502,4.5142013753002,0.0514344336215839,0.0698769025577635
gene-OO714_RS04950,-0.198198000841498,7.80110235425475,0.0514752359101876,0.069905612695761
gene-OO714_RS14020,-0.281444252726515,8.68997649235473,0.0516622566363681,0.0701327960602185
gene-OO714_RS12435,-0.221780255490465,6.36770854763809,0.0518313486731026,0.0703354765880896
gene-OO714_RS17090,-0.180824011660587,8.83225931927679,0.0519436048361052,0.0704609051860756
gene-OO714_RS16640,-0.234413062659474,6.45403805753371,0.0523301949025989,0.0709371104749666
gene-OO714_RS09620,-0.207595442180102,5.9162904806824,0.0523345817854143,0.0709371104749666
gene-OO714_RS08300,0.315598156224902,4.47852582066371,0.0524155428495405,0.0710197633577076
gene-OO714_RS08985,-0.395062621494775,3.52190426124612,0.0524883384873956,0.0710912938201997
gene-OO714_RS00470,0.368498286353072,11.1210299974283,0.0526814422612735,0.0713256555415489
gene-OO714_RS03430,0.311379561132965,7.18602480570242,0.0528387248960495,0.0715091724117555
gene-OO714_RS08970,-0.283350700552846,4.71146734654,0.0528673196848293,0.0715091724117555
gene-OO714_RS16500,0.221599637799779,6.52140541254036,0.0528773508998575,0.0715091724117555
gene-OO714_RS18090,-0.310602797765893,4.84538321705423,0.0532311609236378,0.0719602685137348
gene-OO714_RS03595,0.236393853406945,9.55141291998501,0.0534085860878702,0.0721726672837608
gene-OO714_RS00945,-0.266874915480144,5.08720649779713,0.053596321207634,0.0723988314602551
gene-OO714_RS05715,0.285752950434345,4.92064948812169,0.0536294557006613,0.0724160659423064
gene-OO714_RS14220,0.276976051919372,4.96937019516203,0.054183486617939,0.0731363886973624
gene-OO714_RS08225,0.457140936222806,3.51306070719939,0.0542158033866581,0.0731522267411476
gene-OO714_RS00115,-0.396967893368483,5.45682418075783,0.0543351840675568,0.0732854816607579
gene-OO714_RS03245,-0.217203666233481,5.46212159250491,0.0545283706867999,0.0735181446968463
gene-OO714_RS05070,-0.686712044879182,5.79468156882813,0.0548403798750641,0.0739107736351831
gene-OO714_RS13890,-0.274966579901924,4.22274908357862,0.0550754955134734,0.0741995113930571
gene-OO714_RS05300,0.220760444865116,6.1415849753748,0.055412755698575,0.0746255906603772
gene-OO714_RS12995,-0.316782234019776,3.90722444515658,0.0554917101102556,0.0747036127772153
gene-OO714_RS10675,0.199163180926412,6.48391703788345,0.0557641144129458,0.0750419017885685
gene-OO714_RS01410,-0.250168393811639,5.25518297211503,0.0565628829646548,0.0760879962363297
gene-OO714_RS00855,0.500227920296435,3.46216752572469,0.0566924903270117,0.0762334886954973
gene-OO714_RS07455,0.1870409151569,8.30423510088736,0.0567216383984399,0.076243836183077
gene-OO714_RS04225,-0.245876747000554,9.13814025524389,0.056763117022876,0.0762707440072973
gene-OO714_RS10835,-0.319147563229699,3.93867880014219,0.0570947575399375,0.0766873651915865
gene-OO714_RS13905,-0.734334727869153,1.67796781733326,0.0571625685740742,0.0767494403899735
gene-OO714_RS09830,0.264874450190003,4.90890851775007,0.0572365441459212,0.0768197424073277
gene-OO714_RS12900,0.85902951300466,1.12071011692179,0.0573586397012062,0.0769545509619052
gene-OO714_RS00150,-0.187553829272207,7.01483560151632,0.0574812220190775,0.0770899105870949
gene-OO714_RS04735,-0.259100889663269,5.6603729215078,0.0576358173697942,0.0772680856025079
gene-OO714_RS02715,-0.2942988812415,7.89226028730251,0.0578145321330594,0.0774784491707741
gene-OO714_RS16790,0.182362632514767,7.36905257746481,0.058155251822567,0.0779056784686781
gene-OO714_RS11940,0.708214129692208,1.35555192181352,0.0584070127671661,0.0782023363130889
gene-OO714_RS14780,-0.225464674102257,6.25696057779525,0.0584207098793616,0.0782023363130889
gene-OO714_RS10355,0.741978929804532,3.73153391247184,0.0589560081530403,0.0788891765722535
gene-OO714_RS14975,-0.20966257372359,9.04077942720339,0.0591757256615222,0.0791533793756304
gene-OO714_RS15155,-0.173114049515157,8.87817053248719,0.059251620764737,0.0792250790812172
gene-OO714_RS10840,-0.178613424222894,5.3729715079893,0.0594025417090084,0.079397003848746
gene-OO714_RS02120,0.236324173761126,12.0540398178768,0.0594687150329434,0.0794555688823612
gene-OO714_RS06125,-0.173576787077308,6.72957372014495,0.0599383741218997,0.0800529806949385
gene-OO714_RS12145,0.332392207517927,4.33303338010565,0.0604876319857734,0.0807562149051235
gene-OO714_RS11425,-0.563972269631905,3.12392997258693,0.0612383153289103,0.081727740397652
gene-OO714_RS00600,-0.229478193500093,9.05460177201544,0.0615436192217313,0.0821043628806431
gene-OO714_RS15580,-0.214534519386188,9.50771561795177,0.0629371150079912,0.0839318974628145
gene-OO714_RS03720,-0.657552121591718,10.6205055250843,0.0630575927452585,0.08406102198674
gene-OO714_RS15550,-0.203092186000353,6.33687020114874,0.063179862492399,0.0841924376820345
gene-OO714_RS01155,0.244454956269113,9.23346783114308,0.0636188651207576,0.0847456696548623
gene-OO714_RS02085,0.274138918596682,9.98105318990473,0.0637670287807507,0.0849112102985343
gene-OO714_RS03140,0.258681905716888,6.07877091705274,0.0637948662530535,0.0849164624207312
gene-OO714_RS12835,0.440100625621207,2.71319616596511,0.0640999361604067,0.085290592704637
gene-OO714_RS03185,0.227966613555313,6.23070850575547,0.0645873894383725,0.0859070292155599
gene-OO714_RS06890,0.637149579986955,3.52382673186563,0.0648489165571367,0.0862226148312996
gene-OO714_RS05085,-1.04098178145572,7.98454187309425,0.0650317969922801,0.0864334354938533
gene-OO714_RS15665,-0.195857755924407,7.85892329387015,0.0652820219878232,0.0867335723905509
gene-OO714_RS04215,0.186720646639136,7.00925864587477,0.065892813105756,0.0875123534296923
gene-OO714_RS01200,-0.187587166955817,6.65812202755973,0.0660880888592765,0.087738912142648
gene-OO714_RS06570,-0.185217888553119,7.80676639533914,0.0664460063349473,0.0881811450763267
gene-OO714_RS08110,-0.360936783128735,3.74100781676817,0.0665924439928608,0.088342495688924
gene-OO714_RS08000,0.251239365271421,5.08377831759174,0.0669176838152723,0.0887408389102529
gene-OO714_RS08250,-0.426949309981407,3.88028420065093,0.0674856078562868,0.0894605931821124
gene-OO714_RS04150,-0.190923868050157,6.80027459044131,0.0682878869115668,0.0904903617016064
gene-OO714_RS01430,-0.216388665729614,8.23619212101148,0.0684317833752194,0.0906472449181997
gene-OO714_RS10850,0.301291165355497,5.23984286930808,0.0686941960386585,0.0909609436368824
gene-OO714_RS13910,0.472537712710282,3.3030004936646,0.0687369530727977,0.0909836615347199
gene-OO714_RS01210,-0.442490061409545,5.14759463100918,0.0688120382689057,0.0910491377541663
gene-OO714_RS04990,0.481885592792973,9.24682249774067,0.0692967644484002,0.0916563828990005
gene-OO714_RS10100,-0.189177919129198,5.59759576916655,0.0696254740940048,0.0920568954353024
gene-OO714_RS16085,0.19447561668738,7.39641238847666,0.0696790152516853,0.0920898534030204
gene-OO714_RS15725,-0.387507624153979,8.74645276449363,0.0697022244384144,0.0920898534030204
gene-OO714_RS11505,-0.353774085831128,4.18181577767469,0.0697342878872492,0.0920979781312835
gene-OO714_RS03605,0.215581180976832,6.21987438221095,0.0698325035097777,0.0921934314538447
gene-OO714_RS08555,0.396188016382006,4.61299341348181,0.0699011766219136,0.0922498261100188
gene-OO714_RS12540,0.308275860578929,3.47672175238125,0.0699488869375477,0.092278524193038
gene-OO714_RS06065,0.657601587648933,1.9872562291956,0.0699909162865179,0.0922997092698645
gene-OO714_RS03085,-0.176296099038992,5.96978801982842,0.0701126100747403,0.0924258962187044
gene-OO714_RS02625,0.288197362200293,8.60008562841734,0.0704331746339893,0.0928140536333696
gene-OO714_RS10920,0.243968311294207,5.60144478885197,0.0711093398210959,0.0936703460801241
gene-OO714_RS05320,0.247667987934738,4.9525803507244,0.0713831663723183,0.0939962109252387
gene-OO714_RS15170,0.202860305361384,7.35488680130072,0.0715106049508861,0.0941291444427589
gene-OO714_RS14815,-0.279679762977662,5.68518828498455,0.0720863098896021,0.0948518124204538
gene-OO714_RS05470,0.210598166601239,4.41800369160989,0.0721869747646026,0.0949491148458171
gene-OO714_RS14535,0.206967019976252,7.90587773226567,0.0724299089067318,0.0952334059395208
gene-OO714_RS12695,0.217071129068052,8.36414881663326,0.0726406712375383,0.0954538500812376
gene-OO714_RS14860,0.271226859461702,4.76147399596928,0.0726627658657712,0.0954538500812376
gene-OO714_RS16850,-0.193707069058902,7.04501602529636,0.0726781424647802,0.0954538500812376
gene-OO714_RS02905,-0.177233899771387,11.0581070932411,0.0730533767624725,0.0959112305185915
gene-OO714_RS04615,0.207997059635801,6.90485931623151,0.0733332973970779,0.0962431827729745
gene-OO714_RS12970,0.55005359228492,2.54415477639156,0.073500713419434,0.0964272925406675
gene-OO714_RS04405,0.257664870256329,5.95171798290372,0.0735288060380686,0.0964285522728028
gene-OO714_RS09385,0.246641693174195,5.69760984777072,0.0742500282472746,0.0973384730323917
gene-OO714_RS04635,-0.189349108983602,6.79663486430612,0.0742840273558853,0.0973471361441063
gene-OO714_RS18380,-0.173244814514288,8.12553118738677,0.0751032795769695,0.0983844657635642
gene-OO714_RS17040,0.164752008625232,6.81751561085588,0.0758080348254209,0.0992710964515644
gene-OO714_RS10650,0.321371774953987,3.49956319130631,0.0759862511405967,0.0994678219350573
gene-OO714_RS15610,-0.202094894778115,10.0610101911436,0.076621626179698,0.100262613933228
gene-OO714_RS09325,0.243101195376958,5.22544379022086,0.0769591235210582,0.100667178871491
gene-OO714_RS14590,0.178991573766954,6.68646191847225,0.0776769554648395,0.101568763694643
gene-OO714_RS10170,-0.40459947419906,3.49393303027226,0.0777440175496408,0.101619065234065
gene-OO714_RS15020,0.187117918626191,6.51584618336362,0.0795424638675974,0.103931586979942
gene-OO714_RS14445,-0.223445958312788,6.14792022357808,0.0807265352976582,0.105439950918
gene-OO714_RS15060,0.304031176258523,7.49660581594976,0.080926742385794,0.105662616619806
gene-OO714_RS07910,-0.334169772699,4.159507661583,0.0814043724692178,0.106247205198531
gene-OO714_RS03980,-0.387260010618594,4.92438168780444,0.0819820271143015,0.106961866506691
gene-OO714_RS17765,0.173430378188735,8.83146970231055,0.0829075473096299,0.10812969656456
gene-OO714_RS17480,-0.183781410441334,7.53775561915007,0.0837404812428996,0.109175961238909
gene-OO714_RS01885,0.205395678721227,10.5870666395087,0.0840931468712425,0.109595542347046
gene-OO714_RS15065,0.462869076264749,7.1017308259354,0.0841647986369499,0.10964871493978
gene-OO714_RS01665,-0.252846599961459,9.82889004105554,0.0848154980828017,0.110455947301677
gene-OO714_RS04255,-0.263703424905516,11.0628295679855,0.0850971612498851,0.110782165231535
gene-OO714_RS00725,-0.161811829366403,7.62221297143416,0.0855611355878234,0.111308846324835
gene-OO714_RS07915,0.318543493073685,4.10979472376819,0.0855643692063725,0.111308846324835
gene-OO714_RS10470,0.235505962766397,4.41744727117586,0.0860266914801253,0.111869323644481
gene-OO714_RS14000,0.236453521832425,4.4917706651403,0.0863360233843052,0.112230514670015
gene-OO714_RS07615,0.498387642227472,3.1407168905458,0.0870189898863336,0.113076961629261
gene-OO714_RS03805,-0.197703256094984,6.98589146534713,0.0892319581890874,0.115910226390357
gene-OO714_RS04220,-0.207733295629807,9.29474970624265,0.0909920442291645,0.118153352280033
gene-OO714_RS00950,-0.307709351497777,8.03736342857679,0.0910698039209373,0.118185171931452
gene-OO714_RS10885,0.64654198930175,1.95922679555891,0.0910830573776722,0.118185171931452
gene-OO714_RS09500,0.301662908249589,4.91032917589191,0.0914550829610449,0.118624585709326
gene-OO714_RS06400,0.233713850837849,5.17953956493686,0.0917163774537553,0.118920104148357
gene-OO714_RS12045,-0.238295009694335,9.58028980744526,0.091953519377138,0.119142595490698
gene-OO714_RS14970,-0.208392247458832,7.85811898605855,0.0919550195360115,0.119142595490698
gene-OO714_RS09275,-0.357312508437226,8.69326759477316,0.092154988549971,0.119358173945553
gene-OO714_RS09630,-0.157842582802915,6.06250320303747,0.0924755392988529,0.119729714633196
gene-OO714_RS04965,0.346205515345261,10.7232051271903,0.0928716757162181,0.120198811178237
gene-OO714_RS08800,0.212588153456151,6.19810429873032,0.0931454179199751,0.12050921561252
gene-OO714_RS04860,-0.235382392229564,6.4555082275785,0.0935013207800654,0.120925652857479
gene-OO714_RS12425,0.175768857862581,10.2691634804499,0.0935594179561201,0.12095677388725
gene-OO714_RS17700,0.303672156129274,6.6267552337845,0.0936434741763858,0.121021420808318
gene-OO714_RS01950,0.172076434397787,8.26955068177804,0.093933547885895,0.121352173459277
gene-OO714_RS13375,0.159105267965253,6.60222462353003,0.0943176374057193,0.121804100050845
gene-OO714_RS17600,-0.279498823503445,6.41899272382347,0.094452455833016,0.121933900483305
gene-OO714_RS05640,0.19950962930368,5.92283156990631,0.0948245107779898,0.122369757191349
gene-OO714_RS05865,0.409814339398268,3.53481223497381,0.0950096511604086,0.122564174310015
gene-OO714_RS05340,-0.176893832904898,6.61174260368475,0.0951986533270163,0.122763430306319
gene-OO714_RS00625,0.244320241947046,5.87424703885791,0.0952823716975678,0.122826822275356
gene-OO714_RS05525,-0.189574261240728,8.42020378440136,0.0954762746725033,0.123032153802058
gene-OO714_RS01975,-0.174582388276703,7.72363402889442,0.0958663830523536,0.12349007806019
gene-OO714_RS02255,0.199009886159935,5.96121625678397,0.0960120620392297,0.123632923365008
gene-OO714_RS08525,-0.36854708658121,2.85229847001309,0.0967341867554359,0.124517674657305
gene-OO714_RS09080,0.220869729888549,5.82567009823961,0.0970541059562062,0.12488424785241
gene-OO714_RS04115,-0.169765436821102,10.5378881173456,0.0972579701917546,0.12510127617137
gene-OO714_RS07025,-0.351485774917186,3.32972050784814,0.0975804249661465,0.125470633259654
gene-OO714_RS11265,-0.197760563762464,5.49647670869033,0.0987793987569485,0.1269663591979
gene-OO714_RS14505,0.181590590004649,5.85463179354508,0.0988248402434162,0.126978843899169
gene-OO714_RS02585,-0.625112701776765,6.38826224678931,0.0991858545479681,0.127396648739963
gene-OO714_RS04900,0.179468203092943,8.15185515838709,0.0994548498531607,0.127696003026782
gene-OO714_RS00900,-0.203550805498479,5.3002584368182,0.0997482657362918,0.128026484805627
gene-OO714_RS07735,-0.318946057677276,3.4489994190804,0.100628730830811,0.12910993118148
gene-OO714_RS03515,0.256704520450133,4.55672063029973,0.100684830881786,0.129135290131313
gene-OO714_RS11845,0.50282542874226,2.96948073602465,0.101762070397317,0.130469840617627
gene-OO714_RS02045,-0.189760070119272,8.91189383834088,0.102998467709115,0.132007412274863
gene-OO714_RS04540,0.276027507182284,6.64218267676621,0.103798878143546,0.13298529665543
gene-OO714_RS13845,0.220211078574789,6.63554299715594,0.104098013579347,0.133320482976937
gene-OO714_RS00260,-0.373704673311187,7.72646642606394,0.10471592057519,0.134063538085096
gene-OO714_RS13015,0.504490692384661,2.12673078879166,0.105067557313608,0.134465285809349
gene-OO714_RS13025,0.633899594348873,2.4736920256302,0.105564617913212,0.135052790519638
gene-OO714_RS01685,0.189657060216194,5.58186241770762,0.105680794222466,0.13515276814201
gene-OO714_RS11580,0.163485034797015,9.91210467350143,0.105964836361799,0.13546727641361
gene-OO714_RS09940,-0.48456100183921,6.66634704986508,0.106348509901438,0.13590888320378
gene-OO714_RS10555,-0.33712031489732,4.59586641641011,0.106768455496402,0.136396510005109
gene-OO714_RS03655,-0.184378599020845,7.78912017487564,0.108681808944099,0.138790926693255
gene-OO714_RS15515,0.180653232163777,7.43185105043444,0.108973661472074,0.139113646864853
gene-OO714_RS14095,0.401472907809539,6.64356956370584,0.109039057333973,0.139147148928165
gene-OO714_RS04260,-0.169675051497348,6.17598594704039,0.109377998748132,0.139529579163984
gene-OO714_RS15710,0.188499936566454,11.536234699997,0.109422114294544,0.139535771152785
gene-OO714_RS07745,-0.245911047101078,4.48922904943155,0.109749941555709,0.139903619902795
gene-OO714_RS13580,0.733348350499013,1.05545532355101,0.110017128239125,0.140193931072733
gene-OO714_RS13210,0.258391612676555,5.17913495097129,0.110286287943147,0.140486547437256
gene-OO714_RS00660,0.16052717925395,8.20439016465094,0.110403804345547,0.140585854763193
gene-OO714_RS07250,-0.300732366169642,4.3468110975764,0.110794947524643,0.141018350887768
gene-OO714_RS14705,0.285146277024913,9.06260114415139,0.110830037267555,0.141018350887768
gene-OO714_RS17330,0.213966077345672,8.57307931548342,0.110862485194267,0.141018350887768
gene-OO714_RS05065,0.479169539860521,5.47469285347264,0.111129058177773,0.141306859665046
gene-OO714_RS10110,0.242057726926451,5.00870071914577,0.111680398853783,0.141957130731883
gene-OO714_RS12100,0.213507230353621,5.89551941583643,0.11176961599729,0.14201974088465
gene-OO714_RS03560,0.155125359621249,8.20732006521192,0.112124118240539,0.142419269559283
gene-OO714_RS08420,-0.160082528315528,5.05375571716261,0.112968951756281,0.143441105588361
gene-OO714_RS11175,0.31871408488642,3.49704619971814,0.114527592749241,0.145368237368144
gene-OO714_RS14405,-0.162049403746361,6.71378024454639,0.114669654319245,0.145496591021277
gene-OO714_RS02140,0.216898448116916,11.4466910393528,0.114912209831197,0.145719006178066
gene-OO714_RS17850,0.22964240581055,8.51282510540538,0.114926948316578,0.145719006178066
gene-OO714_RS00050,0.203165184637563,7.27746302404402,0.1150502308776,0.145823295484661
gene-OO714_RS07040,-0.763371006804834,10.1642586861543,0.11543493295326,0.146258735014576
gene-OO714_RS08630,0.306793213495564,4.85253365064228,0.115958295011951,0.146869486982349
gene-OO714_RS13195,0.144342578575036,7.66817889910199,0.116888361096992,0.14799474005654
gene-OO714_RS14340,0.164110646701794,7.13669939545106,0.118094567277064,0.149468693768762
gene-OO714_RS17320,0.489877112232295,10.1786510420691,0.11824198714779,0.14960200153907
gene-OO714_RS01005,0.179616569898416,6.62135841342266,0.11949929605278,0.151138967320847
gene-OO714_RS06445,0.16380725685574,6.92277528857946,0.120796476920034,0.152725250435361
gene-OO714_RS10550,0.177683918642684,4.82290923575216,0.122504788853247,0.154830021189346
gene-OO714_RS12235,0.160695065990215,6.48874402489342,0.122563133315992,0.154831876616536
gene-OO714_RS11890,-0.306289781565324,3.58161126250016,0.122593387956931,0.154831876616536
gene-OO714_RS10050,0.236478181262611,7.0780127157506,0.122655933818596,0.154855839712714
gene-OO714_RS00580,-0.22962026672379,5.1202348113768,0.12283996703161,0.155033111800548
gene-OO714_RS02940,0.225248083675922,5.56021102432747,0.122910169113665,0.155066645733038
gene-OO714_RS05410,-0.156088988142829,6.35672953826035,0.123946370930212,0.156318453614611
gene-OO714_RS16535,0.150658474638853,6.73934444925214,0.124336390796135,0.156754711915383
gene-OO714_RS05780,-0.144480610109312,7.24799609188359,0.124699281078365,0.157156469841315
gene-OO714_RS04520,-0.229658340066569,5.76353435448182,0.12485032080426,0.157291045777504
gene-OO714_RS08360,0.804105756796166,1.48307968150485,0.126633849300827,0.159481467191757
gene-OO714_RS15430,0.190220693551641,7.86428660932016,0.127609086827731,0.160652743388507
gene-OO714_RS00955,-0.214405707283932,9.51114118906335,0.128024938650873,0.161119203953684
gene-OO714_RS13990,-0.205886029765027,7.71906252705992,0.128947630659206,0.16222296614613
gene-OO714_RS02505,-0.26299327437397,5.11951168469401,0.12903936572314,0.162280929150757
gene-OO714_RS02305,0.15455410225249,8.93426443413786,0.129144126821202,0.16235522699772
gene-OO714_RS13235,-0.148279304177229,6.98974413072936,0.129584152758102,0.162850805835324
gene-OO714_RS14610,-0.58426634819659,9.42808613870911,0.129784650044975,0.163045120629141
gene-OO714_RS11830,-0.411348838717252,2.05288273507436,0.130350875306838,0.163698590403004
gene-OO714_RS12770,0.193755693966304,6.37692182731115,0.13079421724945,0.16419733242831
gene-OO714_RS11975,-0.690418205165807,1.10436130129447,0.131126724433153,0.164556630874091
gene-OO714_RS10815,0.168269262675315,5.78059625661162,0.131511770937244,0.164981586272843
gene-OO714_RS05915,0.901205941264617,10.9611640761185,0.132020795798141,0.165561717807549
gene-OO714_RS17960,-0.153960845612411,9.63503986138671,0.13271624967627,0.166375150387818
gene-OO714_RS10080,-0.24876931222875,3.88887067233783,0.133020915279987,0.166698283817021
gene-OO714_RS08050,0.303661783102687,3.6365135173995,0.134471878199078,0.16845719249895
gene-OO714_RS03745,0.220409603753645,7.68535377020647,0.135361881460512,0.169512377276483
gene-OO714_RS03995,0.341054044047512,3.47398662249715,0.13584940114122,0.170062969938674
gene-OO714_RS13190,-0.19449985609708,8.72099297193931,0.136700870014261,0.171068623954466
gene-OO714_RS03240,-0.174012460358592,7.77043378476616,0.136760048695779,0.171082440360717
gene-OO714_RS10075,0.172339507536454,6.34882151221025,0.137448469786896,0.171883132168412
gene-OO714_RS09530,-0.295953899125935,10.8413227539173,0.138194172451567,0.172754867707657
gene-OO714_RS11470,-0.370327684343775,7.24420658719579,0.138541287078583,0.173127895315501
gene-OO714_RS16320,-0.141983573231427,7.54248656401532,0.138945295771839,0.173571733277018
gene-OO714_RS03715,-0.430300018583464,11.0787720743124,0.139086712658699,0.173687342511953
gene-OO714_RS12500,0.167625512634978,7.12948494808514,0.139280693473771,0.173868487743513
gene-OO714_RS00180,0.168901907689147,10.8277860553358,0.140060589877999,0.174780665880059
gene-OO714_RS15175,-0.341024318388014,8.77787538215915,0.140243546498263,0.174947548000992
gene-OO714_RS18085,-0.310159847160366,4.87676603395274,0.140487414197823,0.175190270196163
gene-OO714_RS12850,-0.382385832350811,2.11590951722882,0.142286445225313,0.177371457850145
gene-OO714_RS05105,-0.820234305975508,7.1866425199673,0.142758345797638,0.177897321516412
gene-OO714_RS08120,0.260834060478351,3.97250300987431,0.144512363970576,0.1800199584828
gene-OO714_RS03735,-0.194495238963552,8.72783394497051,0.144640745245616,0.180116751437603
gene-OO714_RS11735,0.256012130260602,10.1023022261794,0.144858250133514,0.18032442065657
gene-OO714_RS12200,0.16807152840921,5.0554536332737,0.145284914537922,0.180792222082554
gene-OO714_RS05960,0.362716822495153,3.63222877697018,0.145647579533345,0.181180083185687
gene-OO714_RS13800,0.287865990888668,4.33974550488657,0.146379544796186,0.182026907699666
gene-OO714_RS06820,-0.231138933232932,5.73162197853139,0.147571997564322,0.183445568150962
gene-OO714_RS07205,-0.30023662523478,4.09263238476433,0.148075598329362,0.183956557559323
gene-OO714_RS03455,0.230947764520322,9.07239384647215,0.148086581648065,0.183956557559323
gene-OO714_RS09670,0.572604839330081,1.81894614700857,0.149629888134348,0.185808742987237
gene-OO714_RS09845,-0.19233166926309,4.37237231316576,0.15018235473657,0.186429650273758
gene-OO714_RS02970,-0.401272345522249,9.86729364245553,0.150556937431547,0.186829383949622
gene-OO714_RS11780,0.29399908487677,3.64743074892712,0.150671860081257,0.186906733238669
gene-OO714_RS11075,-0.44192718892761,2.64579835090988,0.151459634996391,0.187777635396826
gene-OO714_RS03955,-0.185053058390163,7.07470654181146,0.151528990145628,0.187777635396826
gene-OO714_RS07765,-0.17946710818844,4.92057241724325,0.151532430590348,0.187777635396826
gene-OO714_RS03000,-0.277970204798601,5.32393950828386,0.152748186591003,0.189218213713636
gene-OO714_RS03060,-0.179770689448567,6.26477185834534,0.152847704769203,0.189275520121863
gene-OO714_RS17120,-0.139575005773983,7.431567273045,0.153166788997574,0.189604586589125
gene-OO714_RS11015,-0.301108121973552,4.25081434755885,0.153294362636193,0.189696436214843
gene-OO714_RS04745,-0.213677011048428,5.97621998642897,0.153597604005727,0.190005528937123
gene-OO714_RS08655,-0.510469819614701,1.23128306644007,0.154345635438539,0.190864435751067
gene-OO714_RS00960,-0.166339027070274,11.012340428748,0.154699005228922,0.19123487463777
gene-OO714_RS06055,0.163849027767395,5.99298045757949,0.154792756003291,0.191284233253024
gene-OO714_RS02475,0.130921517073073,6.65369461326773,0.156760069165322,0.193647996459352
gene-OO714_RS09480,0.213277020006085,6.10856853368015,0.15721075307068,0.194137253791937
gene-OO714_RS11490,0.240167197831727,3.6686810063256,0.157342757907328,0.194232775825857
gene-OO714_RS09220,0.199891626999261,4.73734484823865,0.157534377420948,0.194401797692378
gene-OO714_RS00620,0.253494991169286,5.80328671649626,0.157669334276377,0.19449814988049
gene-OO714_RS02695,0.136861575174843,6.9227119315087,0.157721909948107,0.19449814988049
gene-OO714_RS18275,-0.146117601261476,7.31824294499465,0.157892963338462,0.194641551059623
gene-OO714_RS16575,-0.347126180931783,4.00330160465726,0.157986712123828,0.194689589073539
gene-OO714_RS03940,-0.170944712438775,6.74085583197383,0.158089849849121,0.194749159918119
gene-OO714_RS01655,-0.152143725240252,6.66147167985571,0.158411454521016,0.195077723273628
gene-OO714_RS04925,0.229204905581887,3.69606058833564,0.159520231268971,0.196375095923077
gene-OO714_RS06000,0.405463250921714,2.01058598450408,0.15964758253385,0.196463818672196
gene-OO714_RS10670,0.200165887895373,5.42001170674471,0.160042355455237,0.196881457697443
gene-OO714_RS04310,0.167714261881766,7.46718482781121,0.160114624129002,0.196902205589783
gene-OO714_RS04120,0.223311468160054,4.94270736927376,0.160199124642072,0.19693797612519
gene-OO714_RS07495,0.281189597858802,5.88880034629452,0.160379960863722,0.19709210958149
gene-OO714_RS15625,0.221915831141222,4.32972646897611,0.161578827998879,0.198496769688218
gene-OO714_RS03650,-0.18169289097659,6.29237477175782,0.161892169974187,0.198812982753373
gene-OO714_RS03360,-0.20148452566955,9.41504249595112,0.162142171037649,0.19905121791634
gene-OO714_RS17515,0.340900323297729,3.64460434723523,0.162338812259098,0.199223804823492
gene-OO714_RS13915,-0.236727952364111,6.45247245870062,0.162643751021439,0.199529130524748
gene-OO714_RS12990,-0.359296133730591,4.81927104923839,0.162925290283362,0.199805549229493
gene-OO714_RS06345,0.184127094404431,5.27813114729737,0.163134298818954,0.199992858917751
gene-OO714_RS11965,0.36856217992475,2.857745491748,0.164216704346789,0.201250402499479
gene-OO714_RS16900,0.256734374531108,9.02821741864086,0.165681875446026,0.202976003217916
gene-OO714_RS13530,0.337378932891565,3.81471508055594,0.16657180191969,0.203995928333073
gene-OO714_RS05075,0.910680661452462,7.65262597302872,0.167914430400261,0.205569371561325
gene-OO714_RS16830,-0.185688302939585,8.27814869599143,0.168090437405376,0.205713985722695
gene-OO714_RS03135,-0.150458254452883,5.06844361768777,0.169348038345687,0.207181730905533
gene-OO714_RS15785,-0.15634561396182,6.08397246286236,0.170547326618964,0.20857715031101
gene-OO714_RS08405,0.314823578414253,2.50640213449473,0.171060277333611,0.209132516561284
gene-OO714_RS11020,0.261971347085828,4.07824796578427,0.171222446787076,0.209258795007313
gene-OO714_RS17145,-0.198679314513854,7.23286439660639,0.171283578852029,0.209261546662122
gene-OO714_RS02115,0.200807567325422,10.5415696636141,0.172001233573801,0.210066111381886
gene-OO714_RS08785,0.243073982891419,4.87855136652606,0.173067994446123,0.211296342240303
gene-OO714_RS08570,-0.227388092974613,4.88383216796054,0.173243667796063,0.211371749792064
gene-OO714_RS04335,0.425872522563199,2.43672674714117,0.173248707693945,0.211371749792064
gene-OO714_RS06185,0.157025472389961,6.55758361400033,0.17385908192903,0.21203153584894
gene-OO714_RS05615,-0.131083296609471,9.04132582449462,0.173908814575031,0.21203153584894
gene-OO714_RS02165,0.256532977475429,4.38098858325774,0.174281665142435,0.212413250314202
gene-OO714_RS09855,0.194727857899156,7.81570188975477,0.174556746895864,0.212675583979396
gene-OO714_RS13400,0.218200524775025,5.65826938085636,0.175503641602332,0.21375597746905
gene-OO714_RS13595,0.192841722627411,4.29271017801326,0.175920604967059,0.214190417969486
gene-OO714_RS07770,0.146405915650853,5.77477694080929,0.176364149444606,0.214656913399359
gene-OO714_RS09160,-0.184400873686028,4.65749325848663,0.176470191304742,0.214712447756609
gene-OO714_RS06845,-0.323194749008296,3.09512815520972,0.176871704768869,0.215076212825583
gene-OO714_RS16660,0.13960260918348,9.52923097318569,0.176929648641612,0.215076212825583
gene-OO714_RS11140,0.397445137333899,7.73674706454348,0.176950716460891,0.215076212825583
gene-OO714_RS14005,-0.242257923048935,6.35333474798153,0.177263294465306,0.215382478129811
gene-OO714_RS16005,0.159416523654693,8.66399520756622,0.177433855787088,0.215516036728404
gene-OO714_RS08670,-0.232201911650464,3.59209399571656,0.177539541226265,0.215568715744346
gene-OO714_RS18205,-0.171557887580624,6.19154133715899,0.177598536775308,0.215568715744346
gene-OO714_RS01115,-0.259878310604243,8.43696279676514,0.17770789429517,0.215627810285092
gene-OO714_RS08980,0.255484037408186,4.47487748750132,0.177955430334144,0.215854470787559
gene-OO714_RS07905,-0.187345341181508,4.27861151184697,0.178186755753021,0.216061320350131
gene-OO714_RS01045,0.153986314589672,6.74596328416649,0.178597309492007,0.216485278968143
gene-OO714_RS11000,0.256069620402538,8.28974452985962,0.179066856852964,0.216980432749892
gene-OO714_RS07415,-0.167866989296645,5.25317844833051,0.180352620513705,0.21846394454864
gene-OO714_RS18215,-0.143253711386973,8.19034190290321,0.181244394111389,0.219469361728066
gene-OO714_RS04650,-0.119297895584841,6.27126021367524,0.182398185203925,0.220791263697122
gene-OO714_RS02690,0.136466614071581,6.39266584171132,0.182503965348739,0.220844090176854
gene-OO714_RS04805,-0.126919523183038,10.0805925155629,0.184681460494098,0.223402964804638
gene-OO714_RS11240,-0.165208379531733,5.23278946530347,0.185287808925979,0.224060181327979
gene-OO714_RS16990,-0.189868069224537,5.01538768206157,0.186884190360513,0.225913745762334
gene-OO714_RS02840,0.124211198742644,7.28710129791377,0.187020376316484,0.226001502015908
gene-OO714_RS11555,0.237847483889344,4.34745773735264,0.188794443857883,0.228067795197457
gene-OO714_RS04455,-0.170200572394183,5.70546192654629,0.189259057334244,0.228551372669353
gene-OO714_RS14760,-0.274010842177366,4.43960952496436,0.189607480709658,0.228883584621921
gene-OO714_RS06465,0.195964993398316,5.87364011683696,0.18966295911974,0.228883584621921
gene-OO714_RS06030,0.284310444903935,3.47276549869828,0.190184897419547,0.229435548346595
gene-OO714_RS03285,-0.152507739819003,5.49624797428357,0.190331874915984,0.229534945182019
gene-OO714_RS18270,0.141255588617114,7.65792308425102,0.191193125574575,0.230495375947096
gene-OO714_RS10515,0.158895449101106,5.76013884903256,0.192074705842338,0.231479655667572
gene-OO714_RS12965,0.284095434514534,3.3470301460522,0.192276130593476,0.231643853603123
gene-OO714_RS10240,-0.178914058620593,4.84915836537852,0.192754158875761,0.232141064264472
gene-OO714_RS14210,0.174979722052025,5.01857873598892,0.194382471436346,0.233974958965431
gene-OO714_RS10315,0.123087951467578,6.86328886912993,0.194408568887146,0.233974958965431
gene-OO714_RS01415,-0.144568596855213,8.89678864754156,0.194533383084898,0.234045918579461
gene-OO714_RS08255,-0.253370583200567,3.62618222294739,0.195437729160072,0.235054378827376
gene-OO714_RS07680,0.160482321772922,4.97950244179047,0.196105102290881,0.235777244093975
gene-OO714_RS12185,0.223501097262372,4.97160785847978,0.200037969738752,0.240424397853069
gene-OO714_RS14980,0.162369626664205,5.33564018983111,0.200974669273332,0.241468551249974
gene-OO714_RS15565,-0.224604920004289,8.40254953397203,0.201060596728199,0.241490152339311
gene-OO714_RS17620,0.124020888877028,6.97825950147303,0.201460493098409,0.241888713672887
gene-OO714_RS14320,-0.160253530473879,7.53567319773024,0.202960632436187,0.243607594622833
gene-OO714_RS15490,0.179155087846733,6.88785905917377,0.204931406418741,0.245890012968334
gene-OO714_RS07790,-0.254537026436009,4.36513737435103,0.205209127795245,0.246140141810429
gene-OO714_RS10960,0.164253973208946,5.26493843954845,0.205772667779357,0.246732814199674
gene-OO714_RS10020,-0.207701731169295,4.70080450138291,0.206570843800556,0.247606333513381
gene-OO714_RS11815,0.233616408090636,3.71814752202415,0.20870470631705,0.250079745870126
gene-OO714_RS12210,0.209159611296237,4.89885392128896,0.209845741221978,0.251362239401048
gene-OO714_RS16965,0.128620794414898,7.35899959151478,0.210549441874465,0.252120187473668
gene-OO714_RS17405,-0.124177667255293,6.26366139521354,0.211492593120477,0.253164255961663
gene-OO714_RS07075,0.217140694582336,4.75683666227717,0.212523720680494,0.254312896733493
gene-OO714_RS17140,0.115886462590964,7.28885489258222,0.215610650397806,0.257919976948436
gene-OO714_RS14355,-0.13446869102566,5.82689507153369,0.216048006137889,0.258356195765161
gene-OO714_RS04060,-0.149024763011087,8.70599200447225,0.217749624868618,0.260303453341093
gene-OO714_RS16290,-0.118656045373418,8.69573414416633,0.221244306460604,0.264392153719229
gene-OO714_RS05170,-0.153059253171915,6.47941652870536,0.221668631147154,0.264810189948566
gene-OO714_RS07610,0.303315555182124,2.64041413953613,0.222213442609138,0.265371833008359
gene-OO714_RS09895,0.114157332075191,8.47597729752591,0.222875959711327,0.266073618009425
gene-OO714_RS06455,0.863505089340868,6.26692420163885,0.223883221922513,0.26718635685447
gene-OO714_RS05100,-0.754777516381554,7.40845520314623,0.227289012478535,0.271159835632331
gene-OO714_RS04600,-0.18816285247384,9.86400538766415,0.227978151382972,0.271890721481571
gene-OO714_RS02845,-0.150924352507884,9.28676785527091,0.229214787878409,0.273273853109649
gene-OO714_RS17310,-0.28233220586196,9.97564994683334,0.23012225411407,0.27426374618424
gene-OO714_RS17915,-0.132444810968627,6.98711631278259,0.230229286247661,0.274299323943744
gene-OO714_RS10275,0.225596657395477,4.59361581387509,0.230618065511534,0.274670443977209
gene-OO714_RS04995,-0.224990261719363,5.52439337909598,0.231789092544624,0.275972675009579
gene-OO714_RS03885,-0.133000632940352,7.4748851289878,0.232992751857384,0.277312873443115
gene-OO714_RS07475,-0.118076028719984,7.45026477928198,0.238166975708332,0.283376441803619
gene-OO714_RS00680,-0.231138561212118,5.03170296840115,0.238884707751832,0.28413529161647
gene-OO714_RS10105,0.217463707786634,4.35398129733015,0.239828569432472,0.285162507782872
gene-OO714_RS17280,-0.336815662808485,6.49548125298123,0.240655159119831,0.286049643983906
gene-OO714_RS05860,-0.328974189122069,3.42787339115927,0.240926504325955,0.286276428075708
gene-OO714_RS04425,0.183017996130493,6.36471598170264,0.243326486213285,0.289031528075539
gene-OO714_RS11835,0.38693482444935,1.75959015636249,0.243687826530912,0.289364027895377
gene-OO714_RS06860,0.161332468663201,5.98918372861751,0.244009162633922,0.289648818971596
gene-OO714_RS02780,0.18325282147137,4.93135653113274,0.245673535935828,0.291527127451062
gene-OO714_RS13370,-0.156621657036449,5.12655935716178,0.246338283100951,0.292218377216548
gene-OO714_RS07685,-0.126768524820024,5.9201660470342,0.247755269226243,0.293801210153509
gene-OO714_RS05965,0.165482774601618,4.45350439040857,0.249369870426568,0.295617251332896
gene-OO714_RS15855,0.157377772748789,5.34561651090368,0.24952303345912,0.295700187033582
gene-OO714_RS10220,0.197969448886648,3.69777708825027,0.250022805425,0.296193683493483
gene-OO714_RS02015,0.121851597301809,10.6974187279769,0.25354903467324,0.300270999409762
gene-OO714_RS17820,-0.119134816441104,9.47330910741507,0.253675777184602,0.300321023355787
gene-OO714_RS14930,0.154173005805336,5.70386438106131,0.254070181518443,0.300687787251597
gene-OO714_RS15670,-0.140815939742819,8.42970907997213,0.254354301291789,0.300923830489687
gene-OO714_RS09680,0.151957593076346,8.41595079034873,0.254880849023686,0.301446435084918
gene-OO714_RS13675,0.125544655350591,8.94464436135703,0.255290089189417,0.301829998995072
gene-OO714_RS02605,-0.126972777515991,6.07312831743826,0.256590731303555,0.30326686366905
gene-OO714_RS10165,-0.106812254718265,5.51624248888824,0.258373760043853,0.305272720477345
gene-OO714_RS15815,0.330168478918305,2.35062049136004,0.25858444347684,0.30542011037444
gene-OO714_RS01940,-0.151947983382142,6.56824501023681,0.258717521582475,0.305475771330271
gene-OO714_RS05560,-0.952737649739951,7.62151516227757,0.259759483026126,0.306530081494543
gene-OO714_RS11880,0.429817424016639,3.46766859509337,0.259782950326833,0.306530081494543
gene-OO714_RS09850,0.224591288706105,3.14749447030149,0.259959202713507,0.306636245085896
gene-OO714_RS02105,0.208344476595763,11.3496952912279,0.260169858923616,0.306782905976951
gene-OO714_RS07060,-0.117428999455101,7.18445880616906,0.260388148958716,0.306938468125797
gene-OO714_RS04430,0.115360074433052,6.67094338871982,0.261013571915836,0.307499736172609
gene-OO714_RS05080,0.610461243805386,8.70385187896595,0.261037339345177,0.307499736172609
gene-OO714_RS17175,0.137330160608346,6.60959721939244,0.262674596835963,0.309325883749175
gene-OO714_RS15180,0.121709704819873,8.38378549639695,0.262884641597309,0.309470691035719
gene-OO714_RS00920,0.117629180886555,10.6546149622251,0.264707118091295,0.311512946257107
gene-OO714_RS06950,-0.117472743406872,6.37032297799486,0.264799185301451,0.311518141198728
gene-OO714_RS15595,-0.11828063499918,8.95465557723248,0.264922351415187,0.311559906330104
gene-OO714_RS10565,0.242155175018708,3.36156087100482,0.265524833510533,0.312105719753847
gene-OO714_RS02135,-0.161625817073328,10.3045642926818,0.265562098068552,0.312105719753847
gene-OO714_RS15275,0.106999316218911,7.19315705800906,0.265765117891729,0.312241067433786
gene-OO714_RS17555,-0.12466032612517,6.45108853443221,0.268645321682873,0.315520645492706
gene-OO714_RS08530,0.404155437668108,1.48988162128191,0.270016911471472,0.317026793316687
gene-OO714_RS10825,0.110627604772744,5.81619489566609,0.270754782083417,0.317788142511382
gene-OO714_RS18290,-0.100078697090547,6.54543700720773,0.27119772542108,0.318202943594097
gene-OO714_RS17890,-0.272109305471532,3.70332061554275,0.271442949203689,0.318385558240894
gene-OO714_RS11730,0.280602852763711,2.30553508783983,0.273207161673747,0.320349143051302
gene-OO714_RS12870,0.417715515727111,1.97198750739672,0.274067713754637,0.321252194816615
gene-OO714_RS11170,-0.182306056016064,5.13829511242292,0.276580791237015,0.324091042550726
gene-OO714_RS06070,0.209811937861615,3.92110371700893,0.277512699531396,0.325075851725307
gene-OO714_RS01000,-0.184169522644071,3.88331897551831,0.278245113376511,0.32578451085394
gene-OO714_RS13955,-0.11065461343803,7.62059281246653,0.278301005895488,0.32578451085394
gene-OO714_RS09865,0.206048427955625,4.43951991283329,0.279625956165298,0.327227740603052
gene-OO714_RS14480,0.160787610190388,5.9263354090178,0.281854964031603,0.329727630733481
gene-OO714_RS05120,-0.359574003342357,4.59071245136403,0.283553647539623,0.331605680604087
gene-OO714_RS12300,-0.16186270933406,4.70635020092114,0.285612447442171,0.333903499411011
gene-OO714_RS09200,0.113917277008907,5.24820007374359,0.286974242777345,0.335385221581942
gene-OO714_RS08315,0.131313487537119,5.29123542602803,0.289415556334343,0.338127181858072
gene-OO714_RS04570,-0.104229934952366,8.09710361632317,0.29138990970167,0.340219081030337
gene-OO714_RS15840,-0.153126699845873,6.47899723541281,0.291397547173986,0.340219081030337
gene-OO714_RS11810,-0.155010676662551,4.29715974080513,0.292353940224386,0.341223613647773
gene-OO714_RS09495,0.1485142583496,5.55661775862078,0.293144850707536,0.342034405585878
gene-OO714_RS05275,-0.144659094735524,5.1766505053849,0.293359948190389,0.342173040980848
gene-OO714_RS09780,-0.135588403130446,7.17100825213471,0.293938998421489,0.34265846337391
gene-OO714_RS07925,-0.142720751610666,5.34731119721588,0.293968951836537,0.34265846337391
gene-OO714_RS06715,0.131017117409592,4.75322666289557,0.295144273764952,0.343915655396931
gene-OO714_RS10700,0.136811284409421,6.37465073870976,0.295809520273928,0.344577854819253
gene-OO714_RS10495,0.141372862141355,5.35918060213563,0.297391837747072,0.346307533208746
gene-OO714_RS11535,0.384701094932494,1.23781754660018,0.299503760125887,0.348652592036489
gene-OO714_RS17745,-0.104401584385566,8.85445530505621,0.301140945933089,0.35028652006244
gene-OO714_RS17505,-0.167234398593771,4.9628514726029,0.301153648445505,0.35028652006244
gene-OO714_RS15940,0.184856250820329,5.10786758385967,0.301203040323809,0.35028652006244
gene-OO714_RS13785,0.14769397355691,7.44006257289185,0.302776530870799,0.35200124001139
gene-OO714_RS11125,-0.256070809911433,7.14225592183941,0.303350239148987,0.352552894027305
gene-OO714_RS07995,0.125838151452125,6.07832446834152,0.309245291821985,0.359286618873924
gene-OO714_RS04445,-0.102700439568046,7.63885482313109,0.311347570494113,0.361610871090222
gene-OO714_RS06085,0.181738764531688,4.60850958934169,0.312144321444298,0.362417810654373
gene-OO714_RS06495,-0.115428855239924,6.48685045066174,0.312362438329552,0.362552614573229
gene-OO714_RS03420,-0.0951369711448071,7.49041757632233,0.312685447066867,0.36280903652486
gene-OO714_RS13965,-0.0959675261759942,5.72255725995837,0.31335380382658,0.363465867754459
gene-OO714_RS16570,-0.0942137098121907,6.90680337551023,0.313662322413543,0.363705022465818
gene-OO714_RS18355,-0.13932094253047,5.46344899551233,0.314525731323192,0.364587230633603
gene-OO714_RS07320,-0.102151687254343,7.04317832168926,0.317843096669939,0.368312476545472
gene-OO714_RS03915,-0.138006523469604,12.5733875808624,0.318104101589599,0.368494777395514
gene-OO714_RS01345,-0.102112371817185,6.30468478608949,0.318744200441748,0.369115962323224
gene-OO714_RS07975,-0.24877926339384,3.91527691416308,0.319118653927045,0.369429216956586
gene-OO714_RS00805,-0.109105402411671,8.15672138603607,0.320926829400702,0.371401482152424
gene-OO714_RS00740,0.135226892902084,8.29852583488477,0.321916370334301,0.37242507843824
gene-OO714_RS09920,-0.180226106915416,6.01055469627923,0.322020896466154,0.37242507843824
gene-OO714_RS04270,0.209441002572714,5.90676821154713,0.322197358099013,0.37250794101623
gene-OO714_RS00845,-0.0921003761978772,5.7316938906688,0.323083582420206,0.373411073795581
gene-OO714_RS07015,0.188995145499139,3.45536802490959,0.323244813711128,0.373475964866499
gene-OO714_RS17005,0.108133794891844,9.12954626696562,0.324105452626844,0.374348644340528
gene-OO714_RS16050,0.0952321251377195,6.4968346758268,0.324707106122167,0.374921720324295
gene-OO714_RS12265,0.136404213980865,6.12399700670509,0.325183861053197,0.375350257285827
gene-OO714_RS11790,0.103657896161096,6.36265205153735,0.326466021284585,0.376707870014745
gene-OO714_RS05190,0.0906518812613348,6.79208477915185,0.326823643903352,0.376998127371799
gene-OO714_RS10685,0.11349607755116,5.69992215801614,0.327323932587017,0.377452711360889
gene-OO714_RS13900,0.188396297469268,4.15387171063058,0.327984331291413,0.378091571005411
gene-OO714_RS09490,-0.100554151629667,7.07757940502895,0.328124465775924,0.378130464126989
gene-OO714_RS03770,-0.235022783889232,3.57859977882116,0.330531087433665,0.380707069788693
gene-OO714_RS13690,-0.125359398401078,5.95090830914146,0.330574568758556,0.380707069788693
gene-OO714_RS11695,0.140357632782003,5.11900900078816,0.332502331280234,0.38280313747002
gene-OO714_RS07750,0.178959953274051,3.91462129514139,0.333566509474434,0.383903942575175
gene-OO714_RS14140,-0.140662478642073,12.802677333592,0.334001802340312,0.384199652800782
gene-OO714_RS03600,0.0933793186281046,7.98988962838041,0.334039653110415,0.384199652800782
gene-OO714_RS01610,0.161970251721846,9.69502230833595,0.334931352789082,0.385100623685667
gene-OO714_RS10855,-0.223552874644702,4.31116048757392,0.336257745037006,0.386500655194541
gene-OO714_RS02345,0.122587591304522,8.36115960061698,0.336527296554049,0.38668542255192
gene-OO714_RS10000,0.186406244116498,3.3242814488526,0.33828655497521,0.388581259334808
gene-OO714_RS05515,0.101194945561703,6.117111799427,0.341245910142549,0.391853946574029
gene-OO714_RS08105,-0.122655466703664,4.50093444404616,0.34275931479878,0.393464665631416
gene-OO714_RS03680,0.204340572482638,9.06684352497733,0.342889154532284,0.393486617761621
gene-OO714_RS09130,-0.165153416324984,6.55558191662277,0.344755315375962,0.3955004489497
gene-OO714_RS03990,-0.179898374622154,4.4346917158185,0.345297890848561,0.395995064238718
gene-OO714_RS15990,0.0977633026407606,6.34926364244248,0.34680033924245,0.397589808279893
gene-OO714_RS11510,0.133401581474419,4.68460323403667,0.347397429524538,0.398145909232573
gene-OO714_RS03670,-0.25659394000323,10.4123708268447,0.347730318620497,0.398398953055205
gene-OO714_RS08030,-0.121920902454118,5.07306076338312,0.34957700914276,0.400385655975949
gene-OO714_RS15150,-0.0957741897734058,8.21987760711908,0.350372297508955,0.401114616388682
gene-OO714_RS15705,-0.116225923311689,7.51416869379491,0.350439190739127,0.401114616388682
gene-OO714_RS01040,0.159605410648457,5.66852397422149,0.350736811693103,0.401326023424754
gene-OO714_RS12940,-0.137539807299251,4.56266332971907,0.352936350837188,0.403712839032947
gene-OO714_RS14360,-0.479665957377187,8.11935668268373,0.354202707435036,0.405031023881634
gene-OO714_RS07530,0.108914163210302,5.14800965276429,0.355362878834384,0.406189238481694
gene-OO714_RS07930,0.126894216570233,5.07359000948374,0.355444156352861,0.406189238481694
gene-OO714_RS04750,-0.151228454265806,5.72010573194373,0.355658682813996,0.40630374757986
gene-OO714_RS15410,0.104169839276769,7.14446758919579,0.35645231742962,0.407079542463005
gene-OO714_RS12390,0.173936925248254,5.86217965909777,0.360331756353292,0.411377790581304
gene-OO714_RS15130,-0.148627540564568,4.21953581665496,0.362532724944005,0.413757644332368
gene-OO714_RS14670,-0.114067656942076,8.56277995218143,0.363287533693853,0.414486001524222
gene-OO714_RS00155,-0.100106380665879,9.18608738100174,0.365828065786096,0.417250624455644
gene-OO714_RS12805,0.247954399377149,2.37195985073641,0.367478087239248,0.418998114227875
gene-OO714_RS12800,0.353902756291516,1.41906240599044,0.368924605041895,0.420512522873283
gene-OO714_RS00605,-0.09710615924376,6.51901192838148,0.369252309286848,0.42075110843394
gene-OO714_RS08675,0.130703623477017,4.494906448733,0.370282973902314,0.421790285015649
gene-OO714_RS08055,0.126986786183676,4.94991514100766,0.370808429161484,0.422253494790104
gene-OO714_RS06155,0.100283589459119,5.99637222562369,0.371104625771395,0.422455426006258
gene-OO714_RS14650,0.171808834810418,9.99564721750259,0.371452609372239,0.422716161930495
gene-OO714_RS11930,0.122438903659684,5.32574822112341,0.371881608149499,0.423068897363419
gene-OO714_RS08685,0.116390761237931,5.58361990464036,0.372064845962471,0.423141908016199
gene-OO714_RS17665,-0.158517874597363,5.06182043373792,0.372252421008708,0.423153331703893
gene-OO714_RS17360,0.0848049979559065,8.90392222384811,0.37242610060668,0.423153331703893
gene-OO714_RS00655,-0.0908697569928318,8.34650261045736,0.372432082602639,0.423153331703893
gene-OO714_RS15310,0.0965995918619957,9.39074756873659,0.372884234277208,0.42353166143215
gene-OO714_RS08185,0.0948511189343737,6.37232673856166,0.373117782752092,0.423661533514676
gene-OO714_RS07595,0.1546316761593,3.58650891862804,0.374379798311571,0.424958736250184
gene-OO714_RS03620,-0.0988646260559573,7.86289238910405,0.374862524120539,0.42537082079323
gene-OO714_RS01480,0.0941627021600455,8.45914138974158,0.376580177901978,0.42718351492615
gene-OO714_RS15985,-0.0850536481951499,8.01316300235673,0.378166653232792,0.428846294061692
gene-OO714_RS09485,0.107814301681645,5.12391873847704,0.381397392822213,0.432372036392391
gene-OO714_RS18175,-0.0934760621608151,5.76153174292874,0.381673340754227,0.432546891913432
gene-OO714_RS15795,0.169297805081285,4.89014212340313,0.386224452282643,0.437565095126718
gene-OO714_RS18115,-0.0952244311898358,8.11122129514206,0.387338651511601,0.438687561335956
gene-OO714_RS10460,-0.117638695018872,4.22236349407779,0.388193244445055,0.439515384121607
gene-OO714_RS12760,0.240059090808418,3.17786380268456,0.388616090562791,0.439854008235719
gene-OO714_RS08390,0.160604498562578,7.66278535630823,0.389475388020622,0.440686255659118
gene-OO714_RS13275,0.10294961939448,7.26067945686954,0.390000535544222,0.44114000742335
gene-OO714_RS09475,0.103539969263609,5.97738145987939,0.39048943092384,0.441552477729343
gene-OO714_RS05090,-0.599961631427237,8.85619933466297,0.391461642463962,0.442511029680954
gene-OO714_RS14025,0.247359254031467,4.94137361442896,0.394463640575764,0.445762727696746
gene-OO714_RS08680,0.301949274132153,1.80028739180667,0.394679743614515,0.445865164909722
gene-OO714_RS15825,0.0885564830759935,5.14111467426461,0.394840221446634,0.445904717833282
gene-OO714_RS05830,0.3186972644038,3.04207505115461,0.395437892472944,0.446437823967231
gene-OO714_RS08335,0.122499320772899,5.13775834319839,0.395948349035655,0.446872160200927
gene-OO714_RS08475,-0.419787088346394,6.9633036818493,0.397360366744792,0.448312303392796
gene-OO714_RS06590,-0.117535923489019,6.35252241200128,0.397476665163393,0.448312303392796
gene-OO714_RS17080,0.134822407537577,4.88588467647532,0.39993841525345,0.450945789280064
gene-OO714_RS18130,-0.0780108119338794,7.25383037032595,0.400652725238985,0.451607924357549
gene-OO714_RS11120,-0.226546638539342,7.39523171211364,0.402097161454283,0.453092362653305
gene-OO714_RS00230,0.125240978120883,8.11754075133288,0.403795451244473,0.454861817344805
gene-OO714_RS13130,-0.227314122471464,4.47202675041531,0.404214751100518,0.45518986863474
gene-OO714_RS17335,0.0824110987996325,6.51119403093022,0.405985915622261,0.457039576851921
gene-OO714_RS15005,-0.0936966402988923,8.16180438237227,0.40717429447405,0.458232249069276
gene-OO714_RS07385,-0.124750567402988,4.92462765001348,0.409001464552299,0.46014283159825
gene-OO714_RS15780,-0.0769492262461222,6.84060595548504,0.409842670674524,0.460943307461158
gene-OO714_RS16090,-0.207206924219111,4.21918533244119,0.410163046839528,0.461157693283037
gene-OO714_RS06990,-0.102523248739116,6.67348734584519,0.411339103183918,0.462333704211146
gene-OO714_RS00750,0.121049767051427,7.64996366598421,0.411811371716736,0.462718183712071
gene-OO714_RS13875,0.153843026168871,3.51057181775186,0.412596764469867,0.463454140621336
gene-OO714_RS12910,0.310811751197992,2.67943092247806,0.413127733774511,0.463903938652326
gene-OO714_RS02960,-0.0911213918389047,6.79432622500812,0.413504438240722,0.464113102049953
gene-OO714_RS15135,-0.0793002380823492,7.78823687884023,0.41369919572724,0.464113102049953
gene-OO714_RS08080,0.141364294695085,4.13283163083734,0.413705770200971,0.464113102049953
gene-OO714_RS12725,0.0862638838489983,8.39886469857455,0.414111788069405,0.464421992678658
gene-OO714_RS17265,-0.0862509864792557,6.89490292010579,0.417855182699841,0.468472340477992
gene-OO714_RS03490,-0.12911801840585,5.82199196337307,0.419059746884602,0.469674657971578
gene-OO714_RS00815,0.107616332375512,9.01043105399956,0.419931390136882,0.470503203198764
gene-OO714_RS10245,-0.0836329501025822,5.42364232665233,0.424842281108857,0.475855489146195
gene-OO714_RS11750,-0.0842257294328621,9.85836425165523,0.42619080619039,0.477201649689731
gene-OO714_RS18430,-0.153981082062414,7.62126793347335,0.426312672415559,0.477201649689731
gene-OO714_RS16095,0.0866282884949752,6.16851737802695,0.426813364559182,0.477611680618177
gene-OO714_RS03075,0.0868994769286466,5.41616499297906,0.427228586074053,0.477925840386271
gene-OO714_RS00875,0.0888319557320847,7.68516319148853,0.427369959849955,0.477933554847936
gene-OO714_RS01785,0.196282246269259,3.59209234588391,0.427706900731857,0.47815990097547
gene-OO714_RS05375,0.111608064654254,6.04037618398706,0.428677611422615,0.479094412262885
gene-OO714_RS02850,-0.0719627867782847,6.32831821212653,0.429916517141003,0.480327979226383
gene-OO714_RS03755,0.150856339624551,5.50617267291507,0.431585869725305,0.482041540227446
gene-OO714_RS06555,0.0943114753429412,5.38236501090405,0.434013645356636,0.484600846873227
gene-OO714_RS12030,0.263911295502009,2.23806797346628,0.43748838799,0.488327176795371
gene-OO714_RS06635,0.117950156714413,4.47653223880494,0.438132217343376,0.488892276432766
gene-OO714_RS11705,0.0981313286903899,6.98016620543194,0.439681476765064,0.490467033403339
gene-OO714_RS16625,-0.158580425703359,4.67565348524015,0.440036146927997,0.490708649570788
gene-OO714_RS01945,0.0893763110191116,5.94906955786049,0.441708957911339,0.492328746832074
gene-OO714_RS04385,-0.122283617296545,9.13843548853874,0.441766002714542,0.492328746832074
gene-OO714_RS00205,-0.101471415444632,5.04621221936552,0.442910212654673,0.493449183628435
gene-OO714_RS05200,-0.0783853040958396,7.10097621671348,0.444470200176928,0.49503199355337
gene-OO714_RS10640,-0.10307196536069,4.72101956772064,0.444986507718103,0.495451769558314
gene-OO714_RS09935,0.0969852648475498,6.83231727504666,0.445332165191876,0.49568133889506
gene-OO714_RS11395,0.116191100102863,3.67431923309166,0.448432360681973,0.498975770151451
gene-OO714_RS07150,0.0778537852449022,8.03415846408477,0.449084067414341,0.499544530701273
gene-OO714_RS06420,0.0741773713866067,9.87749452170572,0.449688274996236,0.500060115562147
gene-OO714_RS15800,0.356656312450891,1.20386078215904,0.451675404202122,0.50211272647305
gene-OO714_RS05205,-0.067284863517449,7.48084570454246,0.452369557891462,0.502727144698641
gene-OO714_RS13895,-0.206648569820172,2.29048154956055,0.453225935656412,0.503521405227537
gene-OO714_RS09240,0.318118786212821,1.8532209768115,0.45461785626645,0.504909956615926
gene-OO714_RS04980,-0.113732339027549,6.43612704972205,0.455334490169044,0.50554788443011
gene-OO714_RS01085,0.0952447465417471,7.15417462480222,0.456592812727345,0.506786650978446
gene-OO714_RS04380,-0.0837012323612999,6.76042263200165,0.457940641493902,0.508123958747839
gene-OO714_RS05675,-0.14547223694969,3.2168868797832,0.461552296133534,0.511971554450244
gene-OO714_RS06520,0.168687782653702,5.9633838424319,0.462857966572089,0.513259660903964
gene-OO714_RS14955,0.0732493379462093,7.57114210102821,0.463083556723271,0.513349644602153
gene-OO714_RS14415,-0.12920504664795,6.60694129625387,0.464832297662248,0.515127529121182
gene-OO714_RS04895,-0.0776317645575487,6.67606393980983,0.46531945958699,0.515506658158405
gene-OO714_RS11135,-0.319183176878802,6.83698401412346,0.474603193105546,0.525627843034313
gene-OO714_RS09875,0.0759676380342677,5.63419133103978,0.476358381394984,0.527305132085177
gene-OO714_RS14370,0.0708651630219548,8.89190419354817,0.476414400429235,0.527305132085177
gene-OO714_RS02485,0.0667483468673093,7.75914227240679,0.47935639836216,0.530396214127994
gene-OO714_RS15360,-0.0644152266128851,6.31342416218765,0.479885541232657,0.530816437454361
gene-OO714_RS17475,0.0644525829593319,6.80454605193657,0.480376659577247,0.531194352251878
gene-OO714_RS07020,0.169818312370452,2.86666641001271,0.481414474873617,0.532176374401503
gene-OO714_RS01875,0.100956417045408,8.65061240854633,0.481984052545098,0.532640336674527
gene-OO714_RS14225,-0.0974681267255988,5.38611011298843,0.483011998594712,0.533610395712032
gene-OO714_RS04460,-0.0688280689677254,9.16088369285184,0.486620131729517,0.537429443184184
gene-OO714_RS12780,0.275342438427664,2.06974818993169,0.488233228161352,0.539043458491905
gene-OO714_RS05720,-0.0678876210755277,8.82182909183821,0.489211367584373,0.539955652296541
gene-OO714_RS10610,0.219991863991061,2.03465110231223,0.489524351190024,0.540133357382597
gene-OO714_RS02335,0.0747757962601221,5.50947860196068,0.489758687999109,0.540224201473878
gene-OO714_RS03795,-0.0807518497293794,10.0094710111136,0.491668859781236,0.542162931325633
gene-OO714_RS16345,-0.0691216738368637,7.045325077848,0.49802328981812,0.548999619110918
gene-OO714_RS11825,-0.0923989785743484,7.42870911103681,0.49880577981225,0.549691702776043
gene-OO714_RS04320,0.0642552918976605,7.91004115194539,0.500968026494368,0.551882920142218
gene-OO714_RS01190,0.100772897597917,5.257735223017,0.501104722368862,0.551882920142218
gene-OO714_RS12755,-0.0715957617586083,7.32433748784624,0.50144790734622,0.552089796378088
gene-OO714_RS16975,0.0927063953827417,7.99302432686294,0.505770564909618,0.55667655239665
gene-OO714_RS08155,0.131059934102333,5.70473206930243,0.507410545068672,0.558308692623548
gene-OO714_RS15165,-0.0677790155266559,7.77979122333317,0.508231832072553,0.559039285418092
gene-OO714_RS02440,-0.110122779076908,4.80759775232577,0.509688305930045,0.560467895815403
gene-OO714_RS12905,0.220984867500919,4.03743121305311,0.510297790028223,0.560964536269813
gene-OO714_RS13380,0.0799508757576317,4.86857267238704,0.510786580406269,0.561244655033593
gene-OO714_RS05050,0.438607309400404,7.7030267675697,0.510868446548585,0.561244655033593
gene-OO714_RS13285,-0.0682048431344959,6.63983783170921,0.512354473497702,0.562703275281469
gene-OO714_RS01230,0.0826170503924697,5.21941890101363,0.512841236325531,0.563063872073197
gene-OO714_RS05625,0.0707452352215649,8.34727292605383,0.514339211885689,0.56453414423772
gene-OO714_RS10625,0.108824913647641,4.27948922261642,0.51541399737303,0.565539162291988
gene-OO714_RS08935,-0.357363372130959,2.96585376002083,0.517102922868487,0.567217218479816
gene-OO714_RS01305,0.0876126547818805,6.40630729947586,0.518218822281359,0.568265872998442
gene-OO714_RS01890,0.0877756620490991,9.427648881968,0.518730481926922,0.568651490674978
gene-OO714_RS05015,0.126614371306894,7.3377246316148,0.520282440795412,0.570176933267621
gene-OO714_RS11575,0.0663179457904612,8.65019461648968,0.520688632790544,0.570446177847593
gene-OO714_RS00565,-0.0781011276542316,6.63052130137872,0.524201132921928,0.574010271154819
gene-OO714_RS06710,0.274326961894252,7.03916526024996,0.524264867802066,0.574010271154819
gene-OO714_RS02260,0.0615778294353999,5.81206433956371,0.526225033613136,0.575849581618599
gene-OO714_RS03775,0.130744355319975,4.7708003715849,0.526268835424088,0.575849581618599
gene-OO714_RS02040,0.0861241195714857,9.66876404453316,0.526568585479467,0.576000231700223
gene-OO714_RS11820,0.0704612051908969,5.85281547958696,0.527689111336006,0.577048338980974
gene-OO714_RS09165,0.0671490455341886,6.9327628720133,0.528813319088617,0.578099826527513
gene-OO714_RS12935,-0.101064804260022,4.45921597795592,0.529013371231253,0.578140689223823
gene-OO714_RS08510,-0.169367612641558,1.92995573217394,0.530013535720725,0.579055673517201
gene-OO714_RS10600,0.0867934124581328,4.49113181144643,0.530605254364228,0.579523993242307
gene-OO714_RS06245,-0.162369592512731,11.0915416150636,0.532322983327645,0.581221469353749
gene-OO714_RS10330,0.184707242884851,1.80210029451082,0.535098609663706,0.584072622464622
gene-OO714_RS02130,0.0948857506041947,10.7462991568518,0.537833246555073,0.586877297591873
gene-OO714_RS08595,-0.0723397391855336,5.71940005877599,0.538551809935145,0.587481010592236
gene-OO714_RS10635,0.0782092457174966,5.69536846033717,0.538734115958296,0.587499554500087
gene-OO714_RS12040,-0.229408426890328,1.94917644470564,0.539945106671173,0.588639542671579
gene-OO714_RS07780,-0.0765577803807179,5.11235665133418,0.540247282126252,0.58878835960647
gene-OO714_RS09175,-0.15808404459802,5.55257975682759,0.542219341668919,0.590756450119968
gene-OO714_RS13050,0.115229385494841,3.15012523165435,0.544494952193915,0.592994745937052
gene-OO714_RS03465,0.080984186099252,6.49018915720722,0.544607442526319,0.592994745937052
gene-OO714_RS08135,-0.0698823363618889,6.02192370947354,0.545362338035877,0.593634839013631
gene-OO714_RS13280,-0.0926343044175347,7.62350204178197,0.546315043613437,0.594489793325828
gene-OO714_RS06415,-0.0556339935005309,9.33942501782631,0.546784855913831,0.594818909677917
gene-OO714_RS17425,-0.0623364328029351,6.71828128061549,0.54958782001327,0.597575922003047
gene-OO714_RS13205,-0.062456304062441,8.06874632130533,0.549655511825537,0.597575922003047
gene-OO714_RS11885,0.252840282751634,1.1998154149901,0.551174527449824,0.599044119436292
gene-OO714_RS01070,0.0902335560812985,6.71811818284633,0.55288914522286,0.600723944396834
gene-OO714_RS06110,0.10413165621145,7.11619271894342,0.553783277952971,0.601511543351118
gene-OO714_RS08235,0.104444327586529,3.61873326198129,0.557520642912959,0.605385996001422
gene-OO714_RS09870,-0.0740587686731802,5.20897644266505,0.558000993215986,0.605722519819674
gene-OO714_RS00820,-0.0742101373279805,6.99513412951873,0.559250796709533,0.606714676208351
gene-OO714_RS10995,-0.176593440124767,6.92567810809849,0.559256409470613,0.606714676208351
gene-OO714_RS18385,0.10179005413565,7.19144392462262,0.559678451608664,0.6069872496238
gene-OO714_RS15820,-0.193152462081928,3.93012269035508,0.562106232247738,0.609434273767071
gene-OO714_RS09195,0.0814782132426713,7.49190463960302,0.563017071888729,0.610235643029138
gene-OO714_RS16425,-0.0541041521582891,7.94739335103248,0.563878573611782,0.610983064212278
gene-OO714_RS15540,-0.103040795147213,8.87165636886257,0.564509759114826,0.611480549800089
gene-OO714_RS15355,0.0612906890741308,6.95853247191968,0.564834882287668,0.611646304585732
gene-OO714_RS06015,0.0765228959962536,4.91958073414518,0.565630621394873,0.612321422003465
gene-OO714_RS03380,0.0660278100806276,5.98855669591164,0.566155448126286,0.612702942338862
gene-OO714_RS08535,0.124282735071789,3.27495883707473,0.567665415881431,0.614150042022102
gene-OO714_RS08240,0.089272764896573,3.83625966294966,0.569416245922012,0.615856767500557
gene-OO714_RS10745,0.0994747493037678,4.44985310729386,0.57404848574711,0.620677918571716
gene-OO714_RS17695,0.0747630501160888,8.49991315671769,0.575821989182508,0.622406128210046
gene-OO714_RS13440,0.0631135146363922,5.94165297718883,0.578477514440199,0.625086374679376
gene-OO714_RS08625,-0.0714598411807526,6.4364398672333,0.579114301124844,0.625584263281974
gene-OO714_RS10665,0.0750478492841324,4.07902952797706,0.582028709800547,0.628541487277771
gene-OO714_RS15335,0.0527509592891026,8.85082464866433,0.582285269804323,0.628627536113172
gene-OO714_RS04760,-0.0705337142652963,5.9079092097241,0.584161048464154,0.630461089049985
gene-OO714_RS07515,0.0634682113487316,6.20863414137322,0.585572759608819,0.63179283170909
gene-OO714_RS13525,-0.0792071393278242,4.46922561337662,0.586937045317827,0.63307261276466
gene-OO714_RS16925,0.0644456623703608,6.14021781655334,0.587724536428716,0.63372967307878
gene-OO714_RS12270,0.0589640828197707,6.79009081706134,0.588119283419111,0.633962976424483
gene-OO714_RS09810,-0.0840997779229339,6.78303964424619,0.589777820037178,0.635558026807801
gene-OO714_RS02285,-0.0555429446326092,6.30118235798808,0.59103401613511,0.636718670307421
gene-OO714_RS13395,0.0506314021755277,6.80718739298579,0.595364582467673,0.6411896139667
gene-OO714_RS02685,-0.0725258445174147,8.93467001733266,0.59643485293342,0.642147672622046
gene-OO714_RS00520,0.0523068707752802,7.43615465672606,0.59974964561838,0.64552096926945
gene-OO714_RS04850,-0.0588928308114247,5.78418254301786,0.600084418534081,0.645685747341848
gene-OO714_RS09840,0.0960139654720819,4.41222390190495,0.600725594142829,0.64618001258584
gene-OO714_RS10085,0.187158030216602,6.96011990082921,0.601024462247278,0.646305881642005
gene-OO714_RS01745,-0.0670837445635749,7.99223254811388,0.603198197049827,0.648354295049492
gene-OO714_RS11875,0.194469580057851,2.93911258716451,0.603294218831927,0.648354295049492
gene-OO714_RS01935,0.106400946748796,7.46682278895079,0.603558213022898,0.648441925357733
gene-OO714_RS13545,0.117026889773383,3.49967236205531,0.605137737086215,0.64994243505724
gene-OO714_RS06585,-0.0523992984184159,7.20449217612916,0.605791052225031,0.650447552751589
gene-OO714_RS13590,0.1803136718468,2.50216771172859,0.606455166124017,0.650963956630853
gene-OO714_RS14645,-0.0870144638742051,9.82553889190004,0.607809262209067,0.652220446223135
gene-OO714_RS16150,-0.0532617572146003,7.5494853578593,0.610097719771306,0.654478507717241
gene-OO714_RS00885,-0.056178303915324,8.52091987573187,0.610325918577087,0.654525743700352
gene-OO714_RS03065,0.0465124145984838,7.98749081676329,0.611101383008979,0.655159672764378
gene-OO714_RS12105,0.0812112294762882,5.10892337440373,0.611772222464269,0.655681085234623
gene-OO714_RS18340,0.0689571302995097,6.31400304043168,0.612398803739942,0.656154762885667
gene-OO714_RS05095,-0.35540452019729,8.6399590135254,0.616683769228688,0.66054674980071
gene-OO714_RS11145,-0.0726546072985237,6.01587100972135,0.619785090625883,0.663668638772036
gene-OO714_RS13295,-0.0498441972085886,9.67482685285986,0.622191192138358,0.666044426764977
gene-OO714_RS11850,-0.32038979139613,1.42554415993465,0.622484917202908,0.666158204076825
gene-OO714_RS00590,-0.0644793227266291,6.20328640839133,0.62300202949641,0.666330710077999
gene-OO714_RS13000,0.198025204878488,1.42445692562414,0.623021088798309,0.666330710077999
gene-OO714_RS09015,0.323598532158319,9.05398401738632,0.624689819133117,0.667803361056708
gene-OO714_RS10615,-0.0516635511434565,5.4461650026985,0.624773825411805,0.667803361056708
gene-OO714_RS12065,-0.0511361237158255,5.7002940349195,0.626473859551504,0.669419151186424
gene-OO714_RS11690,0.0531689484165697,12.8732900268801,0.628787337473764,0.671689268825295
gene-OO714_RS12510,0.0582807286777213,5.55445171355341,0.629014924107365,0.671730480852637
gene-OO714_RS17525,0.0615054235906021,5.39360391168565,0.630403254555966,0.673010864130942
gene-OO714_RS16250,0.0528723666105942,7.52569213177269,0.630894643317281,0.673333201906792
gene-OO714_RS16300,-0.098381049833759,8.62640164027333,0.631285401184624,0.673547978327875
gene-OO714_RS02050,-0.0660497976536617,11.4741953763449,0.639417874999037,0.682020146382526
gene-OO714_RS18305,0.0532328225376635,13.2496495953157,0.640489956966202,0.682958687986163
gene-OO714_RS10160,0.0646053206039637,4.52015925538558,0.641471258111993,0.683799895419923
gene-OO714_RS12070,-0.0421675743079669,6.34832060933305,0.643606231226016,0.685870028718819
gene-OO714_RS10255,-0.0545236303031505,5.27532717257796,0.64559836820786,0.687786750782595
gene-OO714_RS01180,0.204394257222036,7.89427777290921,0.648411512348423,0.690576720073808
gene-OO714_RS06870,0.0415628567732286,7.01721648449834,0.651586206428593,0.693749963345483
gene-OO714_RS17805,0.0441774057978092,9.31458744961552,0.652479765166293,0.694493287032347
gene-OO714_RS07545,-0.0564284087072877,10.3640604260695,0.65696273926461,0.699055561480965
gene-OO714_RS09545,0.104360375768096,2.7769433766832,0.660072932997039,0.70206540396643
gene-OO714_RS07095,0.0549262589359867,6.31800766535083,0.660186432204786,0.70206540396643
gene-OO714_RS10370,0.101850365146935,2.90731600415433,0.660437062834529,0.702121843049332
gene-OO714_RS17375,-0.0455357116053128,7.80101443779666,0.661919966180338,0.703487906640228
gene-OO714_RS14655,0.0675411936103913,9.91595893356376,0.662189187488986,0.703563638964381
gene-OO714_RS09245,-0.0399897536903113,7.39337155977974,0.666202202179786,0.707615847742666
gene-OO714_RS00240,-0.0601958184351288,4.08563404325428,0.667786007041447,0.709086187339499
gene-OO714_RS09075,0.0502560825221365,6.05846787609095,0.668580164624628,0.709717414897231
gene-OO714_RS15015,0.0436145509790622,7.02932025190525,0.670332377445789,0.711364965494874
gene-OO714_RS16350,-0.0458361068675941,10.4535013300022,0.67124026858495,0.712115795388332
gene-OO714_RS09135,-0.0404536733619257,9.07707737127379,0.672671463302973,0.713421181909509
gene-OO714_RS15685,-0.0899264528031872,7.35890989294609,0.676160214300561,0.716907339386693
gene-OO714_RS02265,0.0429791453561306,6.84767612179031,0.67721009396664,0.717806344753188
gene-OO714_RS00105,0.0457086680496635,6.58651459362594,0.678141896050847,0.718579695457576
gene-OO714_RS01125,-0.102560371262173,5.66370018013008,0.680796264642307,0.721128255860788
gene-OO714_RS06350,-0.0434654368039662,6.42263439250054,0.680952849372201,0.721128255860788
gene-OO714_RS16860,0.0488593530089131,5.26003463478055,0.681997519646882,0.722019417582669
gene-OO714_RS14785,0.10109120422036,3.2459061720788,0.682391650095357,0.722221537950834
gene-OO714_RS10930,0.0392664342948513,6.28332157172034,0.687651834614079,0.727477566035536
gene-OO714_RS04480,-0.0457877443077406,9.86182112836553,0.68776719805273,0.727477566035536
gene-OO714_RS08040,-0.0626225442203488,5.32364843493121,0.688084842909252,0.727597004373544
gene-OO714_RS06650,0.0441562402504519,4.70990849598523,0.692427991873986,0.731971767733535
gene-OO714_RS03250,0.0651508374673283,5.43246403314421,0.695357693072239,0.734850205524453
gene-OO714_RS03410,-0.0400824949365955,8.76241881460388,0.703364380438788,0.743090668275699
gene-OO714_RS10955,0.0526210937668954,5.26221640582677,0.704500431345696,0.744069697771947
gene-OO714_RS07660,-0.059548253777343,4.25563837503898,0.706224306060679,0.745668800873337
gene-OO714_RS05765,0.0624185852348796,7.97814136997373,0.709026073281744,0.748404711744378
gene-OO714_RS09535,-0.0551711829878761,5.08377224627133,0.710090856890587,0.74930608829844
gene-OO714_RS14540,0.0331520059086853,7.07516139351502,0.711371873267802,0.750435036388771
gene-OO714_RS15870,0.0372915095730406,6.99504502759471,0.714624818222651,0.753642909187923
gene-OO714_RS15305,0.0447705178284595,6.18637128443364,0.715057487677001,0.753831843171766
gene-OO714_RS06480,-0.0634316461807134,5.41091291011696,0.715228186599661,0.753831843171766
gene-OO714_RS11030,-0.0505802781860785,4.40698231813909,0.715779259793619,0.7541889977191
gene-OO714_RS00440,-0.0422140450226724,7.84480599421383,0.718161699839171,0.756475009255606
gene-OO714_RS00870,0.0496935991100846,5.54932113810249,0.71854099720995,0.756650282691604
gene-OO714_RS15695,-0.0365885563732573,9.75493694987101,0.719559537423617,0.757498399290147
gene-OO714_RS18195,-0.0548608781634238,4.29780960069969,0.721608442193194,0.759430383048449
gene-OO714_RS11005,-0.0881011598676416,5.95286160640199,0.722761628490119,0.76041883589517
gene-OO714_RS05600,-0.0543647922014702,5.23273491510124,0.727100524987881,0.764757403316641
gene-OO714_RS02560,-0.0395868374257484,6.2137755501416,0.727940349032485,0.765198691535722
gene-OO714_RS05055,0.199876234578233,7.13576196885474,0.727950696702948,0.765198691535722
gene-OO714_RS02885,0.0348334415046248,8.67709029730819,0.731486415544,0.768687971863801
gene-OO714_RS00210,0.034303997117617,5.92603346735601,0.732093325610488,0.769098338521926
gene-OO714_RS10705,-0.0586439825008366,5.21157433476734,0.733169167663183,0.770000952090707
gene-OO714_RS15495,-0.0316723143691381,10.2879366585288,0.734220933032059,0.770877753617707
gene-OO714_RS00790,-0.0462040445693959,11.3482721034262,0.735229204676289,0.771537177740532
gene-OO714_RS11160,0.0799516346015831,3.59797102476266,0.735283179799432,0.771537177740532
gene-OO714_RS01020,0.034036982035113,7.09800719004686,0.738596188122009,0.774784785296818
gene-OO714_RS04855,0.106427494849432,5.70697562881496,0.741600636029652,0.777706893021358
gene-OO714_RS12930,0.0610297359577582,3.79042898105012,0.745430846302374,0.781492987539421
gene-OO714_RS03295,0.1097393801351,6.52360475605664,0.749040570046927,0.785045764065697
gene-OO714_RS13930,0.0386873339194822,7.02645892955154,0.749705208705619,0.785510705111961
gene-OO714_RS11225,-0.0556296654638562,4.64207166278655,0.752261088775796,0.787956354114111
gene-OO714_RS11130,0.13426830038379,5.89876300530342,0.754257048746782,0.789814246094892
gene-OO714_RS01390,-0.0287335951493722,9.40238617960386,0.757520792495233,0.792998202217395
gene-OO714_RS06020,-0.076282696100706,3.43018156008521,0.760064718155292,0.795426975360396
gene-OO714_RS16720,0.042750355084666,11.4114549374078,0.762785562252518,0.79803941367249
gene-OO714_RS17015,0.0332099876060217,8.93062307656682,0.768964669378918,0.804267344017856
gene-OO714_RS15070,0.032245147299648,9.70061746307437,0.769193508341961,0.804269999602039
gene-OO714_RS06410,-0.0262258204278986,6.59767002625587,0.775776798727196,0.810914924316604
gene-OO714_RS00595,0.0281702254724104,9.18161516730977,0.777094989012969,0.81200140660286
gene-OO714_RS15210,-0.0288641762178516,9.90478221595649,0.777273152859576,0.81200140660286
gene-OO714_RS06935,0.0295950381006992,5.25327908165888,0.778931178575557,0.813494389849406
gene-OO714_RS17705,0.0454796385732919,6.80298038490397,0.780785513447282,0.815191455579212
gene-OO714_RS08245,0.0404699138119912,4.92480338732031,0.781629053018475,0.815832497629269
gene-OO714_RS17390,-0.0312534446661697,8.16135812022228,0.784072108441852,0.818142182443436
gene-OO714_RS15280,-0.0357474817427345,7.04789053365562,0.785388794282373,0.819089514875692
gene-OO714_RS10830,0.0350732917390566,4.9340370064618,0.785440930415408,0.819089514875692
gene-OO714_RS07620,0.0635564827824504,2.45087031631545,0.788553492410096,0.821959222758741
gene-OO714_RS13725,-0.029209104455666,7.64073102175352,0.788655303772455,0.821959222758741
gene-OO714_RS13185,-0.128280351575462,1.57222872786526,0.789001159694959,0.822078604970942
gene-OO714_RS18180,-0.0357763561186336,5.30737864588441,0.78969276344589,0.822558054304424
gene-OO714_RS16465,0.0275944824510525,11.5207405346107,0.790385142140992,0.823038029642275
gene-OO714_RS05280,-0.0458487732893013,8.52919994702704,0.797335014691581,0.830031822558254
gene-OO714_RS09600,0.0411706788053215,10.5139846145395,0.797736391819024,0.830206482144893
gene-OO714_RS07605,0.0907408001972204,2.24450101626237,0.798210322109323,0.830456523646526
gene-OO714_RS17690,0.036083745709498,5.9488719284935,0.801483531335195,0.833617931040469
gene-OO714_RS18405,0.0461183562213998,4.77432860857749,0.804917161645602,0.836944292711664
gene-OO714_RS03660,0.0280027273358903,7.02822510125128,0.80536616213044,0.837166229953666
gene-OO714_RS14685,-0.0312390798943774,10.0995299274877,0.812027670436012,0.843843959277657
gene-OO714_RS03875,-0.0523051799273035,7.00067406698066,0.813417802013386,0.845041469849627
gene-OO714_RS09305,0.050056591963415,7.60553598764361,0.81809793555776,0.849655190815978
gene-OO714_RS03120,-0.0234838323545305,7.64371747047943,0.819536832934701,0.850840226254797
gene-OO714_RS10090,-0.0831850153940745,6.53416366048818,0.819729261630115,0.850840226254797
gene-OO714_RS06170,-0.0272795419753357,9.3604716567791,0.820131859345507,0.850840226254797
gene-OO714_RS04125,-0.0644103750264896,2.67315263275125,0.820196571510674,0.850840226254797
gene-OO714_RS05810,-0.0214292676781611,6.3907493998636,0.822941388160171,0.853265688782151
gene-OO714_RS15485,0.036675227370701,9.51626974011926,0.823014851194489,0.853265688782151
gene-OO714_RS15460,-0.0273424870785343,8.52786169915098,0.824093382013334,0.854134698068063
gene-OO714_RS06010,-0.0392886388622921,4.29878145665669,0.825447209335541,0.855288449556418
gene-OO714_RS10095,0.0903622177617558,3.23400666609825,0.826043429013194,0.855656760918943
gene-OO714_RS05945,-0.0434594697037972,4.46526866073534,0.826318699501422,0.855692499425424
gene-OO714_RS07210,0.0257274691398615,4.9196505383912,0.838131896508762,0.867672811008488
gene-OO714_RS10295,0.0266023463048232,6.34990870797583,0.838764572365758,0.868074924341264
gene-OO714_RS11070,-0.078641504594205,1.71006602928295,0.839112026510412,0.86813876794937
gene-OO714_RS04665,-0.0290100550389938,7.21788158115606,0.839314802102992,0.86813876794937
gene-OO714_RS16825,0.0239650442437544,8.195783851873,0.841041594255877,0.869671756178466
gene-OO714_RS08505,-0.0243581082548046,5.17669699172902,0.841555183936154,0.869949716029405
gene-OO714_RS14985,-0.0205421510632935,6.92338460795773,0.842176711696763,0.870339061753503
gene-OO714_RS10765,0.0280762272998165,6.07669602522733,0.843374353565068,0.871227221897505
gene-OO714_RS04795,0.0190468367015492,5.99544372680188,0.843730569214315,0.871227221897505
gene-OO714_RS16080,0.0496952451046675,5.51350718295072,0.843771552552395,0.871227221897505
gene-OO714_RS10365,0.0739515376763582,1.75016412405287,0.852062122407861,0.879532031088451
gene-OO714_RS00940,0.0568539862574577,2.5998653349916,0.853666554811188,0.880932327467759
gene-OO714_RS12885,-0.107313301785446,1.39296968417975,0.854752354396826,0.88179676851272
gene-OO714_RS04315,-0.017472045871836,6.81992399485216,0.855348168401208,0.882116654314303
gene-OO714_RS11935,-0.0734366200477792,1.91359147817933,0.855558837203546,0.882116654314303
gene-OO714_RS07920,0.070352606059384,2.35920179552983,0.856322436987032,0.882647894736633
gene-OO714_RS02965,-0.0561614629094814,8.86561350775237,0.858335177145867,0.884465995818038
gene-OO714_RS00215,0.0390127791197826,3.64012740412015,0.858915346196877,0.884807287067739
gene-OO714_RS13405,-0.0855976406029916,9.87756518818023,0.859789700522696,0.885451346177242
gene-OO714_RS02270,-0.0170055999428495,6.5575304813032,0.862836922883768,0.888332104266776
gene-OO714_RS12440,-0.0267976170627982,7.10444464198261,0.864666144787867,0.889957566920382
gene-OO714_RS14775,-0.0320533735903869,5.61815538624123,0.865036164759011,0.890080639708606
gene-OO714_RS16605,-0.0482091886522618,3.79675057772615,0.866646400533762,0.891479394355134
gene-OO714_RS11740,-0.0172428366198801,9.07905454151831,0.867726833504239,0.892332513389487
gene-OO714_RS04095,0.0210636366410038,5.29127571809416,0.868601038799895,0.89297312464415
gene-OO714_RS09950,-0.016625321535776,6.73805296106692,0.872726806259895,0.896955196485733
gene-OO714_RS02725,0.0273437644409305,5.68728486320575,0.875211974926324,0.899024604981169
gene-OO714_RS15935,-0.0262472353703701,5.78570915517421,0.875246238951841,0.899024604981169
gene-OO714_RS10750,0.0236429880241378,5.98026971252355,0.877477982358306,0.901056558596192
gene-OO714_RS13270,0.0193599823817076,9.64860156917023,0.877759363324583,0.901085146520962
gene-OO714_RS10235,0.0164954342461422,5.80254459242916,0.888591109477502,0.911941323442981
gene-OO714_RS06320,0.0173283323167509,6.44815907680412,0.889709136636151,0.912825136144596
gene-OO714_RS06960,-0.0135630154364892,6.81481752667494,0.890865273852472,0.913747527639737
gene-OO714_RS09425,0.0140686586879468,6.09208359558729,0.89199118590987,0.914638394323046
gene-OO714_RS04395,0.0140423552661265,6.19973025241542,0.892663973323098,0.915064251857597
gene-OO714_RS14820,0.0263554685284543,3.66092544293936,0.893772480585549,0.915820122606188
gene-OO714_RS03895,0.019134375105855,5.59829154153044,0.893916715059332,0.915820122606188
gene-OO714_RS03070,-0.0229412439597975,8.01213182018705,0.89458914777467,0.916244908124259
gene-OO714_RS09395,0.014253783692443,6.7209441211102,0.896132735759499,0.917561435577431
gene-OO714_RS13325,-0.0388766392120045,3.72130978867936,0.897197409893413,0.918386980057947
gene-OO714_RS04475,0.0154225764592226,6.33114527843016,0.899112438778819,0.920082236515959
gene-OO714_RS06470,-0.0427731245941421,3.11501718066101,0.899979879921508,0.920704805193161
gene-OO714_RS12865,-0.0384755757212371,2.6134874074341,0.901929271361758,0.922324070202934
gene-OO714_RS08825,-0.0286868773391142,6.54221286240535,0.90208172988897,0.922324070202934
gene-OO714_RS09400,-0.0185976707793229,9.12435663502302,0.902974178315197,0.922971018042051
gene-OO714_RS12150,0.0135623299387063,7.46639340673731,0.905649784835164,0.925439716878716
gene-OO714_RS12325,0.0159200363334184,5.33161949026147,0.905996772387895,0.92552817736895
gene-OO714_RS01520,-0.0188352135951185,4.20512262563935,0.909606821877282,0.928949035905707
gene-OO714_RS11345,-0.0197337574262687,8.22272868364379,0.910929139087527,0.930016161362628
gene-OO714_RS06050,-0.0162670407669002,4.80930155540358,0.911175091126807,0.930016161362628
gene-OO714_RS10540,-0.0169272807564254,7.98866480075419,0.912300561227715,0.930897558025638
gene-OO714_RS14350,-0.0108311457392713,6.89856653261945,0.912793434841037,0.930957709478462
gene-OO714_RS08175,-0.0135321082065299,6.48658330004264,0.912883403920214,0.930957709478462
gene-OO714_RS01245,-0.0109518119430542,8.01331952218889,0.913316867400809,0.931132572215282
gene-OO714_RS07640,0.0321592288517993,6.13711270882309,0.916485938791356,0.934095505151844
gene-OO714_RS04470,0.0129525442884571,5.99238268882095,0.918031946418219,0.935402963752967
gene-OO714_RS01680,-0.0199337865487444,5.24821104352695,0.920153224069814,0.93729566017315
gene-OO714_RS05060,0.0374608972976513,5.49833065663468,0.920561246325167,0.937346254678375
gene-OO714_RS13995,0.0121063657787446,5.53217338967502,0.920730381283682,0.937346254678375
gene-OO714_RS11860,-0.0548575716080751,2.67606688674488,0.921809352022089,0.938175955637601
gene-OO714_RS03445,0.0104419645876066,6.29031737906187,0.924615579171704,0.940727206903874
gene-OO714_RS09265,0.0218975257345402,2.40294566086466,0.924975865740661,0.940727206903874
gene-OO714_RS04700,-0.0276639700357382,8.0771278257443,0.925110182366077,0.940727206903874
gene-OO714_RS17410,-0.0115542042738527,10.5151598161827,0.926454171093063,0.941756485030874
gene-OO714_RS17635,0.0105842755407052,6.39009583886423,0.926652343318223,0.941756485030874
gene-OO714_RS14345,-0.0109911338073696,7.54245335595521,0.927566876900275,0.94241643239096
gene-OO714_RS06965,-0.0185075999070441,4.6559623731622,0.929045593693748,0.94340897805387
gene-OO714_RS03910,-0.00950370521217528,9.30973496576073,0.929074682945567,0.94340897805387
gene-OO714_RS04300,0.0112864216776952,5.47883258089965,0.929397702386685,0.943467419103765
gene-OO714_RS09280,0.0139165129595098,7.60992042395025,0.930003468035769,0.943812771387528
gene-OO714_RS07665,0.0199386814304486,4.31285434214253,0.930493043730565,0.944040044938175
gene-OO714_RS06980,-0.076149949436911,1.26228301552808,0.930771192825885,0.94405274523493
gene-OO714_RS03280,0.0127007613509266,4.66235596965303,0.93168877059673,0.944713806191378
gene-OO714_RS04770,0.0090940202596071,8.31779868636871,0.935406681415513,0.948213161936889
gene-OO714_RS06500,-0.00804667349283156,8.23958587371056,0.937503044590728,0.950067242793113
gene-OO714_RS05500,-0.0150230370216637,5.39214078595291,0.93906743309792,0.951293774259112
gene-OO714_RS11955,-0.0396410753299487,1.61263532350248,0.939248692705466,0.951293774259112
gene-OO714_RS09525,-0.00928978591994256,5.53656869712515,0.94140173356331,0.953202780935614
gene-OO714_RS12085,0.00776289817024909,6.35782984585724,0.942574966991746,0.95411889281933
gene-OO714_RS12245,-0.0113907093472146,5.99476058984085,0.942981235450822,0.954258345897557
gene-OO714_RS00065,-0.00706734537426984,8.58932869725939,0.943974918255051,0.954991989603886
gene-OO714_RS07630,-0.00933571963911723,5.0388472523252,0.949294275820802,0.960100129842667
gene-OO714_RS02950,0.00880428822091389,6.43520898239966,0.950392721564048,0.960882700966441
gene-OO714_RS13635,0.00676004273970929,7.08518056038826,0.950608772256052,0.960882700966441
gene-OO714_RS15545,0.00811567442955777,7.15574671136088,0.950984737507486,0.960989410606086
gene-OO714_RS06835,0.0311089363713068,1.85376523179184,0.952492064132891,0.962238998274103
gene-OO714_RS04400,-0.00710728164249186,6.97983357023504,0.954874291718088,0.96437147847857
gene-OO714_RS01270,-0.015757709170002,10.6450914085807,0.956778702346348,0.966020314812193
gene-OO714_RS15960,-0.00512628943265228,10.6036804993927,0.959536526639033,0.968529626718297
gene-OO714_RS16805,0.00873592897186622,5.72911677294972,0.959984784224737,0.968706962843474
gene-OO714_RS09625,-0.00451392621935822,6.19175854419291,0.961113242121748,0.969570383905959
gene-OO714_RS05165,-0.0046905953265383,7.00566222627989,0.96435610805388,0.972565723048664
gene-OO714_RS06035,-0.0319558232963999,2.61339168049355,0.965600240809985,0.973382436234159
gene-OO714_RS04640,0.00686525994201559,5.89720026902624,0.965713694474295,0.973382436234159
gene-OO714_RS12575,0.00598941721302776,5.42386410368484,0.966606184717272,0.974005778419389
gene-OO714_RS11840,-0.0235720314818672,3.53839619023814,0.96842875507126,0.975565701678928
gene-OO714_RS01425,0.00492703326618519,8.00216505552294,0.969553530483784,0.976422002646463
gene-OO714_RS11775,0.00888245647557894,4.70283138646541,0.969933642108412,0.9765280917998
gene-OO714_RS04625,0.00579711957859905,5.2471295424775,0.97039743500934,0.976718347216991
gene-OO714_RS11495,-0.00476140518101852,5.47944196854834,0.97255729141845,0.978615122791951
gene-OO714_RS14055,0.00383009086032464,7.47954976364875,0.974167366815112,0.97995777573193
gene-OO714_RS03045,-0.00717262833241118,5.15183301121139,0.977621885831937,0.98315455072063
gene-OO714_RS03415,-0.00256503453745964,7.96775883381873,0.978687446055292,0.983947718042576
gene-OO714_RS09180,-0.00726972058512842,4.02905941749487,0.980997232402372,0.985990996594465
gene-OO714_RS07405,0.00307391017907488,9.63297931225877,0.982303732864549,0.98678506999611
gene-OO714_RS04775,0.00339609504370362,7.40523454894457,0.982342593597704,0.98678506999611
gene-OO714_RS03385,-0.00283750487889077,7.60454266060232,0.982868605514314,0.987022246417467
gene-OO714_RS02775,0.00192676991295618,4.08540860692114,0.983265670686554,0.987022246417467
gene-OO714_RS13735,-0.00238754636368595,6.56782252198481,0.983411866787915,0.987022246417467
gene-OO714_RS02645,0.00355189597181314,8.30060600522185,0.984383599761624,0.987718609134052
gene-OO714_RS06790,0.000915718038221548,4.85493204972311,0.985649148109859,0.988709306345593
gene-OO714_RS06075,-0.00331539762991424,4.31745204362932,0.987161273851093,0.989946717626068
gene-OO714_RS17025,-0.00226217749631071,9.07918850557137,0.988738946390289,0.991249143997486
gene-OO714_RS10060,0.00380889835612949,5.3824065115994,0.991961431060645,0.994199358711092
gene-OO714_RS17325,0.00135360775750145,11.4068763529926,0.994235743570891,0.995975247927956
gene-OO714_RS02295,-0.00289126413511399,6.75867567325333,0.994293804065388,0.995975247927956
gene-OO714_RS07855,0.00760288342087813,4.47838301061014,0.999999999999999,1
gene-OO714_RS06040,-0.0111933290126712,3.14601738633307,1,1
gene-OO714_RS03570,-0.0261308558446719,2.40058609298643,1,1
gene-OO714_RS12775,-0.0160584960244645,1.88453105830539,1,1
gene-OO714_RS07705,0.00531459119382994,3.87001537654405,1,1
gene-OO714_RS08090,-0.00108087038697987,4.18286209269062,1,1
